# Annotated with Bakta
# Software: v1.10.3
# Database: v5.1, full
# DOI: 10.1099/mgen.0.000685
# URL: github.com/oschwengers/bakta
#Sequence Id	Type	Start	Stop	Strand	Locus Tag	Gene	Product	DbXrefs
contig_1	oriV	1	628	?			origin of replication	
contig_1	cds	629	1579	+	JCMPNE_01		Initiator Rep protein domain-containing protein	RefSeq:WP_001031297.1, SO:0001217, UniParc:UPI000165E288, UniRef:UniRef100_B0V3W3, UniRef:UniRef50_N8ZUU3, UniRef:UniRef90_N8SM36
contig_1	cds	1576	1863	+	JCMPNE_02		hypothetical protein	RefSeq:WP_000857160.1, SO:0001217, UniParc:UPI000165E289, UniRef:UniRef100_B0V3W4, UniRef:UniRef50_V2UF41, UniRef:UniRef90_B0V3W4
contig_1	cds	2054	2596	-	JCMPNE_03		Sel1 repeat family protein	SO:0001217, UniParc:UPI0001711CF0, UniRef:UniRef100_B2C6S0, UniRef:UniRef50_A0A0E1FP32, UniRef:UniRef90_N8WR53
contig_1	cds	2851	3114	+	JCMPNE_04		Antitoxin	RefSeq:WP_000557944.1, SO:0001217, UniParc:UPI0002D05593, UniRef:UniRef100_B0V3W6, UniRef:UniRef50_A0A372MUT3, UniRef:UniRef90_A0A372MUT3
contig_1	cds	3101	3364	+	JCMPNE_05		Txe/YoeB family addiction module toxin	GO:0008219, RefSeq:WP_000184943.1, SO:0001217, UniParc:UPI0002CDC2AD, UniRef:UniRef100_A0A9X4E0D7, UniRef:UniRef50_P69348, UniRef:UniRef90_A0A380UEG6
contig_1	cds	3426	3728	-	JCMPNE_06		Mobilization protein	RefSeq:WP_000110201.1, SO:0001217, UniParc:UPI000165E28D, UniRef:UniRef100_A0A427W412, UniRef:UniRef50_A0A427W412, UniRef:UniRef90_A0A427W412
contig_1	cds	3939	5591	+	JCMPNE_07	mobQ	MobQ family relaxase	RefSeq:WP_001029311.1, SO:0001217, UniParc:UPI0005A15133, UniRef:UniRef100_B0V3W9, UniRef:UniRef50_A0A9E6MBV5, UniRef:UniRef90_N9S057
