# Annotated with Bakta
# Software: v1.10.3
# Database: v5.1, full
# DOI: 10.1099/mgen.0.000685
# URL: github.com/oschwengers/bakta
#Sequence Id	Type	Start	Stop	Strand	Locus Tag	Gene	Product	DbXrefs
contig_1	cds	144	1094	+	POGHFO_001	repM	replication initiation protein RepM	GO:0003887, GO:0006270, RefSeq:WP_001208779.1, SO:0001217, UniParc:UPI0001B8FB45, UniRef:UniRef100_N9HPE7, UniRef:UniRef50_N9S1Y6, UniRef:UniRef90_N9HPE7
contig_1	cds	1087	1662	+	POGHFO_002		DNA replication protein	RefSeq:WP_001096618.1, SO:0001217, UniParc:UPI0001B8FB44, UniRef:UniRef100_N8YGC0, UniRef:UniRef50_A0A1H3MUW0, UniRef:UniRef90_A0A146C3D4
contig_1	cds	1682	1825	+	POGHFO_003		hypothetical protein	RefSeq:WP_001125246.1, SO:0001217, UniParc:UPI000165E290, UniRef:UniRef100_D2X5U6, UniRef:UniRef50_N8RHC3, UniRef:UniRef90_N9SQ31
contig_1	cds	2269	2604	+	POGHFO_004		hypothetical protein	RefSeq:WP_001061698.1, SO:0001217, UniParc:UPI00004E1A15, UniRef:UniRef100_Q5DQT6, UniRef:UniRef50_D0T0C8, UniRef:UniRef90_N8TWA5
contig_1	cds	3099	3371	-	POGHFO_005	nadS	NadS family protein	RefSeq:WP_000369782.1, SO:0001217, UniParc:UPI0001B8FB4D, UniRef:UniRef100_A0A127SBM2, UniRef:UniRef50_V2UJT1, UniRef:UniRef90_V2UJT1
contig_1	cds	3364	3684	-	POGHFO_006		Toxin HigB-2	RefSeq:WP_000897309.1, SO:0001217, UniParc:UPI0001B8FB4C, UniRef:UniRef100_I4ZQH1, UniRef:UniRef50_N8TUQ7, UniRef:UniRef90_I4ZQH1
contig_1	cds	3871	4107	-	POGHFO_007		DUF4325 domain-containing protein	SO:0001217, UniRef:UniRef50_A0A1H3HXK4, UniRef:UniRef90_A0A0A3W7Y1
contig_1	cds	4135	4362	-	POGHFO_008		Transposase	RefSeq:WP_000921865.1, SO:0001217, UniParc:UPI000165EF10, UniRef:UniRef100_A0A0Q2FI22, UniRef:UniRef50_N8QAC7, UniRef:UniRef90_N9BCU9
contig_1	cds	4460	4675	-	POGHFO_009		CSD domain-containing protein	RefSeq:WP_000071892.1, SO:0001217, UniParc:UPI000165EF0F, UniRef:UniRef100_A0A0M0XWC5, UniRef:UniRef50_N8NWW5, UniRef:UniRef90_N8NWW5
contig_1	cds	5002	5514	-	POGHFO_010		DUF2975 domain-containing protein	RefSeq:WP_000064854.1, SO:0001217, UniParc:UPI0001B8FB4A, UniRef:UniRef100_D0CG59, UniRef:UniRef50_A0A6H3TR16, UniRef:UniRef90_D0CG59
contig_1	cds	5609	5968	-	POGHFO_011		Sel1 repeat protein	RefSeq:WP_000360920.1, SO:0001217, UniParc:UPI0001B8FB49, UniRef:UniRef100_N8ZW60, UniRef:UniRef50_N8ZW60, UniRef:UniRef90_N8ZW60
contig_1	cds	6077	6217	-	POGHFO_012		hypothetical protein	RefSeq:WP_001985218.1, SO:0001217, UniParc:UPI0001B8FB48, UniRef:UniRef100_N8ZPN4, UniRef:UniRef50_N8ZPN4, UniRef:UniRef90_N8ZPN4
contig_1	cds	6217	6588	-	POGHFO_013	copG	CopG family transcriptional regulator	RefSeq:WP_000504219.1, SO:0001217, UniParc:UPI0001A7BA89, UniRef:UniRef100_C5J514, UniRef:UniRef50_C5J514, UniRef:UniRef90_C5J514
contig_1	cds	6745	6933	+	POGHFO_014		hypothetical protein	
