# Annotated with Bakta
# Software: v1.10.3
# Database: v5.1, full
# DOI: 10.1099/mgen.0.000685
# URL: github.com/oschwengers/bakta
#Sequence Id	Type	Start	Stop	Strand	Locus Tag	Gene	Product	DbXrefs
contig_1	cds	99	437	-	MKNPBA_001		hypothetical protein	SO:0001217, UniParc:UPI0001FFC5DC, UniRef:UniRef100_X2FEM0, UniRef:UniRef50_X2FEM0, UniRef:UniRef90_X2FEM0
contig_1	oriV	345	661	?			origin of replication	
contig_1	cds	662	1612	+	MKNPBA_002	repM	replication initiation protein RepM	GO:0003887, GO:0006270, RefSeq:WP_001205343.1, SO:0001217, UniParc:UPI0000F2FC56, UniRef:UniRef100_A0A6C0NED7, UniRef:UniRef50_N9S1Y6, UniRef:UniRef90_N8VDC7
contig_1	cds	1605	2180	+	MKNPBA_003		DNA replication protein	RefSeq:WP_001096616.1, SO:0001217, UniParc:UPI000165E28F, UniRef:UniRef100_W0RY46, UniRef:UniRef50_A0A1H3MUW0, UniRef:UniRef90_A0A146C3D4
contig_1	cds	2200	2343	+	MKNPBA_004		hypothetical protein	RefSeq:WP_001125246.1, SO:0001217, UniParc:UPI000165E290, UniRef:UniRef100_D2X5U6, UniRef:UniRef50_N8RHC3, UniRef:UniRef90_N9SQ31
contig_1	cds	2822	3892	-	MKNPBA_005		hypothetical protein	PFAM:PF00107.30, PFAM:PF08240.16
contig_1	cds	4352	4639	+	MKNPBA_006	brnT	BrnT family toxin	RefSeq:WP_000438826.1, SO:0001217, UniParc:UPI0001FFC5DE, UniRef:UniRef100_Q5VLI7, UniRef:UniRef50_V2TTD7, UniRef:UniRef90_V2TTD7
contig_1	cds	4626	4940	+	MKNPBA_007		Toxin-antitoxin system, antitoxin component	RefSeq:WP_001983304.1, SO:0001217, UniParc:UPI0001AEF480, UniRef:UniRef100_E2DSQ1, UniRef:UniRef50_V2U998, UniRef:UniRef90_V2U998
contig_1	cds	5068	7479	+	MKNPBA_008	znuD2	TonB-dependent receptor ZnuD2	BlastRules:WP_000932945, RefSeq:WP_000932953.1, SO:0001217, UniParc:UPI000165E293, UniRef:UniRef100_W0RYA9, UniRef:UniRef50_N9M453, UniRef:UniRef90_N9M453
contig_1	cds	7784	8245	+	MKNPBA_009		Septicolysin	RefSeq:WP_000761346.1, SO:0001217, UniParc:UPI000165E294, UniRef:UniRef100_W0RY45, UniRef:UniRef50_N9Q7E9, UniRef:UniRef90_N8VLA4
contig_1	cds	8568	8741	-	MKNPBA_010	dksA	DksA C4-type domain-containing protein	RefSeq:WP_001282484.1, SO:0001217, UniParc:UPI000165E295, UniRef:UniRef100_A0A0D5YP30, UniRef:UniRef50_A0A241WCY8, UniRef:UniRef90_A0A0D5YP30
contig_1	cds	8741	9112	-	MKNPBA_011	copG	CopG family transcriptional regulator	RefSeq:WP_000504218.1, SO:0001217, UniParc:UPI000165E296, UniRef:UniRef100_W0RYD1, UniRef:UniRef50_C5J514, UniRef:UniRef90_C5J514
contig_1	cds	9384	9659	-	MKNPBA_012		(5' truncated) hypothetical protein	SO:0001217, UniRef:UniRef50_A0A024F854, UniRef:UniRef90_A0A024F854
