# Annotated with Bakta
# Software: v1.10.3
# Database: v5.1, full
# DOI: 10.1099/mgen.0.000685
# URL: github.com/oschwengers/bakta
#Sequence Id	Type	Start	Stop	Strand	Locus Tag	Gene	Product	DbXrefs
contig_1	cds	186	1121	+	EGFEDJ_001	repM	replication initiation protein RepM	GO:0003887, GO:0006270, RefSeq:WP_001292329.1, SO:0001217, UniParc:UPI00004E1A13, UniRef:UniRef100_Q5DQT8, UniRef:UniRef50_V2TDE4, UniRef:UniRef90_Q5DQT8
contig_1	cds	1199	1717	+	EGFEDJ_002		DNA-binding protein	RefSeq:WP_000839337.1, SO:0001217, UniParc:UPI00004E1A14, UniRef:UniRef100_Q5DQT7, UniRef:UniRef50_N8VLV5, UniRef:UniRef90_A0A1H7XN26
contig_1	cds	2166	2501	+	EGFEDJ_003		hypothetical protein	RefSeq:WP_001061698.1, SO:0001217, UniParc:UPI00004E1A15, UniRef:UniRef100_Q5DQT6, UniRef:UniRef50_D0T0C8, UniRef:UniRef90_N8TWA5
contig_1	cds	3043	3399	+	EGFEDJ_004		Diaminopimelate decarboxylase	RefSeq:WP_000269904.1, SO:0001217, UniParc:UPI00004E1A16, UniRef:UniRef100_Q5DQT5, UniRef:UniRef50_C6DDP0, UniRef:UniRef90_N9MX24
contig_1	cds	3392	3694	+	EGFEDJ_005		HTH cro/C1-type domain-containing protein	RefSeq:WP_001129974.1, SO:0001217, UniParc:UPI00004E1A17, UniRef:UniRef100_Q5DQT4, UniRef:UniRef50_N8R4X2, UniRef:UniRef90_N9NT13
contig_1	cds	3687	3896	+	EGFEDJ_006		hypothetical protein	RefSeq:WP_000069474.1, SO:0001217, UniParc:UPI0001AEF491, UniRef:UniRef100_A0A0K9ATP3, UniRef:UniRef50_V2UXF2, UniRef:UniRef90_A0A1S2G5J0
contig_1	cds	4047	4589	+	EGFEDJ_007		Sel1 repeat family protein	SO:0001217, UniParc:UPI00004E1A18, UniRef:UniRef100_A0A140A0P6, UniRef:UniRef50_A0A0E1FP32, UniRef:UniRef90_N8WR53
contig_1	cds	4628	5140	+	EGFEDJ_008		Knr4/Smi1-like domain-containing protein	RefSeq:WP_001089573.1, SO:0001217, UniParc:UPI00004E1A19, UniRef:UniRef100_Q5DQT2, UniRef:UniRef50_A0A062HH10, UniRef:UniRef90_A0A062HH10
contig_1	cds	5245	5766	+	EGFEDJ_009		Organic hydroperoxide resistance protein	SO:0001217, UniRef:UniRef50_N9QQ80, UniRef:UniRef90_N9QQ80
contig_1	cds	5773	6204	+	EGFEDJ_010		HTH marR-type domain-containing protein	RefSeq:WP_000042163.1, SO:0001217, UniParc:UPI00004E1A1B, UniRef:UniRef100_N9PE01, UniRef:UniRef50_N9PE01, UniRef:UniRef90_N9PE01
contig_1	cds	6437	6700	-	EGFEDJ_011		Initiator Rep protein domain-containing protein	SO:0001217, UniParc:UPI0002B81F58, UniRef:UniRef100_A0A5P1I693, UniRef:UniRef50_N9BFM1, UniRef:UniRef90_A0A0E2GHN3
contig_1	cds	6894	7766	-	EGFEDJ_012		CHAD domain-containing protein	RefSeq:WP_253952619.1, SO:0001217, UniParc:UPI0004E2C22B, UniRef:UniRef100_A0A2P1B0B6, UniRef:UniRef50_A0A1H3NEL2, UniRef:UniRef90_A0A014DEU0
contig_1	cds	8038	9129	+	EGFEDJ_013		MobA/MobL protein domain-containing protein	RefSeq:WP_001985226.1, SO:0001217, UniParc:UPI0001B8FB4F, UniRef:UniRef100_Q5DQS8, UniRef:UniRef50_N8W191, UniRef:UniRef90_N8U053
contig_1	cds	9104	9313	+	EGFEDJ_014		hypothetical protein	SO:0001217, UniRef:UniRef50_UPI001BB2EA4D, UniRef:UniRef90_UPI001BB2B06B
contig_1	cds	9279	9458	-	EGFEDJ_015		hypothetical protein	SO:0001217, UniRef:UniRef50_UPI00208F76AB
