# Annotated with Bakta
# Software: v1.10.3
# Database: v5.1, full
# DOI: 10.1099/mgen.0.000685
# URL: github.com/oschwengers/bakta
#Sequence Id	Type	Start	Stop	Strand	Locus Tag	Gene	Product	DbXrefs
contig_1	oriV	2	745	?			origin of replication	
contig_1	cds	746	1918	+	LONMNH_001		Initiator Rep protein domain-containing protein	RefSeq:WP_000064928.1, SO:0001217, UniParc:UPI000165E29D, UniRef:UniRef100_A0A075MD60, UniRef:UniRef50_A0A3D2SPB5, UniRef:UniRef90_N9BUS1
contig_1	cds	2049	2267	-	LONMNH_002		IS4 family Transposase	SO:0001217, UniParc:UPI00044F16E2, UniRef:UniRef100_A0A009LA08, UniRef:UniRef50_S9ZTT8, UniRef:UniRef90_A0A009LA08
contig_1	cds	2298	2918	-	LONMNH_003		IS5 family transposase	GO:0004803, SO:0001217, UniRef:UniRef50_Q93KY5, UniRef:UniRef90_A0A009M5I1
contig_1	cds	3147	5852	-	LONMNH_004	uvrA	excinuclease ABC subunit UvrA	GO:0006289, GO:0009380, GO:0009381, SO:0001217, UniParc:UPI000165E370, UniRef:UniRef100_K9C9Q5, UniRef:UniRef50_A0A221NKC0, UniRef:UniRef90_D0T092
contig_1	sorf	5857	5934	-	LONMNH_005	tnp	IS256 family ISAba26 transposase	GO:0004803, SO:0001217, UniParc:UPI000299D959, UniRef:UniRef100_A0A014CHY3, UniRef:UniRef50_A0A2X1KSV5, UniRef:UniRef90_A0A241W165
contig_1	cds	6166	7080	-	LONMNH_006		IS256 family transposase	GO:0004803, SO:0001217, UniParc:UPI00029E0A8A, UniRef:UniRef100_A0A075M8Q1, UniRef:UniRef50_A0A829RCC5, UniRef:UniRef90_A0A829RCC5
contig_1	cds	7174	8151	-	LONMNH_007		Enoyl reductase (ER) domain-containing protein	RefSeq:WP_000276416.1, SO:0001217, UniParc:UPI000165E371, UniRef:UniRef100_A0A075MD65, UniRef:UniRef50_Q3J6K9, UniRef:UniRef90_N9BJT7
contig_1	cds	8468	9220	+	LONMNH_008	tnp	IS5 family transposase	GO:0004803, SO:0001217, UniRef:UniRef50_N8ZRP1, UniRef:UniRef90_A0A315WJL4
contig_1	cds	9765	9959	-	LONMNH_009		HTH cro/C1-type domain-containing protein	SO:0001217, UniParc:UPI00029EAA97, UniRef:UniRef100_A0A0Q1DMV4, UniRef:UniRef50_N8TUX5, UniRef:UniRef90_N8QC61
contig_1	cds	10052	10432	+	LONMNH_010		hypothetical protein	SO:0001217, UniParc:UPI000165E372, UniRef:UniRef100_B0V3Z4, UniRef:UniRef50_B0V3Z4, UniRef:UniRef90_B0V3Z4
contig_1	cds	10964	12163	-	LONMNH_011		Tyr recombinase domain-containing protein	RefSeq:WP_000059636.1, SO:0001217, UniParc:UPI000165E373, UniRef:UniRef100_A0A2P1B0P7, UniRef:UniRef50_V2UE82, UniRef:UniRef90_N8QC58
contig_1	cds	12463	12894	+	LONMNH_012		Peptidase C-terminal archaeal/bacterial domain-containing protein	RefSeq:WP_000684953.1, SO:0001217, UniParc:UPI000165E374, UniRef:UniRef100_A0A075MD70, UniRef:UniRef50_N9M378, UniRef:UniRef90_N9M378
contig_1	cds	13309	13947	-	LONMNH_013		GST N-terminal domain-containing protein	RefSeq:WP_000631290.1, SO:0001217, UniParc:UPI000165E375, UniRef:UniRef100_A0A022IY00, UniRef:UniRef50_A0A380MZZ1, UniRef:UniRef90_N8YUK7
contig_1	cds	13963	14982	-	LONMNH_014		2-alkenal reductase	RefSeq:WP_000859510.1, SO:0001217, UniParc:UPI000165E376, UniRef:UniRef100_A0A1C2M5N3, UniRef:UniRef50_P76113, UniRef:UniRef90_A0A335R796
contig_1	cds	15127	15732	+	LONMNH_015		HTH tetR-type domain-containing protein	RefSeq:WP_000805351.1, SO:0001217, UniParc:UPI000165E377, UniRef:UniRef100_A0A022IXS3, UniRef:UniRef50_S3N8J0, UniRef:UniRef90_N8WZP0
contig_1	cds	15840	16070	+	LONMNH_016		DUF2798 domain-containing protein	RefSeq:WP_001088959.1, SO:0001217, UniParc:UPI000165E378, UniRef:UniRef100_A0A075M8R1, UniRef:UniRef50_N9NQ87, UniRef:UniRef90_N9NQ87
contig_1	cds	16154	17281	-	LONMNH_017		NADH:flavin oxidoreductase/NADH oxidase N-terminal domain-containing protein	RefSeq:WP_000655283.1, SO:0001217, UniParc:UPI000165E379, UniRef:UniRef100_A0A075MD73, UniRef:UniRef50_A0A653AXW6, UniRef:UniRef90_N8X0Q5
contig_1	cds	17485	18162	-	LONMNH_018		Dimethylallyltransferase	RefSeq:WP_000697979.1, SO:0001217, UniParc:UPI00029805EB, UniRef:UniRef100_B0V402, UniRef:UniRef50_A0A1L5MQX6, UniRef:UniRef90_A0A1L5MQX6
contig_1	cds	18248	19405	-	LONMNH_019	gldA	Alcohol dehydrogenase iron-type/glycerol dehydrogenase GldA domain-containing protein	RefSeq:WP_000931663.1, SO:0001217, UniParc:UPI000165E37B, UniRef:UniRef100_A0A075M7U9, UniRef:UniRef50_Q8E925, UniRef:UniRef90_N8VLF6
contig_1	cds	20005	20307	-	LONMNH_020		ABM domain-containing protein	RefSeq:WP_000920558.1, SO:0001217, UniParc:UPI000165E37C, UniRef:UniRef100_A0A241Z7J5, UniRef:UniRef50_Q1H240, UniRef:UniRef90_N9KLB8
contig_1	cds	20642	21472	-	LONMNH_021	fghA	S-formylglutathione hydrolase	EC:3.1.2.12, GO:0018738, GO:0046292, RefSeq:WP_000402510.1, SO:0001217, UniParc:UPI0001B8E927, UniRef:UniRef100_B0V406, UniRef:UniRef50_A0A239RSM2, UniRef:UniRef90_A0A239RSM2
contig_1	cds	21701	22813	-	LONMNH_022		S-(hydroxymethyl)glutathione dehydrogenase/class III alcohol dehydrogenase	GO:0004024, GO:0006113, GO:0009404, GO:0051903, RefSeq:WP_000842149.1, SO:0001217, UniParc:UPI000165E37E, UniRef:UniRef100_K2GI88, UniRef:UniRef50_Q17335, UniRef:UniRef90_A0A239RTB7
contig_1	cds	22835	23110	-	LONMNH_023	frmR	Transcriptional repressor frmR	RefSeq:WP_001133624.1, SO:0001217, UniParc:UPI000165E37F, UniRef:UniRef100_K2EV36, UniRef:UniRef50_Q6FB54, UniRef:UniRef90_N8VLG0
contig_1	cds	23945	24904	+	LONMNH_024		HTH-type transcriptional regulator (AraC family)	RefSeq:WP_000941154.1, SO:0001217, UniParc:UPI000297CAF7, UniRef:UniRef100_B0V411, UniRef:UniRef50_N8R036, UniRef:UniRef90_B0V411
contig_1	cds	25020	26258	+	LONMNH_025		Creatinase	RefSeq:WP_001094923.1, SO:0001217, UniParc:UPI000165E381, UniRef:UniRef100_A0A1C2UHH1, UniRef:UniRef50_A0A7M7PGS4, UniRef:UniRef90_A0A009ME49
contig_1	cds	26315	27607	+	LONMNH_026		Major facilitator superfamily (MFS) profile domain-containing protein	RefSeq:WP_000794339.1, SO:0001217, UniParc:UPI000165E382, UniRef:UniRef100_A0A075M7V9, UniRef:UniRef50_A0A653LFF5, UniRef:UniRef90_N8SEU8
contig_1	cds	27620	28534	+	LONMNH_027	yddG	aromatic amino acid DMT transporter YddG	GO:0016020, RefSeq:WP_000925802.1, SO:0001217, UniParc:UPI000165E44F, UniRef:UniRef100_A0A075M961, UniRef:UniRef50_A1TLZ3, UniRef:UniRef90_N8S9N9
contig_1	cds	28975	29133	+	LONMNH_028		hypothetical protein	
contig_1	cds	29906	30901	+	LONMNH_029		Enoyl reductase (ER) domain-containing protein	RefSeq:WP_001038516.1, SO:0001217, UniParc:UPI000165E450, UniRef:UniRef100_A0A075M975, UniRef:UniRef50_A0A198FCF8, UniRef:UniRef90_N8WZP7
contig_1	cds	30891	31907	+	LONMNH_030		Enoyl reductase (ER) domain-containing protein	RefSeq:WP_000009381.1, SO:0001217, UniParc:UPI0001CF7C1D, UniRef:UniRef100_B0V419, UniRef:UniRef50_N8VMT3, UniRef:UniRef90_N8VMT3
contig_1	cds	31958	32920	-	LONMNH_031		HTH lysR-type domain-containing protein	SO:0001217, UniParc:UPI000165E452, UniRef:UniRef100_A0A075M966, UniRef:UniRef50_N8VTU2, UniRef:UniRef90_N8VTU2
contig_1	cds	32993	33733	+	LONMNH_032		Oxidoreductase	RefSeq:WP_001059480.1, SO:0001217, UniParc:UPI00029A1804, UniRef:UniRef100_B0V421, UniRef:UniRef50_A0A0H3KZ18, UniRef:UniRef90_N8VMI9
contig_1	cds	33807	34805	+	LONMNH_033		Zinc-type alcohol dehydrogenase-like protein	RefSeq:WP_000649020.1, SO:0001217, UniParc:UPI000165E454, UniRef:UniRef100_A0A1C2TEY2, UniRef:UniRef50_A0A0A8TR88, UniRef:UniRef90_N8UEZ9
contig_1	cds	34826	35110	+	LONMNH_034		ABM domain-containing protein	RefSeq:WP_000155817.1, SO:0001217, UniParc:UPI000165E455, UniRef:UniRef100_A0A062GFB6, UniRef:UniRef50_N9NQ71, UniRef:UniRef90_N9NQ71
contig_1	cds	35828	36394	+	LONMNH_035		Sel1 repeat family protein	SO:0001217, UniParc:UPI0000F2FC52, UniRef:UniRef100_A0A140A0P6, UniRef:UniRef50_A0A0E1FP32, UniRef:UniRef90_N8WR53
contig_1	cds	36526	37038	+	LONMNH_036		Knr4/Smi1-like domain-containing protein	RefSeq:WP_001089570.1, SO:0001217, UniParc:UPI000165E457, UniRef:UniRef100_A0A075MD93, UniRef:UniRef50_A0A062HH10, UniRef:UniRef90_A0A062GER2
contig_1	cds	37246	38148	+	LONMNH_037		hypothetical protein	RefSeq:WP_000466974.1, SO:0001217, UniParc:UPI00029DF996, UniRef:UniRef100_K9CKL5, UniRef:UniRef50_A0A158LM17, UniRef:UniRef90_A0A158LM17
contig_1	cds	38405	38650	+	LONMNH_038		type II toxin-antitoxin system RelB/DinJ family antitoxin	RefSeq:WP_000246757.1, SO:0001217, UniParc:UPI000165E459, UniRef:UniRef100_A0A075M7X0, UniRef:UniRef50_V2TXN3, UniRef:UniRef90_N8NYF1
contig_1	cds	38640	38933	+	LONMNH_039		RelE/StbE family addiction module toxin	RefSeq:WP_000221360.1, SO:0001217, UniParc:UPI000165E45A, UniRef:UniRef100_A0A075M978, UniRef:UniRef50_N8QD15, UniRef:UniRef90_N8QD15
contig_1	cds	40251	40559	+	LONMNH_040		Diaminopimelate decarboxylase	RefSeq:WP_000269910.1, SO:0001217, UniParc:UPI000165E45B, UniRef:UniRef100_A0A075MD97, UniRef:UniRef50_C6DDP0, UniRef:UniRef90_N9MX24
contig_1	cds	40600	40902	+	LONMNH_041		Helix-turn-helix family protein	RefSeq:WP_001140619.1, SO:0001217, UniParc:UPI0000F34A22, UniRef:UniRef100_A0A009M6M6, UniRef:UniRef50_N8R4X2, UniRef:UniRef90_A0A009M6M6
contig_1	cds	40895	41104	+	LONMNH_042		hypothetical protein	RefSeq:WP_000069470.1, SO:0001217, UniParc:UPI000165E45C, UniRef:UniRef100_B0V433, UniRef:UniRef50_V2UXF2, UniRef:UniRef90_V2UXF2
contig_1	cds	41214	41441	-	LONMNH_043		Initiator Rep protein domain-containing protein	RefSeq:WP_000555567.1, SO:0001217, UniParc:UPI000165E45D, UniRef:UniRef100_A0A075M7X5, UniRef:UniRef50_N9BFM1, UniRef:UniRef90_N8QRV6
contig_1	cds	41715	41855	-	LONMNH_044		hypothetical protein	SO:0001217, UniRef:UniRef50_B0V435, UniRef:UniRef90_B0V435
contig_1	cds	42250	42510	-	LONMNH_045		HTH-type transcriptional regulator (Cro family)	SO:0001217, UniParc:UPI00029CA8CE, UniRef:UniRef100_B0V436, UniRef:UniRef50_N8R4X2, UniRef:UniRef90_B0V436
contig_1	cds	42503	42859	-	LONMNH_046		Diaminopimelate decarboxylase	RefSeq:WP_000269908.1, SO:0001217, UniParc:UPI000165E460, UniRef:UniRef100_A0A075MDA1, UniRef:UniRef50_C6DDP0, UniRef:UniRef90_N9MX24
contig_1	cds	43417	44100	+	LONMNH_047		hypothetical protein	RefSeq:WP_000478902.1, SO:0001217, UniParc:UPI000165E462, UniRef:UniRef100_A0A062GD51, UniRef:UniRef50_A0A062GD51, UniRef:UniRef90_A0A062GD51
contig_1	cds	44354	44833	+	LONMNH_048		IS3 family transposase	GO:0004803, SO:0001217, UniParc:UPI0001CF7C18, UniRef:UniRef100_A0A062GF75, UniRef:UniRef50_A0A7U6KMI3, UniRef:UniRef90_N9NS95
contig_1	cds	45076	45396	+	LONMNH_049		Antitoxin	RefSeq:WP_001081101.1, SO:0001217, UniParc:UPI0001B8FE53, UniRef:UniRef100_A0A062G5D9, UniRef:UniRef50_N9T8J6, UniRef:UniRef90_A0A009HDS6
contig_1	cds	45667	47622	-	LONMNH_050		AAA family ATPase	RefSeq:WP_000593543.1, SO:0001217, UniParc:UPI000165E464, UniRef:UniRef100_A0A075M994, UniRef:UniRef50_A0A833PIC7, UniRef:UniRef90_A0A075M994
contig_1	cds	47714	48343	-	LONMNH_051		IS3 family transposase	GO:0004803, SO:0001217, UniParc:UPI00029E251B, UniRef:UniRef100_A0A075M7Y1, UniRef:UniRef50_N8Y3S2, UniRef:UniRef90_A0A075M7Y1
contig_1	cds	48393	48602	-	LONMNH_052		hypothetical protein	
contig_1	cds	48599	48877	-	LONMNH_053		Transposase	SO:0001217, UniParc:UPI00029E3C6B, UniRef:UniRef100_B0V446, UniRef:UniRef50_B6CGY0, UniRef:UniRef90_N9P218
contig_1	cds	49045	53775	-	LONMNH_054		DNA2/NAM7 helicase-like C-terminal domain-containing protein	RefSeq:WP_000653919.1, SO:0001217, UniParc:UPI00029EAF7D, UniRef:UniRef100_B0V447, UniRef:UniRef50_N8VJJ3, UniRef:UniRef90_N8VJJ3
contig_1	cds	53839	55878	-	LONMNH_055	brxL	BREX system Lon protease-like protein BrxL	COG:COG4930, COG:O, GO:0004176, GO:0030163, RefSeq:WP_000443160.1, SO:0001217, UniParc:UPI000165E532, UniRef:UniRef100_A0A075M997, UniRef:UniRef50_P0DUG1, UniRef:UniRef90_A0A6S4URK8
contig_1	cds	55908	58532	-	LONMNH_056	pglZ	BREX-1 system phosphatase PglZ type A	GO:0003824, RefSeq:WP_001047021.1, SO:0001217, UniParc:UPI000165E533, UniRef:UniRef100_A0A075M7Y6, UniRef:UniRef50_A0A7X5ANV9, UniRef:UniRef90_A0A7U4NJG8
contig_1	cds	58529	59899	-	LONMNH_057		Chromosome partition protein Smc	RefSeq:WP_001030448.1, SO:0001217, UniParc:UPI000165E534, UniRef:UniRef100_A0A075M9A2, UniRef:UniRef50_A0A1L6KSN0, UniRef:UniRef90_A0A1L6KSN0
contig_1	cds	59896	63429	-	LONMNH_058	pglX	BREX-1 system adenine-specific DNA-methyltransferase PglX	EC:2.1.1.72, GO:0003677, GO:0006306, GO:0008170, RefSeq:WP_001098044.1, SO:0001217, UniParc:UPI000165E535, UniRef:UniRef100_A0A1C2MPN4, UniRef:UniRef50_A0A2V1GZI7, UniRef:UniRef90_A0A1C2MPN4
contig_1	cds	63476	67156	-	LONMNH_059	brxC	ATPase	RefSeq:WP_001021844.1, SO:0001217, UniParc:UPI00030E6462, UniRef:UniRef100_B0V452, UniRef:UniRef50_V2UEB8, UniRef:UniRef90_V2UEB8
contig_1	cds	67197	67772	-	LONMNH_060		DUF1788 domain-containing protein	RefSeq:WP_000078544.1, SO:0001217, UniParc:UPI000165E537, UniRef:UniRef100_A0A075M7Z0, UniRef:UniRef50_Q2W5N2, UniRef:UniRef90_N9M8Y5
contig_1	cds	67789	68400	-	LONMNH_061		Inner membrane protein	RefSeq:WP_000893011.1, SO:0001217, UniParc:UPI0001CF7C12, UniRef:UniRef100_B0V454, UniRef:UniRef50_V2TXT5, UniRef:UniRef90_V2TXT5
contig_1	cds	68411	69277	-	LONMNH_062		WYL domain-containing protein	RefSeq:WP_025464207.1, SO:0001217, UniParc:UPI0002DA403D, UniRef:UniRef100_B0V455, UniRef:UniRef50_A0A109L809, UniRef:UniRef90_V2U9M1
contig_1	cds	69938	70033	-	LONMNH_063		hypothetical protein	
contig_1	cds	70073	70585	-	LONMNH_064		Cell filamentation protein fic	RefSeq:WP_000464612.1, SO:0001217, UniParc:UPI00029EAD04, UniRef:UniRef100_A0A075MDB6, UniRef:UniRef50_A0A075MDB6, UniRef:UniRef90_A0A075MDB6
contig_1	cds	70588	70773	-	LONMNH_065	vbhA	Antitoxin VbhA domain-containing protein	RefSeq:WP_000755724.1, SO:0001217, UniParc:UPI000165E53A, UniRef:UniRef100_A0A075M9A5, UniRef:UniRef50_A0A0A8TLM0, UniRef:UniRef90_A0A0A8TLM0
contig_1	cds	71120	71872	+	LONMNH_066	tnp	IS5 family transposase	GO:0004803, SO:0001217, UniRef:UniRef50_V2VQH4, UniRef:UniRef90_V2VQH4
contig_1	cds	72003	72197	-	LONMNH_067		Transposase	RefSeq:WP_001176489.1, SO:0001217, UniParc:UPI000165E5FA, UniRef:UniRef100_A0A1C2Q3Q4, UniRef:UniRef50_A0A4Q4GRZ2, UniRef:UniRef90_A0A1C2Q3Q4
contig_1	cds	72293	72511	-	LONMNH_068		Phage tail fiber protein	RefSeq:WP_000994925.1, SO:0001217, UniParc:UPI00029E9825, UniRef:UniRef100_A0A075M8W8, UniRef:UniRef50_A0A075M8W8, UniRef:UniRef90_A0A075M8W8
contig_1	cds	72568	73242	-	LONMNH_069		Phage-related protein	RefSeq:WP_002120143.1, SO:0001217, UniParc:UPI0001CF7C11, UniRef:UniRef100_B0V463, UniRef:UniRef50_B0V463, UniRef:UniRef90_B0V463
contig_1	cds	73377	73646	+	LONMNH_070		Transcriptional regulator	RefSeq:WP_000453245.1, SO:0001217, UniParc:UPI000165E5FD, UniRef:UniRef100_A0A075M800, UniRef:UniRef50_N8QU44, UniRef:UniRef90_N8QU44
contig_1	cds	73701	74030	+	LONMNH_071		Type II toxin-antitoxin system RelE/ParE family toxin	RefSeq:WP_000288004.1, SO:0001217, UniParc:UPI000165E5FE, UniRef:UniRef100_A0A075M9B6, UniRef:UniRef50_A0A2A5CAF6, UniRef:UniRef90_A0A075M9B6
contig_1	cds	74017	74304	+	LONMNH_072		Helix-turn-helix family protein	RefSeq:WP_001258993.1, SO:0001217, UniParc:UPI000165E5FF, UniRef:UniRef100_A0A075M8X3, UniRef:UniRef50_A0A242UA08, UniRef:UniRef90_A0A009SQA9
contig_1	cds	74341	74529	-	LONMNH_073		hypothetical protein	RefSeq:WP_000340067.1, SO:0001217, UniParc:UPI0001CF7C10, UniRef:UniRef100_A0A075MDC5, UniRef:UniRef50_A0A2I8CXR2, UniRef:UniRef90_A0A075MDC5
contig_1	cds	74533	74652	-	LONMNH_074		hypothetical protein	SO:0001217, UniParc:UPI00029E08D6, UniRef:UniRef100_K9C5V7, UniRef:UniRef50_K9C5V7, UniRef:UniRef90_K9C5V7
contig_1	sorf	75201	75275	-	LONMNH_075		DUF4236 domain-containing protein	SO:0001217, UniParc:UPI000993312F, UniRef:UniRef100_A0A241Y3C4, UniRef:UniRef50_B0VNQ8, UniRef:UniRef90_A0A241Y3C4
contig_1	cds	75532	75855	-	LONMNH_076		Signal peptide-containing protein	RefSeq:WP_005804845.1, SO:0001217, UniParc:UPI000165E603, UniRef:UniRef100_A0A7H2RXK0, UniRef:UniRef50_A0A858S5S0, UniRef:UniRef90_A0A2I8CPN8
contig_1	cds	76201	76719	-	LONMNH_077		Terminase	SO:0001217, UniParc:UPI00029EB8D0, UniRef:UniRef100_B0V471, UniRef:UniRef50_B0V471, UniRef:UniRef90_B0V471
contig_1	cds	76703	76954	-	LONMNH_078		DUF2280 domain-containing protein	SO:0001217, UniParc:UPI00029DFD94, UniRef:UniRef100_K9BXE9, UniRef:UniRef50_N9LM60, UniRef:UniRef90_N8S6M0
contig_1	cds	76957	77208	-	LONMNH_079		DUF2280 domain-containing protein	SO:0001217, UniParc:UPI0001CF7C0E, UniRef:UniRef100_A0A075M808, UniRef:UniRef50_A0A075M808, UniRef:UniRef90_A0A075M808
contig_1	cds	77317	77958	-	LONMNH_080		Putative phage metallopeptidase domain-containing protein	RefSeq:WP_000372120.1, SO:0001217, UniParc:UPI000165E605, UniRef:UniRef100_A0A075M9C5, UniRef:UniRef50_Q6FAD7, UniRef:UniRef90_D8JEL2
contig_1	cds	77927	78388	-	LONMNH_081		DUF559 domain-containing protein	RefSeq:WP_000378528.1, SO:0001217, UniParc:UPI000165E606, UniRef:UniRef100_A0A075M8Y3, UniRef:UniRef50_N9N0X8, UniRef:UniRef90_A0A204EX13
contig_1	cds	78449	78904	-	LONMNH_082		hypothetical protein	RefSeq:WP_001136766.1, SO:0001217, UniParc:UPI000165E607, UniRef:UniRef100_A0A7H2Y5Q5, UniRef:UniRef50_N8QXR9, UniRef:UniRef90_K9AES8
contig_1	cds	79566	79802	-	LONMNH_083		hypothetical protein	RefSeq:WP_000152660.1, SO:0001217, UniParc:UPI0001D319AB, UniRef:UniRef100_B0V477, UniRef:UniRef50_B0V477, UniRef:UniRef90_B0V477
contig_1	cds	79995	80147	-	LONMNH_084		hypothetical protein	RefSeq:WP_000245255.1, SO:0001217, UniParc:UPI000165E609, UniRef:UniRef100_A0A075M9C8, UniRef:UniRef50_A0A242UCL3, UniRef:UniRef90_A0A242UCL3
contig_1	cds	80214	80684	-	LONMNH_085	ninB	NinB family protein	RefSeq:WP_000395699.1, SO:0001217, UniParc:UPI000344B057, UniRef:UniRef100_B0V479, UniRef:UniRef50_N9LJP8, UniRef:UniRef90_B0V479
contig_1	cds	80900	83644	-	LONMNH_086		Tyr recombinase domain-containing protein	RefSeq:WP_000264435.1, SO:0001217, UniParc:UPI000165E60B, UniRef:UniRef100_B0V480, UniRef:UniRef50_N9M263, UniRef:UniRef90_N9M263
contig_1	cds	83693	84100	-	LONMNH_087		Tyr recombinase domain-containing protein	SO:0001217, UniParc:UPI000165E60C, UniRef:UniRef100_A0A075MDD6, UniRef:UniRef50_N9M263, UniRef:UniRef90_N9M263
contig_1	cds	84105	86456	-	LONMNH_088		Integrase	RefSeq:WP_001124154.1, SO:0001217, UniParc:UPI000165E60D, UniRef:UniRef100_A0A1C2MD64, UniRef:UniRef50_N8VT23, UniRef:UniRef90_A0A0M1HUR4
contig_1	cds	86469	86933	-	LONMNH_089		Transmembrane protein	RefSeq:WP_000911012.1, SO:0001217, UniParc:UPI000165E60E, UniRef:UniRef100_B0V483, UniRef:UniRef50_B0V483, UniRef:UniRef90_B0V483
contig_1	cds	87137	87610	+	LONMNH_090		hypothetical protein	
contig_1	cds	89486	89791	+	LONMNH_091		HTH cro/C1-type domain-containing protein	RefSeq:WP_000366815.1, SO:0001217, UniParc:UPI000165E60F, UniRef:UniRef100_A0A075M9D7, UniRef:UniRef50_A0A2A2K2A4, UniRef:UniRef90_N9N8K2
contig_1	cds	89791	90321	+	LONMNH_092	hipA	HipA N-terminal subdomain 1 domain-containing protein	SO:0001217, UniRef:UniRef50_N8QC37
contig_1	cds	90293	91042	+	LONMNH_093		HipA-like N-terminal domain protein	EC:2.7.11.1, KEGG:K07154, SO:0001217, UniRef:UniRef50_N8PVY4, UniRef:UniRef90_A0A062GKG4
contig_1	cds	91548	92402	-	LONMNH_094		Alkaline phosphatase family protein	EC:3.1.3.1, KEGG:K01077, RefSeq:WP_000964375.1, SO:0001217, UniParc:UPI0001CF7C24, UniRef:UniRef100_A0A1C2Q914, UniRef:UniRef50_A0A335GFJ5, UniRef:UniRef90_A0A014C3H7
contig_1	cds	92551	93450	-	LONMNH_095		ParB/Sulfiredoxin domain-containing protein	RefSeq:WP_000254418.1, SO:0001217, UniParc:UPI000165E610, UniRef:UniRef100_A0A1C2UFH7, UniRef:UniRef50_V2TXR3, UniRef:UniRef90_N8UJT6
contig_1	cds	93469	94245	-	LONMNH_096		AAA domain-containing protein	RefSeq:WP_000104830.1, SO:0001217, UniParc:UPI000165E611, UniRef:UniRef100_A0A1S2G8B6, UniRef:UniRef50_N8NX89, UniRef:UniRef90_N8NX89
