# Annotated with Bakta
# Software: v1.10.3
# Database: v5.1, full
# DOI: 10.1099/mgen.0.000685
# URL: github.com/oschwengers/bakta
#Sequence Id	Type	Start	Stop	Strand	Locus Tag	Gene	Product	DbXrefs
contig_1	cds	36	1286	+	DFGKGD_01		Replication protein	RefSeq:WP_001180321.1, SO:0001217, UniParc:UPI000165E298, UniRef:UniRef100_B0V3Y1, UniRef:UniRef50_A0A0H5Q279, UniRef:UniRef90_B0V3Y1
contig_1	cds	1384	1599	+	DFGKGD_02		hypothetical protein	RefSeq:WP_001262269.1, SO:0001217, UniParc:UPI000165E299, UniRef:UniRef100_B0V3Y2, UniRef:UniRef50_B0V3Y2, UniRef:UniRef90_B0V3Y2
contig_1	cds	1877	2224	+	DFGKGD_03		hypothetical protein	SO:0001217, UniRef:UniRef50_N9TKX0, UniRef:UniRef90_B0V3Y3
contig_1	cds	2217	2390	+	DFGKGD_04		hypothetical protein	RefSeq:WP_162097781.1, SO:0001217, UniParc:UPI001389543B, UniRef:UniRef100_B0V3Y4, UniRef:UniRef50_B0V3Y4, UniRef:UniRef90_B0V3Y4
contig_1	cds	2387	2677	+	DFGKGD_05		Single-strand binding protein family protein	RefSeq:WP_000593064.1, SO:0001217, UniParc:UPI000165E29C, UniRef:UniRef100_X2FFZ8, UniRef:UniRef50_A0A240EEN2, UniRef:UniRef90_A0A240EEN2
