# Annotated with Bakta
# Software: v1.10.3
# Database: v5.1, full
# DOI: 10.1099/mgen.0.000685
# URL: github.com/oschwengers/bakta
#Sequence Id	Type	Start	Stop	Strand	Locus Tag	Gene	Product	DbXrefs
contig_1	cds	3	185	+	BDPKMC_01		(5' truncated) hypothetical protein	
contig_1	cds	178	351	+	BDPKMC_02		hypothetical protein	RefSeq:WP_162268286.1, SO:0001217, UniParc:UPI0007AA3A12, UniRef:UniRef100_A0A0R3EBE0, UniRef:UniRef50_B0V3Y4, UniRef:UniRef90_B0V3Y4
contig_1	cds	348	638	+	BDPKMC_03		Single-strand binding protein family protein	RefSeq:WP_000593064.1, SO:0001217, UniParc:UPI000165E29C, UniRef:UniRef100_X2FFZ8, UniRef:UniRef50_A0A240EEN2, UniRef:UniRef90_A0A240EEN2
contig_1	cds	723	1973	+	BDPKMC_04		Replication protein	RefSeq:WP_001180320.1, SO:0001217, UniParc:UPI0002B9BA65, UniRef:UniRef100_A0A9Q8HBW7, UniRef:UniRef50_A0A0H5Q279, UniRef:UniRef90_B0V3Y1
contig_1	cds	2070	2285	+	BDPKMC_05		hypothetical protein	RefSeq:WP_001262268.1, SO:0001217, UniParc:UPI0002BAAAEB, UniRef:UniRef100_X2FAG7, UniRef:UniRef50_B0V3Y2, UniRef:UniRef90_B0V3Y2
contig_1	cds	2594	2725	+	BDPKMC_06		(3' truncated) hypothetical protein	
