# Annotated with Bakta
# Software: v1.10.3
# Database: v5.1, full
# DOI: 10.1099/mgen.0.000685
# URL: github.com/oschwengers/bakta
#Sequence Id	Type	Start	Stop	Strand	Locus Tag	Gene	Product	DbXrefs
contig_1	cds	3	209	-	OPNFOL_01		(3' truncated) hypothetical protein	SO:0001217, UniRef:UniRef50_UPI001D193EBB, UniRef:UniRef90_UPI001D193EBB
contig_1	cds	518	733	-	OPNFOL_02		hypothetical protein	RefSeq:WP_001262268.1, SO:0001217, UniParc:UPI0002BAAAEB, UniRef:UniRef100_X2FAG7, UniRef:UniRef50_B0V3Y2, UniRef:UniRef90_B0V3Y2
contig_1	cds	830	2080	-	OPNFOL_03		Replication protein	RefSeq:WP_001180320.1, SO:0001217, UniParc:UPI0002B9BA65, UniRef:UniRef100_A0A9Q8HBW7, UniRef:UniRef50_A0A0H5Q279, UniRef:UniRef90_B0V3Y1
contig_1	cds	2165	2455	-	OPNFOL_04		Single-strand binding protein family protein	RefSeq:WP_000593064.1, SO:0001217, UniParc:UPI000165E29C, UniRef:UniRef100_X2FFZ8, UniRef:UniRef50_A0A240EEN2, UniRef:UniRef90_A0A240EEN2
contig_1	cds	2452	2625	-	OPNFOL_05		hypothetical protein	RefSeq:WP_162268286.1, SO:0001217, UniParc:UPI0007AA3A12, UniRef:UniRef100_A0A0R3EBE0, UniRef:UniRef50_B0V3Y4, UniRef:UniRef90_B0V3Y4
contig_1	cds	2618	2725	-	OPNFOL_06		(5' truncated) hypothetical protein	
