# Annotated with Bakta
# Software: v1.10.3
# Database: v5.1, full
# DOI: 10.1099/mgen.0.000685
# URL: github.com/oschwengers/bakta
#Sequence Id	Type	Start	Stop	Strand	Locus Tag	Gene	Product	DbXrefs
contig_1	cds	3	125	+	GFLCMJ_001		(5' truncated) hypothetical protein	
contig_1	cds	263	556	+	GFLCMJ_002		RelB/DinJ family addiction module antitoxin	RefSeq:WP_004781213.1, SO:0001217, UniParc:UPI0002CF9E86, UniRef:UniRef100_A0A9Q1WBZ7, UniRef:UniRef50_N9CN58, UniRef:UniRef90_N9CN58
contig_1	cds	549	830	+	GFLCMJ_003		RelE/StbE family addiction module toxin	RefSeq:WP_001129137.1, SO:0001217, UniParc:UPI000165F72D, UniRef:UniRef100_A0A6H3SKW1, UniRef:UniRef50_A0A381EEI6, UniRef:UniRef90_N9QF31
contig_1	cds	942	1439	-	GFLCMJ_004		Mobilization protein	RefSeq:WP_024437508.1, SO:0001217, UniParc:UPI0003DF1168, UniRef:UniRef100_A0A9Q1WBM0, UniRef:UniRef50_N9TKX5, UniRef:UniRef90_N8ZPR6
contig_1	cds	1436	2407	-	GFLCMJ_005	mobQ	MobQ family relaxase	RefSeq:WP_031974862.1, SO:0001217, UniParc:UPI0003DF33BC, UniRef:UniRef100_A0A9Q1WBX3, UniRef:UniRef50_N8ZVK1, UniRef:UniRef90_N8ZVK1
contig_1	cds	2411	2587	-	GFLCMJ_006		hypothetical protein	SO:0001217, UniRef:UniRef50_UPI0026F23C02, UniRef:UniRef90_UPI0026F23C02
contig_1	cds	2789	3058	+	GFLCMJ_007		Mobilization protein	RefSeq:WP_004282235.1, SO:0001217, UniParc:UPI0001BBABB8, UniRef:UniRef100_A0A0A8TUL3, UniRef:UniRef50_V2TFZ2, UniRef:UniRef90_N9TLQ1
contig_1	cds	3048	3989	-	GFLCMJ_008		Replication protein	RefSeq:WP_004282236.1, SO:0001217, UniParc:UPI0001BBABB9, UniRef:UniRef100_A0A9Q1WBB2, UniRef:UniRef50_N8ZUU3, UniRef:UniRef90_A0A0M1HRK5
contig_1	oriV	3990	4959	?			origin of replication	
contig_1	cds	4960	5280	+	GFLCMJ_009		(3' truncated) hypothetical protein	PFAM:PF13420.11, PFAM:PF13508.11, PFAM:PF13673.11
