# Annotated with Bakta
# Software: v1.10.3
# Database: v5.1, full
# DOI: 10.1099/mgen.0.000685
# URL: github.com/oschwengers/bakta
#Sequence Id	Type	Start	Stop	Strand	Locus Tag	Gene	Product	DbXrefs
contig_1	cds	3	152	+	HEHCMD_001	yafQ	(5' truncated) Type II toxin-antitoxin system YafQ family toxin	SO:0001217, UniRef:UniRef50_A0A4R0EJT0
contig_1	cds	264	761	-	HEHCMD_002		Mobilization protein	RefSeq:WP_024437508.1, SO:0001217, UniParc:UPI0003DF1168, UniRef:UniRef100_A0A9Q1WBM0, UniRef:UniRef50_N9TKX5, UniRef:UniRef90_N8ZPR6
contig_1	cds	758	1729	-	HEHCMD_003	mobQ	MobQ family relaxase	RefSeq:WP_031974862.1, SO:0001217, UniParc:UPI0003DF33BC, UniRef:UniRef100_A0A9Q1WBX3, UniRef:UniRef50_N8ZVK1, UniRef:UniRef90_N8ZVK1
contig_1	cds	1733	1909	-	HEHCMD_004		hypothetical protein	SO:0001217, UniRef:UniRef50_UPI0026F23C02, UniRef:UniRef90_UPI0026F23C02
contig_1	cds	2111	2380	+	HEHCMD_005		Mobilization protein	RefSeq:WP_004282235.1, SO:0001217, UniParc:UPI0001BBABB8, UniRef:UniRef100_A0A0A8TUL3, UniRef:UniRef50_V2TFZ2, UniRef:UniRef90_N9TLQ1
contig_1	cds	2370	3311	-	HEHCMD_006		Replication protein	RefSeq:WP_004282236.1, SO:0001217, UniParc:UPI0001BBABB9, UniRef:UniRef100_A0A9Q1WBB2, UniRef:UniRef50_N8ZUU3, UniRef:UniRef90_A0A0M1HRK5
contig_1	oriV	3312	4281	?			origin of replication	
contig_1	cds	4282	4728	+	HEHCMD_007		Acetyltransferase	RefSeq:WP_004781211.1, SO:0001217, UniParc:UPI0002CF1783, UniRef:UniRef100_A0A7D5BHL6, UniRef:UniRef50_V2TP06, UniRef:UniRef90_A0A1E3GME3
contig_1	cds	4866	5159	+	HEHCMD_008		RelB/DinJ family addiction module antitoxin	RefSeq:WP_004781213.1, SO:0001217, UniParc:UPI0002CF9E86, UniRef:UniRef100_A0A9Q1WBZ7, UniRef:UniRef50_N9CN58, UniRef:UniRef90_N9CN58
contig_1	cds	5152	5280	+	HEHCMD_009		(3' truncated) hypothetical protein	
