# Annotated with Bakta
# Software: v1.10.3
# Database: v5.1, full
# DOI: 10.1099/mgen.0.000685
# URL: github.com/oschwengers/bakta
#Sequence Id	Type	Start	Stop	Strand	Locus Tag	Gene	Product	DbXrefs
contig_1	cds	253	714	+	IFAJJE_001		Septicolysin	RefSeq:WP_024437499.1, SO:0001217, UniParc:UPI0003DF1E44, UniRef:UniRef100_A0A290UK82, UniRef:UniRef50_N9Q7E9, UniRef:UniRef90_N8VLA4
contig_1	cds	1132	1530	+	IFAJJE_002		DUF3899 domain-containing protein	RefSeq:WP_024437500.1, SO:0001217, UniParc:UPI0003DF3C49, UniRef:UniRef100_A0A290UJF8, UniRef:UniRef50_A0A290UJF8, UniRef:UniRef90_A0A290UJF8
contig_1	cds	2251	2586	-	IFAJJE_003		DUF6388 domain-containing protein	RefSeq:WP_000064659.1, SO:0001217, UniParc:UPI0001AEF48D, UniRef:UniRef100_A0A383LDR8, UniRef:UniRef50_A0A383LDR8, UniRef:UniRef90_A0A383LDR8
contig_1	cds	2617	3186	-	IFAJJE_004		DNA replication protein	RefSeq:WP_001096622.1, SO:0001217, UniParc:UPI0001AEF48C, UniRef:UniRef100_C9DI28, UniRef:UniRef50_N9M469, UniRef:UniRef90_C9DI28
contig_1	cds	4481	4642	+	IFAJJE_005	copG	CopG family transcriptional regulator	RefSeq:WP_001983314.1, SO:0001217, UniParc:UPI0001AEF48B, UniRef:UniRef100_A0A290UFN1, UniRef:UniRef50_A0A290UFN1, UniRef:UniRef90_A0A290UFN1
contig_1	cds	4642	5049	+	IFAJJE_006		Lipoprotein	RefSeq:WP_000792990.1, SO:0001217, UniParc:UPI0001AEF48A, UniRef:UniRef100_A0A383LDN9, UniRef:UniRef50_A0A383LDN9, UniRef:UniRef90_A0A383LDN9
contig_1	cds	5058	6140	+	IFAJJE_007	trbL	Conjugal transfer protein TrbL	RefSeq:WP_000713588.1, SO:0001217, UniParc:UPI0001AEF489, UniRef:UniRef100_A0A383LEM9, UniRef:UniRef50_N9H704, UniRef:UniRef90_A0A383LEM9
contig_1	cds	6300	6773	+	IFAJJE_008		hypothetical protein	RefSeq:WP_000072639.1, SO:0001217, UniParc:UPI0001AEF488, UniRef:UniRef100_A0A383LFN7, UniRef:UniRef50_A0A383LFN7, UniRef:UniRef90_A0A383LFN7
contig_1	cds	7008	9884	+	IFAJJE_009		AAA family ATPase	RefSeq:WP_000024981.1, SO:0001217, UniParc:UPI0001AEF487, UniRef:UniRef100_A0A3P4NNH1, UniRef:UniRef50_A0A097SPG7, UniRef:UniRef90_A0A3P4NNH1
contig_1	cds	9888	10100	+	IFAJJE_010		hypothetical protein	RefSeq:WP_000687427.1, SO:0001217, UniParc:UPI0001AEF486, UniRef:UniRef100_A0A290UI52, UniRef:UniRef50_A0A4V3P2Y6, UniRef:UniRef90_A0A290UI52
contig_1	cds	10349	10558	+	IFAJJE_011		hypothetical protein	RefSeq:WP_000602777.1, SO:0001217, UniParc:UPI0002BA461A, UniRef:UniRef100_A0A837Q5B2, UniRef:UniRef50_D4XK64, UniRef:UniRef90_A0A837Q5B2
contig_1	cds	10594	11088	+	IFAJJE_012		Acetyltransferase	RefSeq:WP_000999995.1, SO:0001217, UniParc:UPI0002B96539, UniRef:UniRef100_A0A837Q5B9, UniRef:UniRef50_D4XK63, UniRef:UniRef90_A0A837Q5B9
contig_1	cds	11103	11387	-	IFAJJE_013		hypothetical protein	RefSeq:WP_001071102.1, SO:0001217, UniParc:UPI0001AEF483, UniRef:UniRef100_A0A345IDP0, UniRef:UniRef50_A0A345IDP0, UniRef:UniRef90_A0A345IDP0
contig_1	cds	11481	11783	+	IFAJJE_014		Phage protein	RefSeq:WP_000702763.1, SO:0001217, UniParc:UPI0001AEF482, UniRef:UniRef100_A0A345IDP1, UniRef:UniRef50_A0A8B5UCF3, UniRef:UniRef90_A0A8B5UCF3
contig_1	cds	12030	12317	+	IFAJJE_015	brnT	BrnT family toxin	RefSeq:WP_000438827.1, SO:0001217, UniParc:UPI0001AEF481, UniRef:UniRef100_A0A0J8TIH5, UniRef:UniRef50_V2TTD7, UniRef:UniRef90_V2TTD7
contig_1	cds	12304	12618	+	IFAJJE_016		Toxin-antitoxin system, antitoxin component	RefSeq:WP_001983304.1, SO:0001217, UniParc:UPI0001AEF480, UniRef:UniRef100_E2DSQ1, UniRef:UniRef50_V2U998, UniRef:UniRef90_V2U998
contig_1	cds	12746	15157	+	IFAJJE_017	znuD2	TonB-dependent receptor ZnuD2	BlastRules:WP_000932945, RefSeq:WP_000932942.1, SO:0001217, UniParc:UPI0002BB90D7, UniRef:UniRef100_A0A1V0M503, UniRef:UniRef50_N9M453, UniRef:UniRef90_N9M453
contig_1	cds	15231	15494	-	IFAJJE_018	tnp	IS5 family ISAba27 transposase	GO:0004803, RefSeq:WP_002040404.1, SO:0001217, UniParc:UPI00028E059A, UniRef:UniRef100_A0A3G6YXA9, UniRef:UniRef50_N8WN29, UniRef:UniRef90_N9TDQ8
contig_1	cds	15655	16053	-	IFAJJE_019	tnp	IS5 family ISAba27 transposase ORF A	IS:ISAba27, SO:0001217, UniParc:UPI0001B8F53E, UniRef:UniRef100_A0A014CQD5, UniRef:UniRef50_D2ZXJ8, UniRef:UniRef90_N8VS06
