# Annotated with Bakta
# Software: v1.10.3
# Database: v5.1, full
# DOI: 10.1099/mgen.0.000685
# URL: github.com/oschwengers/bakta
#Sequence Id	Type	Start	Stop	Strand	Locus Tag	Gene	Product	DbXrefs
contig_1	cds	3	611	-	EJPAHF_0001	aph(3')-VIa	(3' truncated) aminoglycoside O-phosphotransferase APH(3')-VIa	NCBIProtein:WP_000422636.1, SO:0001217, UniRef:UniRef50_A0A380ZWX3, UniRef:UniRef90_A0A380ZWX3
contig_1	cds	712	1737	-	EJPAHF_0002	tnp	IS30 family ISAba125 transposase	GO:0004803, RefSeq:WP_010326927.1, SO:0001217, UniParc:UPI0001FFC5F9, UniRef:UniRef100_A0A410J699, UniRef:UniRef50_N8Y7R0, UniRef:UniRef90_V2U9R3
contig_1	cds	1840	2010	+	EJPAHF_0003		hypothetical protein	SO:0001217, UniParc:UPI0002CE54C0, UniRef:UniRef100_A0A2U9A2Q3, UniRef:UniRef50_A0A0D5YN69, UniRef:UniRef90_A0A0D5YN69
contig_1	cds	2058	2510	+	EJPAHF_0004		hypothetical protein	RefSeq:WP_000776261.1, SO:0001217, UniParc:UPI00017305EF, UniRef:UniRef100_U5QBN9, UniRef:UniRef50_U5QBN9, UniRef:UniRef90_U5QBN9
contig_1	cds	2524	2802	+	EJPAHF_0005		hypothetical protein	SO:0001217, UniParc:UPI0002789520, UniRef:UniRef100_A0A0D5YMT3, UniRef:UniRef50_A0A0D5YMT3, UniRef:UniRef90_A0A0D5YMT3
contig_1	cds	2840	3013	+	EJPAHF_0006		hypothetical protein	RefSeq:WP_000550620.1, SO:0001217, UniParc:UPI0001E2B40F, UniRef:UniRef100_A0A9Q7DSG7, UniRef:UniRef50_A0A410J6G8, UniRef:UniRef90_A0A410J6G8
contig_1	cds	3046	3612	+	EJPAHF_0007		DUF4149 domain-containing protein	RefSeq:WP_001093170.1, SO:0001217, UniParc:UPI00017305EE, UniRef:UniRef100_A0A0J1D990, UniRef:UniRef50_A0A1S2G118, UniRef:UniRef90_A0A0J1D990
contig_1	cds	3650	3976	+	EJPAHF_0008		hypothetical protein	RefSeq:WP_001132522.1, SO:0001217, UniParc:UPI00017305ED, UniRef:UniRef100_U5QEX1, UniRef:UniRef50_U5QEX1, UniRef:UniRef90_U5QEX1
contig_1	cds	4018	5367	-	EJPAHF_0009		ISL3 family transposase	GO:0004803, RefSeq:WP_033854409.1, SO:0001217, UniParc:UPI00045096B5, UniRef:UniRef100_UPI00045096B5, UniRef:UniRef50_N8Y7D6, UniRef:UniRef90_N9F4F8
contig_1	cds	5380	8664	-	EJPAHF_0010		type I site-specific deoxyribonuclease	EC:3.1.21.3, KEGG:K01153, RefSeq:WP_033854408.1, SO:0001217, UniParc:UPI00044F1E1F, UniRef:UniRef100_UPI00044F1E1F, UniRef:UniRef50_A0A377HYI6, UniRef:UniRef90_A0A7U9KAB5
contig_1	cds	8681	9718	-	EJPAHF_0011		Abi-like protein	RefSeq:WP_033854407.1, SO:0001217, UniParc:UPI0004B96FE6, UniRef:UniRef100_UPI0004B96FE6, UniRef:UniRef50_C5S1X6, UniRef:UniRef90_N9D548
contig_1	cds	9862	11154	-	EJPAHF_0012		restriction endonuclease subunit S	RefSeq:WP_033854406.1, SO:0001217, UniParc:UPI0004455104, UniRef:UniRef100_UPI00148BE7FF, UniRef:UniRef50_A0A7S9DQD5, UniRef:UniRef90_UPI00148BE7FF
contig_1	cds	11157	13160	-	EJPAHF_0013		DNA methylase adenine-specific domain-containing protein	RefSeq:WP_033854405.1, SO:0001217, UniParc:UPI00044BD146, UniRef:UniRef100_UPI00044BD146, UniRef:UniRef50_Q160U6, UniRef:UniRef90_N9BWV6
contig_1	cds	13328	13993	+	EJPAHF_0014	pilZ	PilZ domain-containing protein	RefSeq:WP_033854404.1, SO:0001217, UniParc:UPI0004479D67, UniRef:UniRef100_UPI0004479D67, UniRef:UniRef50_S7Y482, UniRef:UniRef90_S7Y482
contig_1	cds	14165	14590	-	EJPAHF_0015		hypothetical protein	RefSeq:WP_000261891.1, SO:0001217, UniParc:UPI00017305EC, UniRef:UniRef100_U5QBJ8, UniRef:UniRef50_U5QBJ8, UniRef:UniRef90_U5QBJ8
contig_1	cds	14681	17956	-	EJPAHF_0016	mobF	MobF family relaxase	GO:0003677, RefSeq:WP_000953856.1, SO:0001217, UniParc:UPI0001E2B6FA, UniRef:UniRef100_U5QEX4, UniRef:UniRef50_X2FG47, UniRef:UniRef90_X2FG47
contig_1	cds	17968	20127	-	EJPAHF_0017	traD	Protein TraD	RefSeq:WP_000644960.1, SO:0001217, UniParc:UPI00017305E9, UniRef:UniRef100_U5QBJ7, UniRef:UniRef50_X2FEI2, UniRef:UniRef90_X2FEI2
contig_1	cds	20132	20602	-	EJPAHF_0018	copG	Ribbon-helix-helix protein CopG domain-containing protein	RefSeq:WP_000192272.1, SO:0001217, UniParc:UPI0001E2AF24, UniRef:UniRef100_A0A076G2R7, UniRef:UniRef50_X2FAQ7, UniRef:UniRef90_X2FAQ7
contig_1	cds	21180	21509	+	EJPAHF_0019	grpE	Heat shock protein, GrpE family	RefSeq:WP_001066685.1, SO:0001217, UniParc:UPI0001E2B65A, UniRef:UniRef100_U5QF42, UniRef:UniRef50_A0A7U3Y3J8, UniRef:UniRef90_X2F9M9
contig_1	cds	21539	21733	-	EJPAHF_0020		KTSC domain protein	RefSeq:WP_000560244.1, SO:0001217, UniParc:UPI0001E2B65B, UniRef:UniRef100_A0A0J1A1V0, UniRef:UniRef50_A0A0J1A1V0, UniRef:UniRef90_A0A0J1A1V0
contig_1	cds	21749	22081	-	EJPAHF_0021		hypothetical protein	RefSeq:WP_000597531.1, SO:0001217, UniParc:UPI0001F8AFFF, UniRef:UniRef100_A0A076G3G9, UniRef:UniRef50_X2FEK5, UniRef:UniRef90_X2FEK5
contig_1	cds	22226	22510	-	EJPAHF_0022		hypothetical protein	RefSeq:WP_000270931.1, SO:0001217, UniParc:UPI00021B7BE4, UniRef:UniRef100_A0A0B4A059, UniRef:UniRef50_A0A0B4A059, UniRef:UniRef90_A0A0B4A059
contig_1	cds	22656	23153	-	EJPAHF_0023		J domain-containing protein	RefSeq:WP_000758689.1, SO:0001217, UniParc:UPI0001E2B540, UniRef:UniRef100_A0A0B3YWX8, UniRef:UniRef50_X2FG78, UniRef:UniRef90_X2FG78
contig_1	cds	23189	23503	-	EJPAHF_0024		hypothetical protein	RefSeq:WP_000708714.1, SO:0001217, UniParc:UPI0001F8AFFC, UniRef:UniRef100_U5QBL5, UniRef:UniRef50_X2FIU6, UniRef:UniRef90_X2FIU6
contig_1	cds	24559	25317	-	EJPAHF_0025		hypothetical protein	RefSeq:WP_001053127.1, SO:0001217, UniParc:UPI0001E2B5B0, UniRef:UniRef100_U5QBC1, UniRef:UniRef50_X2F9M5, UniRef:UniRef90_X2F9M5
contig_1	cds	25384	25779	-	EJPAHF_0026		hypothetical protein	RefSeq:WP_000236437.1, SO:0001217, UniParc:UPI0001FFC5F1, UniRef:UniRef100_U5QF32, UniRef:UniRef50_U5QF32, UniRef:UniRef90_U5QF32
contig_1	cds	25905	26603	-	EJPAHF_0027		hypothetical protein	RefSeq:WP_000873188.1, SO:0001217, UniParc:UPI0001FFC5F0, UniRef:UniRef100_A0A076G3J5, UniRef:UniRef50_A0A1S2FW72, UniRef:UniRef90_A0A1S2FW72
contig_1	cds	26670	26852	-	EJPAHF_0028		hypothetical protein	RefSeq:WP_000373385.1, SO:0001217, UniParc:UPI00021B7910, UniRef:UniRef100_A0A059ZLB3, UniRef:UniRef50_A0A059ZLB3, UniRef:UniRef90_A0A059ZLB3
contig_1	cds	26901	27485	-	EJPAHF_0029		hypothetical protein	RefSeq:WP_000921899.1, SO:0001217, UniParc:UPI0001E2B5DE, UniRef:UniRef100_U5QBI4, UniRef:UniRef50_U5QBI4, UniRef:UniRef90_U5QBI4
contig_1	cds	27668	28027	+	EJPAHF_0030		Type II toxin-antitoxin system RelE/ParE family toxin	RefSeq:WP_000312250.1, SO:0001217, UniParc:UPI0001E2B5DF, UniRef:UniRef100_A0A076G4Q7, UniRef:UniRef50_D6YQL3, UniRef:UniRef90_A0A076G4Q7
contig_1	cds	28027	28326	+	EJPAHF_0031		HTH cro/C1-type domain-containing protein	RefSeq:WP_001096429.1, SO:0001217, UniParc:UPI0001E2B5E0, UniRef:UniRef100_A0A076G2N9, UniRef:UniRef50_A0A076G2N9, UniRef:UniRef90_A0A076G2N9
contig_1	cds	28864	29400	-	EJPAHF_0032		Lipoprotein	RefSeq:WP_000731978.1, SO:0001217, UniParc:UPI00017305BE, UniRef:UniRef100_A0A1E2YIT9, UniRef:UniRef50_X2FEJ8, UniRef:UniRef90_X2FEJ8
contig_1	cds	29450	30004	-	EJPAHF_0033		Lipoprotein	RefSeq:WP_000790084.1, SO:0001217, UniParc:UPI00017305BD, UniRef:UniRef100_U5QEU2, UniRef:UniRef50_X2FG71, UniRef:UniRef90_X2FG71
contig_1	cds	30024	30242	-	EJPAHF_0034		hypothetical protein	RefSeq:WP_001043201.1, SO:0001217, UniParc:UPI0001E2B31E, UniRef:UniRef100_A0A0B3YWQ5, UniRef:UniRef50_A0A0B3YWQ5, UniRef:UniRef90_A0A0B3YWQ5
contig_1	cds	30282	30911	-	EJPAHF_0035		Cement protein 3B variant 2	RefSeq:WP_000701003.1, SO:0001217, UniParc:UPI00017305BC, UniRef:UniRef100_U5QBD2, UniRef:UniRef50_X2FG68, UniRef:UniRef90_X2FG68
contig_1	cds	30928	31107	-	EJPAHF_0036		hypothetical protein	RefSeq:WP_000387630.1, SO:0001217, UniParc:UPI0001E2B31D, UniRef:UniRef100_A0A0B4ARL8, UniRef:UniRef50_A0A0B4ARL8, UniRef:UniRef90_A0A0B4ARL8
contig_1	cds	31083	31655	-	EJPAHF_0037		hypothetical protein	RefSeq:WP_000443897.1, SO:0001217, UniParc:UPI0001E2B31C, UniRef:UniRef100_U5QBN0, UniRef:UniRef50_X2FIT4, UniRef:UniRef90_X2FIT4
contig_1	cds	31660	31917	-	EJPAHF_0038		DUF3592 domain-containing protein	RefSeq:WP_000834290.1, SO:0001217, UniParc:UPI0001E2B31B, UniRef:UniRef100_A0A0B4AXT3, UniRef:UniRef50_A0A2U9A328, UniRef:UniRef90_A0A2U9A328
contig_1	cds	32022	33302	-	EJPAHF_0039		hypothetical protein	RefSeq:WP_063558595.1, SO:0001217, UniParc:UPI0007BCB13A, UniRef:UniRef100_A0A410J6D7, UniRef:UniRef50_X2FAP5, UniRef:UniRef90_X2FAP5
contig_1	cds	33315	34418	-	EJPAHF_0040	telA	Toxic anion resistance protein TelA	RefSeq:WP_000933769.1, SO:0001217, UniParc:UPI00017305BA, UniRef:UniRef100_A0A076G4P2, UniRef:UniRef50_A0A076G4P2, UniRef:UniRef90_A0A076G4P2
contig_1	cds	34459	34728	-	EJPAHF_0041		hypothetical protein	SO:0001217, UniParc:UPI0001E2B11F, UniRef:UniRef100_A0A059ZT65, UniRef:UniRef50_A0A059ZT65, UniRef:UniRef90_A0A059ZT65
contig_1	cds	34767	35000	-	EJPAHF_0042		hypothetical protein	RefSeq:WP_000241707.1, SO:0001217, UniParc:UPI0001E2B120, UniRef:UniRef100_A0A059ZTE1, UniRef:UniRef50_A0A059ZTE1, UniRef:UniRef90_A0A059ZTE1
contig_1	cds	35015	36244	-	EJPAHF_0043		hypothetical protein	RefSeq:WP_001024502.1, SO:0001217, UniParc:UPI00017305B9, UniRef:UniRef100_U5QEY6, UniRef:UniRef50_X2FEJ2, UniRef:UniRef90_X2FEJ2
contig_1	cds	36380	37636	-	EJPAHF_0044		ParB-like nuclease	RefSeq:WP_000096600.1, SO:0001217, UniParc:UPI00017305B8, UniRef:UniRef100_U5QBK7, UniRef:UniRef50_U5QBK7, UniRef:UniRef90_U5QBK7
contig_1	cds	37640	38413	-	EJPAHF_0045	parA	ParA	KEGG:K03496, RefSeq:WP_063558596.1, SO:0001217, UniParc:UPI0007BCC30D, UniRef:UniRef100_A0A410J6A9, UniRef:UniRef50_A0A410J6A9, UniRef:UniRef90_A0A410J6A9
contig_1	cds	38606	39382	-	EJPAHF_0046		DNA methylase adenine-specific domain-containing protein	RefSeq:WP_001086348.1, SO:0001217, UniParc:UPI0001FFC4F8, UniRef:UniRef100_A0A347RXQ2, UniRef:UniRef50_A0A076G2M3, UniRef:UniRef90_A0A076G2M3
contig_1	cds	39411	39908	-	EJPAHF_0047		hypothetical protein	RefSeq:WP_001067227.1, SO:0001217, UniParc:UPI00017305B4, UniRef:UniRef100_U5QF20, UniRef:UniRef50_X2F9L0, UniRef:UniRef90_X2F9L0
contig_1	cds	40436	40642	+	EJPAHF_0048		hypothetical protein	RefSeq:WP_000535990.1, SO:0001217, UniParc:UPI0001E2B361, UniRef:UniRef100_A0A059ZTE6, UniRef:UniRef50_A0A059ZTE6, UniRef:UniRef90_A0A059ZTE6
contig_1	cds	40648	40884	-	EJPAHF_0049		hypothetical protein	RefSeq:WP_001057663.1, SO:0001217, UniParc:UPI0001E2B360, UniRef:UniRef100_A0A0B4AKL9, UniRef:UniRef50_A0A0B4AKL9, UniRef:UniRef90_A0A0B4AKL9
contig_1	cds	40889	41578	-	EJPAHF_0050		DUF2786 domain-containing protein	RefSeq:WP_000389915.1, SO:0001217, UniParc:UPI0001E2B35F, UniRef:UniRef100_U5QBC6, UniRef:UniRef50_X2FEI9, UniRef:UniRef90_X2FEI9
contig_1	cds	41697	42101	-	EJPAHF_0051		hypothetical protein	RefSeq:WP_063558597.1, SO:0001217, UniParc:UPI0007BCB402, UniRef:UniRef100_UPI0007BCB402, UniRef:UniRef50_U5QBF5, UniRef:UniRef90_U5QBF5
contig_1	cds	42115	42447	-	EJPAHF_0052		hypothetical protein	RefSeq:WP_000565581.1, SO:0001217, UniParc:UPI0001E2B35E, UniRef:UniRef100_U5QBG6, UniRef:UniRef50_U5QBG6, UniRef:UniRef90_U5QBG6
contig_1	cds	42444	42740	-	EJPAHF_0053		hypothetical protein	SO:0001217, UniParc:UPI0001E2B35D, UniRef:UniRef100_A0A0B4BQL8, UniRef:UniRef50_X2FG61, UniRef:UniRef90_X2FG61
contig_1	cds	42808	42996	-	EJPAHF_0054		hypothetical protein	RefSeq:WP_000427815.1, SO:0001217, UniParc:UPI0001E2B965, UniRef:UniRef100_A0A0B3ZPK3, UniRef:UniRef50_A0A0B3ZPK3, UniRef:UniRef90_A0A0B3ZPK3
contig_1	cds	43009	43335	-	EJPAHF_0055		H-NS histone-like protein	RefSeq:WP_000078385.1, SO:0001217, UniParc:UPI00017305B1, UniRef:UniRef100_U5QF36, UniRef:UniRef50_N8VG67, UniRef:UniRef90_U5QF36
contig_1	cds	43401	43877	-	EJPAHF_0056		TNase-like domain-containing protein	RefSeq:WP_000861205.1, SO:0001217, UniParc:UPI00017305B0, UniRef:UniRef100_U5QBJ4, UniRef:UniRef50_A0A2U9A2L3, UniRef:UniRef90_A0A2U9A2L3
contig_1	cds	43882	44097	-	EJPAHF_0057		ClpX-type ZB domain-containing protein	RefSeq:WP_001012847.1, SO:0001217, UniParc:UPI0001E2AEF0, UniRef:UniRef100_A0A0B3YTZ5, UniRef:UniRef50_A0A0B3YTZ5, UniRef:UniRef90_A0A0B3YTZ5
contig_1	cds	44128	44295	-	EJPAHF_0058		hypothetical protein	RefSeq:WP_005134275.1, SO:0001217, UniParc:UPI0002CF7172, UniRef:UniRef100_A0A2U9A2K8, UniRef:UniRef50_A0A0D5YP24, UniRef:UniRef90_A0A0D5YP24
contig_1	cds	44318	44509	-	EJPAHF_0059		hypothetical protein	RefSeq:WP_000182323.1, SO:0001217, UniParc:UPI0001E2AEEE, UniRef:UniRef100_A0A076G3S2, UniRef:UniRef50_A0A8B4N1Y0, UniRef:UniRef90_A0A8B4N1Y0
contig_1	cds	44515	45111	-	EJPAHF_0060	ycxB	YcxB family protein	RefSeq:WP_000095825.1, SO:0001217, UniParc:UPI00017305AF, UniRef:UniRef100_U5QET5, UniRef:UniRef50_X2FEI6, UniRef:UniRef90_X2FEI6
contig_1	cds	45283	45657	-	EJPAHF_0061		hypothetical protein	RefSeq:WP_000230431.1, SO:0001217, UniParc:UPI00017305AE, UniRef:UniRef100_U5QEV9, UniRef:UniRef50_U5QEV9, UniRef:UniRef90_U5QEV9
contig_1	cds	45811	46191	-	EJPAHF_0062		hypothetical protein	RefSeq:WP_000227379.1, SO:0001217, UniParc:UPI00017305AD, UniRef:UniRef100_A0A076G4Z8, UniRef:UniRef50_X2FIS4, UniRef:UniRef90_X2FIS4
contig_1	cds	46237	46761	-	EJPAHF_0063		hypothetical protein	RefSeq:WP_000100569.1, SO:0001217, UniParc:UPI00017305AC, UniRef:UniRef100_A0A076G2Y6, UniRef:UniRef50_A0A0C4Y2J4, UniRef:UniRef90_A0A076G2Y6
contig_1	cds	46727	47992	-	EJPAHF_0064		DUF1173 domain-containing protein	RefSeq:WP_000770546.1, SO:0001217, UniParc:UPI00017305AB, UniRef:UniRef100_U5QBB1, UniRef:UniRef50_U5QBB1, UniRef:UniRef90_U5QBB1
contig_1	cds	48008	49090	-	EJPAHF_0065		DUF1173 domain-containing protein	RefSeq:WP_000258411.1, SO:0001217, UniParc:UPI00021B7B91, UniRef:UniRef100_U5QBB1, UniRef:UniRef50_U5QBB1, UniRef:UniRef90_U5QBB1
contig_1	cds	49077	49316	-	EJPAHF_0066		hypothetical protein	SO:0001217, UniParc:UPI0001E2B9C0, UniRef:UniRef100_A0A076G3M8, UniRef:UniRef50_A0A076G3M8, UniRef:UniRef90_A0A076G3M8
contig_1	cds	49388	50563	-	EJPAHF_0067		Plasmid replicase	RefSeq:WP_002031424.1, SO:0001217, UniParc:UPI000277C004, UniRef:UniRef100_U5QB99, UniRef:UniRef50_U5QB99, UniRef:UniRef90_U5QB99
contig_1	cds	51052	51285	+	EJPAHF_0068		hypothetical protein	RefSeq:WP_000719146.1, SO:0001217, UniParc:UPI0001E2B84A, UniRef:UniRef100_A0A076G2X9, UniRef:UniRef50_A0A076G2X9, UniRef:UniRef90_A0A076G2X9
contig_1	cds	51353	51604	+	EJPAHF_0069		hypothetical protein	RefSeq:WP_000572025.1, SO:0001217, UniParc:UPI0001E2B465, UniRef:UniRef100_A0A1U9X4Y6, UniRef:UniRef50_A0A0D5YNA0, UniRef:UniRef90_A0A0D5YNA0
contig_1	cds	51849	52964	-	EJPAHF_0070		hypothetical protein	SO:0001217, UniParc:UPI00026E1C59, UniRef:UniRef100_U5QER2, UniRef:UniRef50_X2FG90, UniRef:UniRef90_X2FG90
contig_1	cds	53163	54455	-	EJPAHF_0071	umuC	DNA polymerase V subunit UmuC	KEGG:K03502, RefSeq:WP_000662932.1, SO:0001217, UniParc:UPI0001E2B648, UniRef:UniRef100_U5QEQ7, UniRef:UniRef50_N9CR12, UniRef:UniRef90_U5QEQ7
contig_1	cds	54622	55614	+	EJPAHF_0072		Peptidase MA family protein	RefSeq:WP_001132594.1, SO:0001217, UniParc:UPI0001730320, UniRef:UniRef100_U5QEZ2, UniRef:UniRef50_A0A0J1A329, UniRef:UniRef90_A0A0J1A329
contig_1	cds	55646	56164	-	EJPAHF_0073		Transglycosylase SLT domain-containing protein	SO:0001217, UniParc:UPI0001E2B647, UniRef:UniRef100_A0A076G4X9, UniRef:UniRef50_N9F6M0, UniRef:UniRef90_A0A076G4X9
contig_1	cds	56236	59238	-	EJPAHF_0074	traG	Conjugal transfer protein TraG	RefSeq:WP_000347999.1, SO:0001217, UniParc:UPI000173031F, UniRef:UniRef100_U5QBF1, UniRef:UniRef50_X2FG55, UniRef:UniRef90_X2FG55
contig_1	cds	59254	60681	-	EJPAHF_0075	traH	Conjugal transfer protein TraH	RefSeq:WP_000692620.1, SO:0001217, UniParc:UPI0001E2B8FD, UniRef:UniRef100_X2FIS0, UniRef:UniRef50_N9DXL3, UniRef:UniRef90_X2FIS0
contig_1	cds	60715	61044	-	EJPAHF_0076		Secreted protein	RefSeq:WP_000644930.1, SO:0001217, UniParc:UPI000173031C, UniRef:UniRef100_A0A076G9N6, UniRef:UniRef50_A0A076G9N6, UniRef:UniRef90_A0A076G9N6
contig_1	cds	61083	61895	-	EJPAHF_0077	traF	Conjugal transfer protein TraF	RefSeq:WP_001037429.1, SO:0001217, UniParc:UPI0001E2B053, UniRef:UniRef100_A0A0D5YP08, UniRef:UniRef50_N9AAX5, UniRef:UniRef90_A0A0D5YP08
contig_1	cds	61888	63945	-	EJPAHF_0078	traN	Conjugal transfer protein TraN	RefSeq:WP_000591718.1, SO:0001217, UniParc:UPI0001E2B114, UniRef:UniRef100_U5QBA4, UniRef:UniRef50_X2F9J8, UniRef:UniRef90_X2F9J8
contig_1	cds	63942	64649	-	EJPAHF_0079	trbC	type-F conjugative transfer system pilin assembly protein TrbC	RefSeq:WP_000733535.1, SO:0001217, UniParc:UPI0001730318, UniRef:UniRef100_U5QES3, UniRef:UniRef50_U5QES3, UniRef:UniRef90_U5QES3
contig_1	cds	64664	65707	-	EJPAHF_0080	traU	conjugal transfer pilus assembly protein TraU	RefSeq:WP_005134276.1, SO:0001217, UniParc:UPI0002CEE689, UniRef:UniRef100_A0A075X3W6, UniRef:UniRef50_U3G7K4, UniRef:UniRef90_U5QBL2
contig_1	cds	65704	66342	-	EJPAHF_0081	traW	type-F conjugative transfer system protein TraW	RefSeq:WP_000672680.1, SO:0001217, UniParc:UPI0001730316, UniRef:UniRef100_U5QBH9, UniRef:UniRef50_U5QBH9, UniRef:UniRef90_U5QBH9
contig_1	cds	66329	66829	-	EJPAHF_0082	lepB	signal peptidase I	EC:3.4.21.89, GO:0004252, GO:0006465, GO:0009306, RefSeq:WP_001058570.1, SO:0001217, UniParc:UPI0001E2B115, UniRef:UniRef100_A0A076G3J8, UniRef:UniRef50_A0A410J6I7, UniRef:UniRef90_A0A410J6I7
contig_1	cds	66877	67272	-	EJPAHF_0083		hypothetical protein	RefSeq:WP_005134278.1, SO:0001217, UniParc:UPI0002CF5762, UniRef:UniRef100_A0A075X4T0, UniRef:UniRef50_A0A7U3Y3P4, UniRef:UniRef90_A0A7U3Y3P4
contig_1	cds	67269	69995	-	EJPAHF_0084	traC	type IV secretion system protein TraC	RefSeq:WP_005134279.1, SO:0001217, UniParc:UPI0002D039AA, UniRef:UniRef100_A0A1S2G044, UniRef:UniRef50_A0A8E5EPV3, UniRef:UniRef90_A0A8E5EPV3
contig_1	cds	70005	70649	-	EJPAHF_0085	traV	type IV conjugative transfer system lipoprotein TraV	RefSeq:WP_000823132.1, SO:0001217, UniParc:UPI00017305FB, UniRef:UniRef100_U5QES9, UniRef:UniRef50_D0SGY5, UniRef:UniRef90_U5QES9
contig_1	cds	70650	70910	-	EJPAHF_0086		Lipoprotein	RefSeq:WP_000876194.1, SO:0001217, UniParc:UPI0001E2B117, UniRef:UniRef100_A0A0D5YMV4, UniRef:UniRef50_A0A0D5YMV4, UniRef:UniRef90_A0A0D5YMV4
contig_1	cds	70953	71675	-	EJPAHF_0087		Thiol:disulfide interchange protein	RefSeq:WP_000714144.1, SO:0001217, UniParc:UPI0001F8B01E, UniRef:UniRef100_X2F9P2, UniRef:UniRef50_A0A0C4XXK4, UniRef:UniRef90_U5QBL7
contig_1	cds	71677	72993	-	EJPAHF_0088	traB	Conjugal transfer protein TraB	RefSeq:WP_005134280.1, SO:0001217, UniParc:UPI0002D10DA7, UniRef:UniRef100_A0A075X334, UniRef:UniRef50_X2FEH6, UniRef:UniRef90_X2FEH6
contig_1	cds	73003	73725	-	EJPAHF_0089	traK	Conjugal transfer protein TraK	RefSeq:WP_000776095.1, SO:0001217, UniParc:UPI00017305F8, UniRef:UniRef100_U5QEZ8, UniRef:UniRef50_N9FDJ3, UniRef:UniRef90_U5QEZ8
contig_1	cds	73706	74284	-	EJPAHF_0090	traE	TraE	KEGG:K12067, RefSeq:WP_000376692.1, SO:0001217, UniParc:UPI00017305F7, UniRef:UniRef100_U5QBD8, UniRef:UniRef50_A0A076G3N3, UniRef:UniRef90_A0A076G3N3
contig_1	cds	74289	74582	-	EJPAHF_0091	traL	type IV conjugative transfer system protein TraL	KEGG:K12068, RefSeq:WP_000094493.1, SO:0001217, UniParc:UPI00017305F6, UniRef:UniRef100_A0A0D5YMU8, UniRef:UniRef50_A0A0D5YMU8, UniRef:UniRef90_A0A0D5YMU8
contig_1	cds	74604	74957	-	EJPAHF_0092	traA	TraA	KEGG:K12069, RefSeq:WP_000424621.1, SO:0001217, UniParc:UPI00017305F5, UniRef:UniRef100_U5QBP8, UniRef:UniRef50_U5QBP8, UniRef:UniRef90_U5QBP8
contig_1	cds	75008	75244	-	EJPAHF_0093		Secreted protein	RefSeq:WP_063558598.1, SO:0001217, UniParc:UPI0007BCB0AC, UniRef:UniRef100_UPI0007BCB0AC, UniRef:UniRef50_A0A076G4U5, UniRef:UniRef90_A0A076G4U5
contig_1	cds	75261	75887	-	EJPAHF_0094		Conjugative transfer transglycosylase	RefSeq:WP_000568626.1, SO:0001217, UniParc:UPI0001F8B01B, UniRef:UniRef100_A0A076G2T5, UniRef:UniRef50_U3G7L8, UniRef:UniRef90_U5QBM6
contig_1	cds	76118	76453	+	EJPAHF_0095		hypothetical protein	RefSeq:WP_001074611.1, SO:0001217, UniParc:UPI0001F8B01A, UniRef:UniRef100_A0A7U3Y3N2, UniRef:UniRef50_A0A0M3FN48, UniRef:UniRef90_A0A0M3FN48
contig_1	cds	76479	76910	+	EJPAHF_0096		hypothetical protein	RefSeq:WP_001190813.1, SO:0001217, UniParc:UPI00017305F2, UniRef:UniRef100_A0A076G9J9, UniRef:UniRef50_A0A1S2G042, UniRef:UniRef90_A0A1S2G042
contig_1	cds	76952	77590	-	EJPAHF_0097		PinR-like resolvase	RefSeq:WP_201787331.1, SO:0001217, UniParc:UPI000A85706B, UniRef:UniRef100_A0A410J6J6, UniRef:UniRef50_A0A3N4MJD8, UniRef:UniRef90_U5QF08
contig_1	cds	77847	78506	+	EJPAHF_0098		hypothetical protein	RefSeq:WP_000581089.1, SO:0001217, UniParc:UPI00026E1C5B, UniRef:UniRef100_U5QF04, UniRef:UniRef50_X2F9N4, UniRef:UniRef90_X2F9N4
contig_1	cds	78510	78734	+	EJPAHF_0099		hypothetical protein	RefSeq:WP_001058203.1, SO:0001217, UniParc:UPI0001E2B2B4, UniRef:UniRef100_A0A0B3ZTN8, UniRef:UniRef50_A0A0B3ZTN8, UniRef:UniRef90_A0A0B3ZTN8
contig_1	cds	78789	79028	+	EJPAHF_0100		hypothetical protein	SO:0001217, UniRef:UniRef50_A0A0B4AZI4
contig_1	cds	78963	79988	-	EJPAHF_0101	tnp	IS30 family ISAba125 transposase	GO:0004803, RefSeq:WP_010326927.1, SO:0001217, UniParc:UPI0001FFC5F9, UniRef:UniRef100_A0A410J699, UniRef:UniRef50_N8Y7R0, UniRef:UniRef90_V2U9R3
contig_1	cds	80378	80545	-	EJPAHF_0102		(5' truncated) hypothetical protein	
