# Annotated with Bakta
# Software: v1.10.3
# Database: v5.1, full
# DOI: 10.1099/mgen.0.000685
# URL: github.com/oschwengers/bakta
#Sequence Id	Type	Start	Stop	Strand	Locus Tag	Gene	Product	DbXrefs
contig_1	cds	771	1712	+	AFLJIE_001		Replication protein	RefSeq:WP_004282236.1, SO:0001217, UniParc:UPI0001BBABB9, UniRef:UniRef100_A0A9Q1WBB2, UniRef:UniRef50_N8ZUU3, UniRef:UniRef90_A0A0M1HRK5
contig_1	cds	1702	1971	-	AFLJIE_002		Mobilization protein	RefSeq:WP_004282235.1, SO:0001217, UniParc:UPI0001BBABB8, UniRef:UniRef100_A0A0A8TUL3, UniRef:UniRef50_V2TFZ2, UniRef:UniRef90_N9TLQ1
contig_1	cds	2173	2349	+	AFLJIE_003		hypothetical protein	SO:0001217, UniRef:UniRef50_UPI0026F23C02, UniRef:UniRef90_UPI0026F23C02
contig_1	cds	2353	3324	+	AFLJIE_004	mobQ	MobQ family relaxase	RefSeq:WP_031974862.1, SO:0001217, UniParc:UPI0003DF33BC, UniRef:UniRef100_A0A9Q1WBX3, UniRef:UniRef50_N8ZVK1, UniRef:UniRef90_N8ZVK1
contig_1	cds	3321	3818	+	AFLJIE_005		Mobilization protein	RefSeq:WP_024437508.1, SO:0001217, UniParc:UPI0003DF1168, UniRef:UniRef100_A0A9Q1WBM0, UniRef:UniRef50_N9TKX5, UniRef:UniRef90_N8ZPR6
contig_1	cds	3930	4211	-	AFLJIE_006		RelE/StbE family addiction module toxin	RefSeq:WP_001129137.1, SO:0001217, UniParc:UPI000165F72D, UniRef:UniRef100_A0A6H3SKW1, UniRef:UniRef50_A0A381EEI6, UniRef:UniRef90_N9QF31
contig_1	cds	4204	4497	-	AFLJIE_007		RelB/DinJ family addiction module antitoxin	RefSeq:WP_004781213.1, SO:0001217, UniParc:UPI0002CF9E86, UniRef:UniRef100_A0A9Q1WBZ7, UniRef:UniRef50_N9CN58, UniRef:UniRef90_N9CN58
contig_1	cds	4635	5081	-	AFLJIE_008		Acetyltransferase	RefSeq:WP_004781211.1, SO:0001217, UniParc:UPI0002CF1783, UniRef:UniRef100_A0A7D5BHL6, UniRef:UniRef50_V2TP06, UniRef:UniRef90_A0A1E3GME3
contig_1	oriV	5082	6051	?			origin of replication	
contig_1	cds	6052	6993	+	AFLJIE_009		Replication protein	RefSeq:WP_004282236.1, SO:0001217, UniParc:UPI0001BBABB9, UniRef:UniRef100_A0A9Q1WBB2, UniRef:UniRef50_N8ZUU3, UniRef:UniRef90_A0A0M1HRK5
contig_1	cds	6983	7252	-	AFLJIE_010		Mobilization protein	RefSeq:WP_004282235.1, SO:0001217, UniParc:UPI0001BBABB8, UniRef:UniRef100_A0A0A8TUL3, UniRef:UniRef50_V2TFZ2, UniRef:UniRef90_N9TLQ1
contig_1	cds	7454	7630	+	AFLJIE_011		hypothetical protein	SO:0001217, UniRef:UniRef50_UPI0026F23C02, UniRef:UniRef90_UPI0026F23C02
contig_1	cds	7634	8605	+	AFLJIE_012	mobQ	MobQ family relaxase	RefSeq:WP_031974862.1, SO:0001217, UniParc:UPI0003DF33BC, UniRef:UniRef100_A0A9Q1WBX3, UniRef:UniRef50_N8ZVK1, UniRef:UniRef90_N8ZVK1
contig_1	cds	8602	9099	+	AFLJIE_013		Mobilization protein	RefSeq:WP_024437508.1, SO:0001217, UniParc:UPI0003DF1168, UniRef:UniRef100_A0A9Q1WBM0, UniRef:UniRef50_N9TKX5, UniRef:UniRef90_N8ZPR6
contig_1	cds	9211	9492	-	AFLJIE_014		RelE/StbE family addiction module toxin	RefSeq:WP_001129137.1, SO:0001217, UniParc:UPI000165F72D, UniRef:UniRef100_A0A6H3SKW1, UniRef:UniRef50_A0A381EEI6, UniRef:UniRef90_N9QF31
contig_1	cds	9485	9778	-	AFLJIE_015		RelB/DinJ family addiction module antitoxin	RefSeq:WP_004781213.1, SO:0001217, UniParc:UPI0002CF9E86, UniRef:UniRef100_A0A9Q1WBZ7, UniRef:UniRef50_N9CN58, UniRef:UniRef90_N9CN58
contig_1	cds	9916	10362	-	AFLJIE_016		Acetyltransferase	RefSeq:WP_004781211.1, SO:0001217, UniParc:UPI0002CF1783, UniRef:UniRef100_A0A7D5BHL6, UniRef:UniRef50_V2TP06, UniRef:UniRef90_A0A1E3GME3
