# Annotated with Bakta
# Software: v1.10.3
# Database: v5.1, full
# DOI: 10.1099/mgen.0.000685
# URL: github.com/oschwengers/bakta
#Sequence Id	Type	Start	Stop	Strand	Locus Tag	Gene	Product	DbXrefs
contig_1	cds	66	824	-	DEHLDH_001	recX	Regulatory protein RecX	RefSeq:WP_015060804.1, SO:0001217, UniParc:UPI0001C23DB0, UniRef:UniRef100_C7FB03, UniRef:UniRef50_A0A1H3NEL2, UniRef:UniRef90_D1L5Y1
contig_1	cds	1206	2297	+	DEHLDH_002	mobA	MobA	SO:0001217, UniRef:UniRef50_N8W191, UniRef:UniRef90_A0A0K1H0H1
contig_1	oriV	2298	2834	?			origin of replication	
contig_1	cds	2835	3722	+	DEHLDH_003	repM	replication initiation protein RepM	GO:0003887, GO:0006270, RefSeq:WP_012780181.1, SO:0001217, UniParc:UPI00004519CD, UniRef:UniRef100_C7FB05, UniRef:UniRef50_N8U3A2, UniRef:UniRef90_R9B969
contig_1	cds	3799	4356	+	DEHLDH_004		DNA-binding protein	RefSeq:WP_012780177.1, SO:0001217, UniParc:UPI00004519CC, UniRef:UniRef100_A0A8F9SE90, UniRef:UniRef50_N8VCJ0, UniRef:UniRef90_D1L5Y5
contig_1	cds	4545	5372	-	DEHLDH_005	blaOXA-72	OXA-24 family carbapenem-hydrolyzing class D beta-lactamase OXA-72	EC:3.5.2.6, NCBIProtein:WP_000713530.1, RefSeq:WP_000713530.1, SO:0001217, UniParc:UPI00004445BC, UniRef:UniRef100_W0RYD2, UniRef:UniRef50_G9JKW0, UniRef:UniRef90_H9U2W6
contig_1	cds	5805	6845	-	DEHLDH_006	tnp	IS701 family ISAba48 transposase	IS:ISAba48, RefSeq:WP_118896083.1, SO:0001217, UniParc:UPI000E582499, UniRef:UniRef100_A0A9N7PIY5, UniRef:UniRef50_A0A962JN15, UniRef:UniRef90_A0A9N7PIY5
contig_1	cds	6982	7191	+	DEHLDH_007		hypothetical protein	SO:0001217, UniParc:UPI00095CABF2, UniRef:UniRef100_A0A9N7JHZ8, UniRef:UniRef50_V2UER8, UniRef:UniRef90_V2UER8
contig_1	cds	7249	7659	-	DEHLDH_008		Helix-turn-helix domain-containing protein	RefSeq:WP_075911385.1, SO:0001217, UniParc:UPI000965EED9, UniRef:UniRef100_A0A8F9SDZ7, UniRef:UniRef50_N9P1R8, UniRef:UniRef90_N9P1R8
contig_1	cds	7810	8130	+	DEHLDH_009		hypothetical protein	RefSeq:WP_012780178.1, SO:0001217, UniParc:UPI0001B0821C, UniRef:UniRef100_C7FB01, UniRef:UniRef50_B0VN92, UniRef:UniRef90_C7FB01
contig_1	cds	8149	8883	+	DEHLDH_010		hypothetical protein	RefSeq:WP_075911386.1, SO:0001217, UniParc:UPI00096598C8, UniRef:UniRef100_A0A9N7JIY8, UniRef:UniRef50_A0A9N7JIY8, UniRef:UniRef90_A0A9N7JIY8
contig_1	cds	8972	9190	-	DEHLDH_011		hypothetical protein	RefSeq:WP_075911387.1, SO:0001217, UniParc:UPI000965FE5A, UniRef:UniRef100_A0A9N7JI98, UniRef:UniRef50_A0A9N7JI98, UniRef:UniRef90_A0A9N7JI98
contig_1	cds	9159	9557	-	DEHLDH_012		hypothetical protein	RefSeq:WP_075911388.1, SO:0001217, UniParc:UPI0009609D30, UniRef:UniRef100_A0A9N7JI12, UniRef:UniRef50_A0A9N7JI12, UniRef:UniRef90_A0A9N7JI12
contig_1	cds	9651	9926	+	DEHLDH_013		Arc family DNA-binding protein	RefSeq:WP_075911389.1, SO:0001217, UniParc:UPI00095C7CFB, UniRef:UniRef100_A0A9N7PKH5, UniRef:UniRef50_A0A9N7PKH5, UniRef:UniRef90_A0A9N7PKH5
