# Annotated with Bakta
# Software: v1.10.3
# Database: v5.1, full
# DOI: 10.1099/mgen.0.000685
# URL: github.com/oschwengers/bakta
#Sequence Id	Type	Start	Stop	Strand	Locus Tag	Gene	Product	DbXrefs
contig_1	cds	333	704	-	MIJMKC_0001		hypothetical protein	RefSeq:WP_000529372.1, SO:0001217, UniParc:UPI00015A26B6, UniRef:UniRef100_A0A0G3VYC6, UniRef:UniRef50_A0A411N1I4, UniRef:UniRef90_A0A411N1I4
contig_1	cds	853	1077	-	MIJMKC_0002		(pseudo) hypothetical protein	SO:0001217, UniRef:UniRef50_N9PE77, UniRef:UniRef50_UPI002285DDEF, UniRef:UniRef90_UPI0011C4D01E, UniRef:UniRef90_UPI001CB815C3
contig_1	cds	1146	1997	-	MIJMKC_0003	uspA	Nucleotide-binding universal stress protein, UspA family	COG:COG0589, COG:T, RefSeq:WP_000034564.1, SO:0001217, UniParc:UPI0001785BDD, UniRef:UniRef100_A0A7U4BK71, UniRef:UniRef50_N8R6D4, UniRef:UniRef90_X2FAJ3
contig_1	cds	2147	2578	-	MIJMKC_0004		Sulfate transporter family protein	SO:0001217, UniRef:UniRef50_A0A062FSC3
contig_1	cds	2601	3050	-	MIJMKC_0005	sulP	SulP family inorganic anion transporter	SO:0001217, UniRef:UniRef50_UPI00234C6236
contig_1	cds	3047	3331	-	MIJMKC_0006	sulP	SulP family inorganic anion transporter	SO:0001217, UniRef:UniRef50_UPI001EC0E47D
contig_1	cds	3328	3492	-	MIJMKC_0007		Sodium-independent anion transporter	SO:0001217, UniRef:UniRef50_A0A963JXN0
contig_1	cds	3934	4140	-	MIJMKC_0008		hypothetical protein	
contig_1	cds	4175	4435	-	MIJMKC_0009		hypothetical protein	
contig_1	cds	4419	4586	-	MIJMKC_0010		hypothetical protein	
contig_1	cds	4609	5334	-	MIJMKC_0011		(pseudo) hypothetical protein	SO:0001217, UniRef:UniRef50_UPI001D1744E6, UniRef:UniRef90_UPI001D1744E6
contig_1	cds	6043	7185	+	MIJMKC_0012		hypothetical protein	SO:0001217, UniRef:UniRef50_X2FG90, UniRef:UniRef90_X2FG90
contig_1	cds	7402	7653	-	MIJMKC_0013		hypothetical protein	RefSeq:WP_000572025.1, SO:0001217, UniParc:UPI0001E2B465, UniRef:UniRef100_A0A1U9X4Y6, UniRef:UniRef50_A0A0D5YNA0, UniRef:UniRef90_A0A0D5YNA0
contig_1	cds	7721	7954	-	MIJMKC_0014		hypothetical protein	RefSeq:WP_000719146.1, SO:0001217, UniParc:UPI0001E2B84A, UniRef:UniRef100_A0A076G2X9, UniRef:UniRef50_A0A076G2X9, UniRef:UniRef90_A0A076G2X9
contig_1	cds	8442	9617	+	MIJMKC_0015		Plasmid replicase	RefSeq:WP_002031424.1, SO:0001217, UniParc:UPI000277C004, UniRef:UniRef100_U5QB99, UniRef:UniRef50_U5QB99, UniRef:UniRef90_U5QB99
contig_1	cds	9689	9928	+	MIJMKC_0016		hypothetical protein	SO:0001217, UniParc:UPI0001E2B9C0, UniRef:UniRef100_A0A076G3M8, UniRef:UniRef50_A0A076G3M8, UniRef:UniRef90_A0A076G3M8
contig_1	cds	9915	10997	+	MIJMKC_0017		DUF1173 domain-containing protein	RefSeq:WP_000258411.1, SO:0001217, UniParc:UPI00021B7B91, UniRef:UniRef100_U5QBB1, UniRef:UniRef50_U5QBB1, UniRef:UniRef90_U5QBB1
contig_1	cds	11013	12278	+	MIJMKC_0018		DUF1173 domain-containing protein	RefSeq:WP_000770546.1, SO:0001217, UniParc:UPI00017305AB, UniRef:UniRef100_U5QBB1, UniRef:UniRef50_U5QBB1, UniRef:UniRef90_U5QBB1
contig_1	cds	12244	12768	+	MIJMKC_0019		hypothetical protein	RefSeq:WP_000100569.1, SO:0001217, UniParc:UPI00017305AC, UniRef:UniRef100_A0A076G2Y6, UniRef:UniRef50_A0A0C4Y2J4, UniRef:UniRef90_A0A076G2Y6
contig_1	cds	12814	13194	+	MIJMKC_0020		hypothetical protein	RefSeq:WP_000227379.1, SO:0001217, UniParc:UPI00017305AD, UniRef:UniRef100_A0A076G4Z8, UniRef:UniRef50_X2FIS4, UniRef:UniRef90_X2FIS4
contig_1	cds	13348	13722	+	MIJMKC_0021		hypothetical protein	RefSeq:WP_000230431.1, SO:0001217, UniParc:UPI00017305AE, UniRef:UniRef100_U5QEV9, UniRef:UniRef50_U5QEV9, UniRef:UniRef90_U5QEV9
contig_1	cds	13894	14490	+	MIJMKC_0022	ycxB	YcxB family protein	RefSeq:WP_000095825.1, SO:0001217, UniParc:UPI00017305AF, UniRef:UniRef100_U5QET5, UniRef:UniRef50_X2FEI6, UniRef:UniRef90_X2FEI6
contig_1	cds	14496	14687	+	MIJMKC_0023		hypothetical protein	RefSeq:WP_000182323.1, SO:0001217, UniParc:UPI0001E2AEEE, UniRef:UniRef100_A0A076G3S2, UniRef:UniRef50_A0A8B4N1Y0, UniRef:UniRef90_A0A8B4N1Y0
contig_1	cds	14710	14877	+	MIJMKC_0024		hypothetical protein	RefSeq:WP_005134275.1, SO:0001217, UniParc:UPI0002CF7172, UniRef:UniRef100_A0A2U9A2K8, UniRef:UniRef50_A0A0D5YP24, UniRef:UniRef90_A0A0D5YP24
contig_1	cds	14908	15123	+	MIJMKC_0025		ClpX-type ZB domain-containing protein	RefSeq:WP_001012847.1, SO:0001217, UniParc:UPI0001E2AEF0, UniRef:UniRef100_A0A0B3YTZ5, UniRef:UniRef50_A0A0B3YTZ5, UniRef:UniRef90_A0A0B3YTZ5
contig_1	cds	15128	15604	+	MIJMKC_0026		TNase-like domain-containing protein	RefSeq:WP_000861205.1, SO:0001217, UniParc:UPI00017305B0, UniRef:UniRef100_U5QBJ4, UniRef:UniRef50_A0A2U9A2L3, UniRef:UniRef90_A0A2U9A2L3
contig_1	cds	15670	15996	+	MIJMKC_0027		H-NS histone-like protein	RefSeq:WP_000078385.1, SO:0001217, UniParc:UPI00017305B1, UniRef:UniRef100_U5QF36, UniRef:UniRef50_N8VG67, UniRef:UniRef90_U5QF36
contig_1	cds	16009	16197	+	MIJMKC_0028		hypothetical protein	RefSeq:WP_000427815.1, SO:0001217, UniParc:UPI0001E2B965, UniRef:UniRef100_A0A0B3ZPK3, UniRef:UniRef50_A0A0B3ZPK3, UniRef:UniRef90_A0A0B3ZPK3
contig_1	cds	16265	16561	+	MIJMKC_0029		hypothetical protein	SO:0001217, UniParc:UPI0001E2B35D, UniRef:UniRef100_A0A0B4BQL8, UniRef:UniRef50_X2FG61, UniRef:UniRef90_X2FG61
contig_1	cds	16558	16890	+	MIJMKC_0030		hypothetical protein	RefSeq:WP_000565581.1, SO:0001217, UniParc:UPI0001E2B35E, UniRef:UniRef100_U5QBG6, UniRef:UniRef50_U5QBG6, UniRef:UniRef90_U5QBG6
contig_1	cds	16904	17308	+	MIJMKC_0031		hypothetical protein	RefSeq:WP_001070890.1, SO:0001217, UniParc:UPI00017305B2, UniRef:UniRef100_U5QBF5, UniRef:UniRef50_U5QBF5, UniRef:UniRef90_U5QBF5
contig_1	cds	17427	18116	+	MIJMKC_0032		DUF2786 domain-containing protein	RefSeq:WP_000389915.1, SO:0001217, UniParc:UPI0001E2B35F, UniRef:UniRef100_U5QBC6, UniRef:UniRef50_X2FEI9, UniRef:UniRef90_X2FEI9
contig_1	cds	18121	18357	+	MIJMKC_0033		hypothetical protein	RefSeq:WP_001057663.1, SO:0001217, UniParc:UPI0001E2B360, UniRef:UniRef100_A0A0B4AKL9, UniRef:UniRef50_A0A0B4AKL9, UniRef:UniRef90_A0A0B4AKL9
contig_1	cds	18363	18569	-	MIJMKC_0034		hypothetical protein	RefSeq:WP_000535990.1, SO:0001217, UniParc:UPI0001E2B361, UniRef:UniRef100_A0A059ZTE6, UniRef:UniRef50_A0A059ZTE6, UniRef:UniRef90_A0A059ZTE6
contig_1	cds	19097	19594	+	MIJMKC_0035		hypothetical protein	RefSeq:WP_001067227.1, SO:0001217, UniParc:UPI00017305B4, UniRef:UniRef100_U5QF20, UniRef:UniRef50_X2F9L0, UniRef:UniRef90_X2F9L0
contig_1	cds	19623	20399	+	MIJMKC_0036		DNA methylase adenine-specific domain-containing protein	RefSeq:WP_001086348.1, SO:0001217, UniParc:UPI0001FFC4F8, UniRef:UniRef100_A0A347RXQ2, UniRef:UniRef50_A0A076G2M3, UniRef:UniRef90_A0A076G2M3
contig_1	cds	20592	21365	+	MIJMKC_0037	parA	ParA	KEGG:K03496, RefSeq:WP_063558596.1, SO:0001217, UniParc:UPI0007BCC30D, UniRef:UniRef100_A0A410J6A9, UniRef:UniRef50_A0A410J6A9, UniRef:UniRef90_A0A410J6A9
contig_1	cds	21369	22625	+	MIJMKC_0038		ParB-like nuclease	RefSeq:WP_000096600.1, SO:0001217, UniParc:UPI00017305B8, UniRef:UniRef100_U5QBK7, UniRef:UniRef50_U5QBK7, UniRef:UniRef90_U5QBK7
contig_1	cds	22761	23990	+	MIJMKC_0039		hypothetical protein	RefSeq:WP_001024502.1, SO:0001217, UniParc:UPI00017305B9, UniRef:UniRef100_U5QEY6, UniRef:UniRef50_X2FEJ2, UniRef:UniRef90_X2FEJ2
contig_1	cds	24005	24238	+	MIJMKC_0040		hypothetical protein	RefSeq:WP_000241707.1, SO:0001217, UniParc:UPI0001E2B120, UniRef:UniRef100_A0A059ZTE1, UniRef:UniRef50_A0A059ZTE1, UniRef:UniRef90_A0A059ZTE1
contig_1	cds	24277	24546	+	MIJMKC_0041		hypothetical protein	SO:0001217, UniParc:UPI0001E2B11F, UniRef:UniRef100_A0A059ZT65, UniRef:UniRef50_A0A059ZT65, UniRef:UniRef90_A0A059ZT65
contig_1	cds	24587	25690	+	MIJMKC_0042	telA	Toxic anion resistance protein TelA	RefSeq:WP_000933769.1, SO:0001217, UniParc:UPI00017305BA, UniRef:UniRef100_A0A076G4P2, UniRef:UniRef50_A0A076G4P2, UniRef:UniRef90_A0A076G4P2
contig_1	cds	25703	26983	+	MIJMKC_0043		hypothetical protein	RefSeq:WP_063558595.1, SO:0001217, UniParc:UPI0007BCB13A, UniRef:UniRef100_A0A410J6D7, UniRef:UniRef50_X2FAP5, UniRef:UniRef90_X2FAP5
contig_1	cds	27088	27345	+	MIJMKC_0044		DUF3592 domain-containing protein	RefSeq:WP_000834290.1, SO:0001217, UniParc:UPI0001E2B31B, UniRef:UniRef100_A0A0B4AXT3, UniRef:UniRef50_A0A2U9A328, UniRef:UniRef90_A0A2U9A328
contig_1	cds	27350	27922	+	MIJMKC_0045		hypothetical protein	RefSeq:WP_000443897.1, SO:0001217, UniParc:UPI0001E2B31C, UniRef:UniRef100_U5QBN0, UniRef:UniRef50_X2FIT4, UniRef:UniRef90_X2FIT4
contig_1	cds	27898	28077	+	MIJMKC_0046		hypothetical protein	RefSeq:WP_000387630.1, SO:0001217, UniParc:UPI0001E2B31D, UniRef:UniRef100_A0A0B4ARL8, UniRef:UniRef50_A0A0B4ARL8, UniRef:UniRef90_A0A0B4ARL8
contig_1	cds	28094	28723	+	MIJMKC_0047		Cement protein 3B variant 2	RefSeq:WP_000701003.1, SO:0001217, UniParc:UPI00017305BC, UniRef:UniRef100_U5QBD2, UniRef:UniRef50_X2FG68, UniRef:UniRef90_X2FG68
contig_1	cds	28763	28981	+	MIJMKC_0048		hypothetical protein	RefSeq:WP_001043201.1, SO:0001217, UniParc:UPI0001E2B31E, UniRef:UniRef100_A0A0B3YWQ5, UniRef:UniRef50_A0A0B3YWQ5, UniRef:UniRef90_A0A0B3YWQ5
contig_1	cds	29001	29555	+	MIJMKC_0049		Lipoprotein	RefSeq:WP_000790084.1, SO:0001217, UniParc:UPI00017305BD, UniRef:UniRef100_U5QEU2, UniRef:UniRef50_X2FG71, UniRef:UniRef90_X2FG71
contig_1	cds	29605	30141	+	MIJMKC_0050		Lipoprotein	RefSeq:WP_000731978.1, SO:0001217, UniParc:UPI00017305BE, UniRef:UniRef100_A0A1E2YIT9, UniRef:UniRef50_X2FEJ8, UniRef:UniRef90_X2FEJ8
contig_1	cds	30680	30979	-	MIJMKC_0051		HTH cro/C1-type domain-containing protein	RefSeq:WP_001096429.1, SO:0001217, UniParc:UPI0001E2B5E0, UniRef:UniRef100_A0A076G2N9, UniRef:UniRef50_A0A076G2N9, UniRef:UniRef90_A0A076G2N9
contig_1	cds	30979	31338	-	MIJMKC_0052		Type II toxin-antitoxin system RelE/ParE family toxin	RefSeq:WP_000312250.1, SO:0001217, UniParc:UPI0001E2B5DF, UniRef:UniRef100_A0A076G4Q7, UniRef:UniRef50_D6YQL3, UniRef:UniRef90_A0A076G4Q7
contig_1	cds	31521	32105	+	MIJMKC_0053		hypothetical protein	RefSeq:WP_000921899.1, SO:0001217, UniParc:UPI0001E2B5DE, UniRef:UniRef100_U5QBI4, UniRef:UniRef50_U5QBI4, UniRef:UniRef90_U5QBI4
contig_1	cds	32154	32336	+	MIJMKC_0054		hypothetical protein	RefSeq:WP_000373385.1, SO:0001217, UniParc:UPI00021B7910, UniRef:UniRef100_A0A059ZLB3, UniRef:UniRef50_A0A059ZLB3, UniRef:UniRef90_A0A059ZLB3
contig_1	cds	32403	33101	+	MIJMKC_0055		hypothetical protein	RefSeq:WP_000873188.1, SO:0001217, UniParc:UPI0001FFC5F0, UniRef:UniRef100_A0A076G3J5, UniRef:UniRef50_A0A1S2FW72, UniRef:UniRef90_A0A1S2FW72
contig_1	cds	33227	33622	+	MIJMKC_0056		hypothetical protein	RefSeq:WP_000236437.1, SO:0001217, UniParc:UPI0001FFC5F1, UniRef:UniRef100_U5QF32, UniRef:UniRef50_U5QF32, UniRef:UniRef90_U5QF32
contig_1	cds	33689	34447	+	MIJMKC_0057		hypothetical protein	RefSeq:WP_001053127.1, SO:0001217, UniParc:UPI0001E2B5B0, UniRef:UniRef100_U5QBC1, UniRef:UniRef50_X2F9M5, UniRef:UniRef90_X2F9M5
contig_1	cds	35503	35817	+	MIJMKC_0058		hypothetical protein	RefSeq:WP_000708714.1, SO:0001217, UniParc:UPI0001F8AFFC, UniRef:UniRef100_U5QBL5, UniRef:UniRef50_X2FIU6, UniRef:UniRef90_X2FIU6
contig_1	cds	35853	36350	+	MIJMKC_0059		J domain-containing protein	RefSeq:WP_000758689.1, SO:0001217, UniParc:UPI0001E2B540, UniRef:UniRef100_A0A0B3YWX8, UniRef:UniRef50_X2FG78, UniRef:UniRef90_X2FG78
contig_1	cds	36496	36780	+	MIJMKC_0060		hypothetical protein	RefSeq:WP_000270931.1, SO:0001217, UniParc:UPI00021B7BE4, UniRef:UniRef100_A0A0B4A059, UniRef:UniRef50_A0A0B4A059, UniRef:UniRef90_A0A0B4A059
contig_1	cds	36925	37257	+	MIJMKC_0061		hypothetical protein	RefSeq:WP_000597531.1, SO:0001217, UniParc:UPI0001F8AFFF, UniRef:UniRef100_A0A076G3G9, UniRef:UniRef50_X2FEK5, UniRef:UniRef90_X2FEK5
contig_1	cds	37273	37467	+	MIJMKC_0062		KTSC domain protein	RefSeq:WP_000560244.1, SO:0001217, UniParc:UPI0001E2B65B, UniRef:UniRef100_A0A0J1A1V0, UniRef:UniRef50_A0A0J1A1V0, UniRef:UniRef90_A0A0J1A1V0
contig_1	cds	37497	37826	-	MIJMKC_0063	grpE	Heat shock protein, GrpE family	RefSeq:WP_001066685.1, SO:0001217, UniParc:UPI0001E2B65A, UniRef:UniRef100_U5QF42, UniRef:UniRef50_A0A7U3Y3J8, UniRef:UniRef90_X2F9M9
contig_1	cds	38404	38874	+	MIJMKC_0064	copG	Ribbon-helix-helix protein CopG domain-containing protein	RefSeq:WP_000192272.1, SO:0001217, UniParc:UPI0001E2AF24, UniRef:UniRef100_A0A076G2R7, UniRef:UniRef50_X2FAQ7, UniRef:UniRef90_X2FAQ7
contig_1	cds	38879	41038	+	MIJMKC_0065	traD	Protein TraD	RefSeq:WP_000644960.1, SO:0001217, UniParc:UPI00017305E9, UniRef:UniRef100_U5QBJ7, UniRef:UniRef50_X2FEI2, UniRef:UniRef90_X2FEI2
contig_1	cds	41050	44325	+	MIJMKC_0066	mobF	MobF family relaxase	GO:0003677, RefSeq:WP_000953856.1, SO:0001217, UniParc:UPI0001E2B6FA, UniRef:UniRef100_U5QEX4, UniRef:UniRef50_X2FG47, UniRef:UniRef90_X2FG47
contig_1	cds	44416	44841	+	MIJMKC_0067		hypothetical protein	RefSeq:WP_000261891.1, SO:0001217, UniParc:UPI00017305EC, UniRef:UniRef100_U5QBJ8, UniRef:UniRef50_U5QBJ8, UniRef:UniRef90_U5QBJ8
contig_1	cds	45013	45678	-	MIJMKC_0068	pilZ	PilZ domain-containing protein	RefSeq:WP_033854404.1, SO:0001217, UniParc:UPI0004479D67, UniRef:UniRef100_UPI0004479D67, UniRef:UniRef50_S7Y482, UniRef:UniRef90_S7Y482
contig_1	cds	45846	47849	+	MIJMKC_0069		DNA methylase adenine-specific domain-containing protein	RefSeq:WP_033854405.1, SO:0001217, UniParc:UPI00044BD146, UniRef:UniRef100_UPI00044BD146, UniRef:UniRef50_Q160U6, UniRef:UniRef90_N9BWV6
contig_1	cds	47852	49144	+	MIJMKC_0070		restriction endonuclease subunit S	RefSeq:WP_033854406.1, SO:0001217, UniParc:UPI0004455104, UniRef:UniRef100_UPI00148BE7FF, UniRef:UniRef50_A0A7S9DQD5, UniRef:UniRef90_UPI00148BE7FF
contig_1	cds	49288	50325	+	MIJMKC_0071		Abi-like protein	RefSeq:WP_033854407.1, SO:0001217, UniParc:UPI0004B96FE6, UniRef:UniRef100_UPI0004B96FE6, UniRef:UniRef50_C5S1X6, UniRef:UniRef90_N9D548
contig_1	cds	50342	53626	+	MIJMKC_0072		type I site-specific deoxyribonuclease	EC:3.1.21.3, KEGG:K01153, RefSeq:WP_033854408.1, SO:0001217, UniParc:UPI00044F1E1F, UniRef:UniRef100_UPI00044F1E1F, UniRef:UniRef50_A0A377HYI6, UniRef:UniRef90_A0A7U9KAB5
contig_1	cds	53639	54988	+	MIJMKC_0073		ISL3 family transposase	GO:0004803, RefSeq:WP_033854409.1, SO:0001217, UniParc:UPI00045096B5, UniRef:UniRef100_UPI00045096B5, UniRef:UniRef50_N8Y7D6, UniRef:UniRef90_N9F4F8
contig_1	cds	55030	55356	-	MIJMKC_0074		hypothetical protein	RefSeq:WP_001132522.1, SO:0001217, UniParc:UPI00017305ED, UniRef:UniRef100_U5QEX1, UniRef:UniRef50_U5QEX1, UniRef:UniRef90_U5QEX1
contig_1	cds	55394	55960	-	MIJMKC_0075		DUF4149 domain-containing protein	RefSeq:WP_001093170.1, SO:0001217, UniParc:UPI00017305EE, UniRef:UniRef100_A0A0J1D990, UniRef:UniRef50_A0A1S2G118, UniRef:UniRef90_A0A0J1D990
contig_1	cds	55993	56166	-	MIJMKC_0076		hypothetical protein	RefSeq:WP_000550620.1, SO:0001217, UniParc:UPI0001E2B40F, UniRef:UniRef100_A0A9Q7DSG7, UniRef:UniRef50_A0A410J6G8, UniRef:UniRef90_A0A410J6G8
contig_1	cds	56204	56482	-	MIJMKC_0077		hypothetical protein	SO:0001217, UniParc:UPI0002789520, UniRef:UniRef100_A0A0D5YMT3, UniRef:UniRef50_A0A0D5YMT3, UniRef:UniRef90_A0A0D5YMT3
contig_1	cds	56496	56948	-	MIJMKC_0078		hypothetical protein	RefSeq:WP_000776261.1, SO:0001217, UniParc:UPI00017305EF, UniRef:UniRef100_U5QBN9, UniRef:UniRef50_U5QBN9, UniRef:UniRef90_U5QBN9
contig_1	cds	56996	57166	-	MIJMKC_0079		hypothetical protein	SO:0001217, UniParc:UPI0002CE54C0, UniRef:UniRef100_A0A2U9A2Q3, UniRef:UniRef50_A0A0D5YN69, UniRef:UniRef90_A0A0D5YN69
contig_1	cds	57269	58294	+	MIJMKC_0080	tnp	IS30 family ISAba125 transposase	GO:0004803, RefSeq:WP_010326927.1, SO:0001217, UniParc:UPI0001FFC5F9, UniRef:UniRef100_A0A410J699, UniRef:UniRef50_N8Y7R0, UniRef:UniRef90_V2U9R3
contig_1	cds	58395	59174	+	MIJMKC_0081	aph(3')-VIa	aminoglycoside O-phosphotransferase APH(3')-VIa	EC:2.7.1.95, GO:0005524, GO:0008910, GO:0016310, GO:0046677, KEGG:K19274, NCBIProtein:WP_000422636.1, RefSeq:WP_000422634.1, SO:0001217, UniParc:UPI0002BA9A4A, UniRef:UniRef100_A0A8D6BJR8, UniRef:UniRef50_P09885, UniRef:UniRef90_P09885
contig_1	cds	59564	60589	+	MIJMKC_0082	tnp	IS30 family ISAba125 transposase	GO:0004803, RefSeq:WP_010326927.1, SO:0001217, UniParc:UPI0001FFC5F9, UniRef:UniRef100_A0A410J699, UniRef:UniRef50_N8Y7R0, UniRef:UniRef90_V2U9R3
contig_1	cds	60524	60763	-	MIJMKC_0083		hypothetical protein	SO:0001217, UniRef:UniRef50_A0A0B4AZI4
contig_1	cds	60818	61042	-	MIJMKC_0084		hypothetical protein	RefSeq:WP_001058203.1, SO:0001217, UniParc:UPI0001E2B2B4, UniRef:UniRef100_A0A0B3ZTN8, UniRef:UniRef50_A0A0B3ZTN8, UniRef:UniRef90_A0A0B3ZTN8
contig_1	cds	61046	61705	-	MIJMKC_0085		hypothetical protein	RefSeq:WP_000581089.1, SO:0001217, UniParc:UPI00026E1C5B, UniRef:UniRef100_U5QF04, UniRef:UniRef50_X2F9N4, UniRef:UniRef90_X2F9N4
contig_1	cds	61962	62600	+	MIJMKC_0086		PinR-like resolvase	RefSeq:WP_201787331.1, SO:0001217, UniParc:UPI000A85706B, UniRef:UniRef100_A0A410J6J6, UniRef:UniRef50_A0A3N4MJD8, UniRef:UniRef90_U5QF08
contig_1	cds	62642	63073	-	MIJMKC_0087		hypothetical protein	RefSeq:WP_001190813.1, SO:0001217, UniParc:UPI00017305F2, UniRef:UniRef100_A0A076G9J9, UniRef:UniRef50_A0A1S2G042, UniRef:UniRef90_A0A1S2G042
contig_1	cds	63099	63434	-	MIJMKC_0088		hypothetical protein	RefSeq:WP_001074611.1, SO:0001217, UniParc:UPI0001F8B01A, UniRef:UniRef100_A0A7U3Y3N2, UniRef:UniRef50_A0A0M3FN48, UniRef:UniRef90_A0A0M3FN48
contig_1	cds	63665	64291	+	MIJMKC_0089		Conjugative transfer transglycosylase	RefSeq:WP_000568626.1, SO:0001217, UniParc:UPI0001F8B01B, UniRef:UniRef100_A0A076G2T5, UniRef:UniRef50_U3G7L8, UniRef:UniRef90_U5QBM6
contig_1	cds	64308	64544	+	MIJMKC_0090		Secreted protein	RefSeq:WP_063558598.1, SO:0001217, UniParc:UPI0007BCB0AC, UniRef:UniRef100_UPI0007BCB0AC, UniRef:UniRef50_A0A076G4U5, UniRef:UniRef90_A0A076G4U5
contig_1	cds	64595	64948	+	MIJMKC_0091	traA	TraA	KEGG:K12069, RefSeq:WP_000424621.1, SO:0001217, UniParc:UPI00017305F5, UniRef:UniRef100_U5QBP8, UniRef:UniRef50_U5QBP8, UniRef:UniRef90_U5QBP8
contig_1	cds	64970	65263	+	MIJMKC_0092	traL	type IV conjugative transfer system protein TraL	KEGG:K12068, RefSeq:WP_000094493.1, SO:0001217, UniParc:UPI00017305F6, UniRef:UniRef100_A0A0D5YMU8, UniRef:UniRef50_A0A0D5YMU8, UniRef:UniRef90_A0A0D5YMU8
contig_1	cds	65268	65846	+	MIJMKC_0093	traE	TraE	KEGG:K12067, RefSeq:WP_000376692.1, SO:0001217, UniParc:UPI00017305F7, UniRef:UniRef100_U5QBD8, UniRef:UniRef50_A0A076G3N3, UniRef:UniRef90_A0A076G3N3
contig_1	cds	65827	66549	+	MIJMKC_0094	traK	Conjugal transfer protein TraK	RefSeq:WP_000776095.1, SO:0001217, UniParc:UPI00017305F8, UniRef:UniRef100_U5QEZ8, UniRef:UniRef50_N9FDJ3, UniRef:UniRef90_U5QEZ8
contig_1	cds	66559	67875	+	MIJMKC_0095	traB	Conjugal transfer protein TraB	RefSeq:WP_005134280.1, SO:0001217, UniParc:UPI0002D10DA7, UniRef:UniRef100_A0A075X334, UniRef:UniRef50_X2FEH6, UniRef:UniRef90_X2FEH6
contig_1	cds	67877	68599	+	MIJMKC_0096		Thiol:disulfide interchange protein	RefSeq:WP_000714144.1, SO:0001217, UniParc:UPI0001F8B01E, UniRef:UniRef100_X2F9P2, UniRef:UniRef50_A0A0C4XXK4, UniRef:UniRef90_U5QBL7
contig_1	cds	68642	68902	+	MIJMKC_0097		Lipoprotein	RefSeq:WP_000876194.1, SO:0001217, UniParc:UPI0001E2B117, UniRef:UniRef100_A0A0D5YMV4, UniRef:UniRef50_A0A0D5YMV4, UniRef:UniRef90_A0A0D5YMV4
contig_1	cds	68903	69547	+	MIJMKC_0098	traV	type IV conjugative transfer system lipoprotein TraV	RefSeq:WP_000823132.1, SO:0001217, UniParc:UPI00017305FB, UniRef:UniRef100_U5QES9, UniRef:UniRef50_D0SGY5, UniRef:UniRef90_U5QES9
contig_1	cds	69557	72283	+	MIJMKC_0099	traC	type IV secretion system protein TraC	RefSeq:WP_005134279.1, SO:0001217, UniParc:UPI0002D039AA, UniRef:UniRef100_A0A1S2G044, UniRef:UniRef50_A0A8E5EPV3, UniRef:UniRef90_A0A8E5EPV3
contig_1	cds	72280	72675	+	MIJMKC_0100		hypothetical protein	RefSeq:WP_005134278.1, SO:0001217, UniParc:UPI0002CF5762, UniRef:UniRef100_A0A075X4T0, UniRef:UniRef50_A0A7U3Y3P4, UniRef:UniRef90_A0A7U3Y3P4
contig_1	cds	72723	73223	+	MIJMKC_0101	lepB	signal peptidase I	EC:3.4.21.89, GO:0004252, GO:0006465, GO:0009306, RefSeq:WP_001058570.1, SO:0001217, UniParc:UPI0001E2B115, UniRef:UniRef100_A0A076G3J8, UniRef:UniRef50_A0A410J6I7, UniRef:UniRef90_A0A410J6I7
contig_1	cds	73210	73848	+	MIJMKC_0102	traW	type-F conjugative transfer system protein TraW	RefSeq:WP_000672680.1, SO:0001217, UniParc:UPI0001730316, UniRef:UniRef100_U5QBH9, UniRef:UniRef50_U5QBH9, UniRef:UniRef90_U5QBH9
contig_1	cds	73845	74888	+	MIJMKC_0103	traU	conjugal transfer pilus assembly protein TraU	RefSeq:WP_005134276.1, SO:0001217, UniParc:UPI0002CEE689, UniRef:UniRef100_A0A075X3W6, UniRef:UniRef50_U3G7K4, UniRef:UniRef90_U5QBL2
contig_1	cds	74903	75610	+	MIJMKC_0104	trbC	type-F conjugative transfer system pilin assembly protein TrbC	RefSeq:WP_000733535.1, SO:0001217, UniParc:UPI0001730318, UniRef:UniRef100_U5QES3, UniRef:UniRef50_U5QES3, UniRef:UniRef90_U5QES3
contig_1	cds	75607	77664	+	MIJMKC_0105	traN	Conjugal transfer protein TraN	RefSeq:WP_000591718.1, SO:0001217, UniParc:UPI0001E2B114, UniRef:UniRef100_U5QBA4, UniRef:UniRef50_X2F9J8, UniRef:UniRef90_X2F9J8
contig_1	cds	77657	78469	+	MIJMKC_0106	traF	Conjugal transfer protein TraF	RefSeq:WP_001037429.1, SO:0001217, UniParc:UPI0001E2B053, UniRef:UniRef100_A0A0D5YP08, UniRef:UniRef50_N9AAX5, UniRef:UniRef90_A0A0D5YP08
contig_1	cds	78508	78837	+	MIJMKC_0107		Secreted protein	RefSeq:WP_000644930.1, SO:0001217, UniParc:UPI000173031C, UniRef:UniRef100_A0A076G9N6, UniRef:UniRef50_A0A076G9N6, UniRef:UniRef90_A0A076G9N6
contig_1	cds	78871	80298	+	MIJMKC_0108	traH	Conjugal transfer protein TraH	RefSeq:WP_000692620.1, SO:0001217, UniParc:UPI0001E2B8FD, UniRef:UniRef100_X2FIS0, UniRef:UniRef50_N9DXL3, UniRef:UniRef90_X2FIS0
contig_1	cds	80314	83316	+	MIJMKC_0109	traG	Conjugal transfer protein TraG	RefSeq:WP_000347999.1, SO:0001217, UniParc:UPI000173031F, UniRef:UniRef100_U5QBF1, UniRef:UniRef50_X2FG55, UniRef:UniRef90_X2FG55
contig_1	cds	83388	83906	+	MIJMKC_0110		Transglycosylase SLT domain-containing protein	SO:0001217, UniParc:UPI0001E2B647, UniRef:UniRef100_A0A076G4X9, UniRef:UniRef50_N9F6M0, UniRef:UniRef90_A0A076G4X9
contig_1	cds	83938	84930	-	MIJMKC_0111		Peptidase MA family protein	RefSeq:WP_001132594.1, SO:0001217, UniParc:UPI0001730320, UniRef:UniRef100_U5QEZ2, UniRef:UniRef50_A0A0J1A329, UniRef:UniRef90_A0A0J1A329
contig_1	cds	85097	86269	+	MIJMKC_0112	umuC	DNA polymerase V subunit UmuC	KEGG:K03502, RefSeq:WP_228202443.1, SO:0001217, UniParc:UPI001D1863E9, UniRef:UniRef100_UPI001D1863E9, UniRef:UniRef50_N9CR12, UniRef:UniRef90_U5QEQ7
contig_1	cds	86337	87095	+	MIJMKC_0113		Endonuclease	SO:0001217, UniParc:UPI0003B104B7, UniRef:UniRef100_A0A2U9A2T9, UniRef:UniRef50_R9AWF5, UniRef:UniRef90_H6VX74
contig_1	cds	87096	89006	+	MIJMKC_0114		DDE-type integrase/transposase/recombinase	RefSeq:WP_000573060.1, SO:0001217, UniParc:UPI0001859CDC, UniRef:UniRef100_A0A7U4BK50, UniRef:UniRef50_Q2FD49, UniRef:UniRef90_Q2FD49
contig_1	cds	89011	89931	+	MIJMKC_0115		Transposition helper protein	RefSeq:WP_000417085.1, SO:0001217, UniParc:UPI0000697668, UniRef:UniRef100_B0VCG0, UniRef:UniRef50_R9AQB5, UniRef:UniRef90_B0VCG0
contig_1	cds	89961	91076	+	MIJMKC_0116	tniQ	TniQ family protein	RefSeq:WP_000081835.1, SO:0001217, UniParc:UPI0001785BDB, UniRef:UniRef100_G3K3T6, UniRef:UniRef50_R9AQF8, UniRef:UniRef90_N9QYA4
contig_1	cds	91585	92499	+	MIJMKC_0117		FPG-type domain-containing protein	RefSeq:WP_000559585.1, SO:0001217, UniParc:UPI0001785BDC, UniRef:UniRef100_G3K3T7, UniRef:UniRef50_N9PEJ0, UniRef:UniRef90_N9PEJ0
contig_1	cds	92874	93245	-	MIJMKC_0118		hypothetical protein	RefSeq:WP_000529372.1, SO:0001217, UniParc:UPI00015A26B6, UniRef:UniRef100_A0A0G3VYC6, UniRef:UniRef50_A0A411N1I4, UniRef:UniRef90_A0A411N1I4
contig_1	cds	93318	93617	-	MIJMKC_0119		hypothetical protein	RefSeq:WP_001095006.1, SO:0001217, UniParc:UPI0001D31E04, UniRef:UniRef100_A0A7U4BJT9, UniRef:UniRef50_N9PE77, UniRef:UniRef90_N9PE77
contig_1	cds	93685	94536	-	MIJMKC_0120	uspA	Nucleotide-binding universal stress protein, UspA family	COG:COG0589, COG:T, RefSeq:WP_000034564.1, SO:0001217, UniParc:UPI0001785BDD, UniRef:UniRef100_A0A7U4BK71, UniRef:UniRef50_N8R6D4, UniRef:UniRef90_X2FAJ3
contig_1	cds	94549	96036	-	MIJMKC_0121	sulP	Sulfate permease or related transporter, MFS superfamily	COG:COG0659, COG:P, RefSeq:WP_000953322.1, SO:0001217, UniParc:UPI0001785BDE, UniRef:UniRef100_A0A7U4BKI2, UniRef:UniRef50_Q2FCW2, UniRef:UniRef90_N9QPB1
contig_1	cds	96331	98127	-	MIJMKC_0122	tnsE	TnsE C-terminal domain-containing protein	RefSeq:WP_001144964.1, SO:0001217, UniParc:UPI0001785BDF, UniRef:UniRef100_A0A7U4F5Z3, UniRef:UniRef50_R9AQA7, UniRef:UniRef90_L9MGK0
contig_1	cds	98591	99706	+	MIJMKC_0123		hypothetical protein	SO:0001217, UniParc:UPI00026E1C59, UniRef:UniRef100_U5QER2, UniRef:UniRef50_X2FG90, UniRef:UniRef90_X2FG90
contig_1	cds	99951	100202	-	MIJMKC_0124		hypothetical protein	RefSeq:WP_000572025.1, SO:0001217, UniParc:UPI0001E2B465, UniRef:UniRef100_A0A1U9X4Y6, UniRef:UniRef50_A0A0D5YNA0, UniRef:UniRef90_A0A0D5YNA0
contig_1	cds	100270	100503	-	MIJMKC_0125		hypothetical protein	RefSeq:WP_000719146.1, SO:0001217, UniParc:UPI0001E2B84A, UniRef:UniRef100_A0A076G2X9, UniRef:UniRef50_A0A076G2X9, UniRef:UniRef90_A0A076G2X9
contig_1	cds	100992	102167	+	MIJMKC_0126		Plasmid replicase	RefSeq:WP_002031424.1, SO:0001217, UniParc:UPI000277C004, UniRef:UniRef100_U5QB99, UniRef:UniRef50_U5QB99, UniRef:UniRef90_U5QB99
contig_1	cds	102239	102478	+	MIJMKC_0127		hypothetical protein	SO:0001217, UniParc:UPI0001E2B9C0, UniRef:UniRef100_A0A076G3M8, UniRef:UniRef50_A0A076G3M8, UniRef:UniRef90_A0A076G3M8
contig_1	cds	102465	103547	+	MIJMKC_0128		DUF1173 domain-containing protein	RefSeq:WP_000258411.1, SO:0001217, UniParc:UPI00021B7B91, UniRef:UniRef100_U5QBB1, UniRef:UniRef50_U5QBB1, UniRef:UniRef90_U5QBB1
contig_1	cds	103563	104828	+	MIJMKC_0129		DUF1173 domain-containing protein	RefSeq:WP_000770546.1, SO:0001217, UniParc:UPI00017305AB, UniRef:UniRef100_U5QBB1, UniRef:UniRef50_U5QBB1, UniRef:UniRef90_U5QBB1
contig_1	cds	104794	105318	+	MIJMKC_0130		hypothetical protein	RefSeq:WP_000100569.1, SO:0001217, UniParc:UPI00017305AC, UniRef:UniRef100_A0A076G2Y6, UniRef:UniRef50_A0A0C4Y2J4, UniRef:UniRef90_A0A076G2Y6
contig_1	cds	105364	105744	+	MIJMKC_0131		hypothetical protein	RefSeq:WP_000227379.1, SO:0001217, UniParc:UPI00017305AD, UniRef:UniRef100_A0A076G4Z8, UniRef:UniRef50_X2FIS4, UniRef:UniRef90_X2FIS4
contig_1	cds	105898	106272	+	MIJMKC_0132		hypothetical protein	RefSeq:WP_000230431.1, SO:0001217, UniParc:UPI00017305AE, UniRef:UniRef100_U5QEV9, UniRef:UniRef50_U5QEV9, UniRef:UniRef90_U5QEV9
contig_1	cds	106444	107040	+	MIJMKC_0133	ycxB	YcxB family protein	RefSeq:WP_000095825.1, SO:0001217, UniParc:UPI00017305AF, UniRef:UniRef100_U5QET5, UniRef:UniRef50_X2FEI6, UniRef:UniRef90_X2FEI6
contig_1	cds	107260	107427	+	MIJMKC_0134		hypothetical protein	RefSeq:WP_005134275.1, SO:0001217, UniParc:UPI0002CF7172, UniRef:UniRef100_A0A2U9A2K8, UniRef:UniRef50_A0A0D5YP24, UniRef:UniRef90_A0A0D5YP24
contig_1	cds	107768	108160	+	MIJMKC_0135		thermonuclease family protein	RefSeq:WP_228202445.1, SO:0001217, UniParc:UPI001D181BA8, UniRef:UniRef100_UPI001D181BA8, UniRef:UniRef50_UPI00068095E1, UniRef:UniRef90_UPI001D181BA8
contig_1	cds	108219	108329	+	MIJMKC_0136		hypothetical protein	
contig_1	cds	108316	108546	+	MIJMKC_0137		H-NS histone family protein	SO:0001217, UniRef:UniRef50_UPI00274043AA
contig_1	cds	108559	108747	+	MIJMKC_0138		hypothetical protein	RefSeq:WP_000427815.1, SO:0001217, UniParc:UPI0001E2B965, UniRef:UniRef100_A0A0B3ZPK3, UniRef:UniRef50_A0A0B3ZPK3, UniRef:UniRef90_A0A0B3ZPK3
contig_1	cds	109106	109438	+	MIJMKC_0139		hypothetical protein	RefSeq:WP_000565581.1, SO:0001217, UniParc:UPI0001E2B35E, UniRef:UniRef100_U5QBG6, UniRef:UniRef50_U5QBG6, UniRef:UniRef90_U5QBG6
contig_1	cds	109452	109586	+	MIJMKC_0140		hypothetical protein	
contig_1	cds	109595	109861	+	MIJMKC_0141		hypothetical protein	RefSeq:WP_228202446.1, SO:0001217, UniParc:UPI001D189366, UniRef:UniRef100_UPI001D189366, UniRef:UniRef50_UPI0021C283F6, UniRef:UniRef90_UPI001CB7CAE3
contig_1	cds	109975	110106	+	MIJMKC_0142		(pseudo) DUF2786 domain-containing protein	SO:0001217, UniRef:UniRef50_UPI0021C42ADE, UniRef:UniRef90_UPI001CDD07FC
contig_1	cds	110123	110662	+	MIJMKC_0143		DUF2786 domain-containing protein	SO:0001217, UniRef:UniRef50_A0A7U3Y3I2, UniRef:UniRef90_UPI001E51A6B0
