# Annotated with Bakta
# Software: v1.10.3
# Database: v5.1, full
# DOI: 10.1099/mgen.0.000685
# URL: github.com/oschwengers/bakta
#Sequence Id	Type	Start	Stop	Strand	Locus Tag	Gene	Product	DbXrefs
contig_1	cds	2	223	+	BBPDHO_0001		(5' truncated) hypothetical protein	
contig_1	cds	236	1651	+	BBPDHO_0002		ATP-dependent DNA ligase family profile domain-containing protein	RefSeq:WP_031980868.1, SO:0001217, UniParc:UPI00044CA206, UniRef:UniRef100_UPI00044CA206, UniRef:UniRef50_N9L8X1, UniRef:UniRef90_N9L8X1
contig_1	cds	1669	2124	+	BBPDHO_0003		DNA ligase (ATP)	RefSeq:WP_031980869.1, SO:0001217, UniParc:UPI00044EECC4, UniRef:UniRef100_UPI001D19143F, UniRef:UniRef50_A0A062IU46, UniRef:UniRef90_UPI001D19143F
contig_1	cds	2164	2736	+	BBPDHO_0004		AAA domain protein	RefSeq:WP_002125274.1, SO:0001217, UniParc:UPI000297A88B, UniRef:UniRef100_A0A6H3T6J2, UniRef:UniRef50_A0A2K0CSA7, UniRef:UniRef90_A0A2K0CSA7
contig_1	cds	2809	3429	+	BBPDHO_0005		hypothetical protein	RefSeq:WP_002125265.1, SO:0001217, UniParc:UPI000297E309, UniRef:UniRef100_A0A7I6UVG5, UniRef:UniRef50_A0A2I8CYZ2, UniRef:UniRef90_A0A2I8CYZ2
contig_1	cds	3417	3845	-	BBPDHO_0006		hypothetical protein	RefSeq:WP_000016663.1, SO:0001217, UniParc:UPI000278983B, UniRef:UniRef100_A0A1L9XCA2, UniRef:UniRef50_A0A0Q1YCZ7, UniRef:UniRef90_A0A0Q1YCZ7
contig_1	cds	3842	4519	-	BBPDHO_0007		Partition protein	RefSeq:WP_000770709.1, SO:0001217, UniParc:UPI0001AF06C9, UniRef:UniRef100_A0A1V3DDD8, UniRef:UniRef50_A0A1S2FXH8, UniRef:UniRef90_A0A1S2FXH8
contig_1	cds	4722	5138	+	BBPDHO_0008		hypothetical protein	RefSeq:WP_001180912.1, SO:0001217, UniParc:UPI0002B9AE01, UniRef:UniRef100_A0A1S2FXD5, UniRef:UniRef50_A0A158LPJ2, UniRef:UniRef90_A0A158LPJ2
contig_1	cds	5135	5719	-	BBPDHO_0009		Integrase	RefSeq:WP_000124734.1, SO:0001217, UniParc:UPI0001AF06CB, UniRef:UniRef100_A0A1S2FY03, UniRef:UniRef50_A0A1S2FY03, UniRef:UniRef90_A0A1S2FY03
contig_1	cds	6059	6478	-	BBPDHO_0010		Helix-turn-helix family protein	RefSeq:WP_000833466.1, SO:0001217, UniParc:UPI0001AF06CC, UniRef:UniRef100_A0A1T0DI25, UniRef:UniRef50_A0A009H7I2, UniRef:UniRef90_A0A009H7I2
contig_1	cds	6900	7094	+	BBPDHO_0011		hypothetical protein	RefSeq:WP_000047261.1, SO:0001217, UniParc:UPI0001AF06CD, UniRef:UniRef100_A0A1R0D465, UniRef:UniRef50_A0A2P1B0P9, UniRef:UniRef90_A0A2P1B0P9
contig_1	cds	7335	9257	+	BBPDHO_0012	cobT	Cobalamin biosynthesis CobT VWA domain protein	RefSeq:WP_031980871.1, SO:0001217, UniParc:UPI000449F4C9, UniRef:UniRef100_UPI000449F4C9, UniRef:UniRef50_A0A2P1B0Q4, UniRef:UniRef90_A0A2P1B0Q4
contig_1	cds	9402	10646	+	BBPDHO_0013		AAA family ATPase	RefSeq:WP_000063932.1, SO:0001217, UniParc:UPI00021B78D8, UniRef:UniRef100_A0A1L9XCA9, UniRef:UniRef50_A0A1L9XCA9, UniRef:UniRef90_A0A1L9XCA9
contig_1	cds	10672	11337	+	BBPDHO_0014		RNA polymerase sigma-70 region 2 domain-containing protein	RefSeq:WP_000252085.1, SO:0001217, UniParc:UPI0002789842, UniRef:UniRef100_A0A1L9XCB7, UniRef:UniRef50_N9JT77, UniRef:UniRef90_N9JT77
contig_1	cds	11388	12068	+	BBPDHO_0015		hypothetical protein	RefSeq:WP_000840052.1, SO:0001217, UniParc:UPI000297B5FD, UniRef:UniRef100_A0A1S2FYV4, UniRef:UniRef50_A0A1R0D3T3, UniRef:UniRef90_A0A1R0D3T3
contig_1	cds	12114	13577	+	BBPDHO_0016		DNA polymerase III subunit alpha	RefSeq:WP_000931855.1, SO:0001217, UniParc:UPI0002D06B10, UniRef:UniRef100_N9L2E4, UniRef:UniRef50_N9L2E4, UniRef:UniRef90_N9L2E4
contig_1	cds	13522	14448	+	BBPDHO_0017		DUF1064 domain-containing protein	RefSeq:WP_005137868.1, SO:0001217, UniParc:UPI0002D02B32, UniRef:UniRef100_A0A3S0KZQ5, UniRef:UniRef50_A0A3S0KZQ5, UniRef:UniRef90_A0A3S0KZQ5
contig_1	cds	14432	15757	+	BBPDHO_0018		DNA-directed DNA polymerase	RefSeq:WP_114149100.1, SO:0001217, UniParc:UPI000AE5A0EE, UniRef:UniRef100_UPI0027B8A5CC, UniRef:UniRef50_A0A062IR95, UniRef:UniRef90_A0A062IR95
contig_1	cds	15806	15997	+	BBPDHO_0019		NUMOD4 domain-containing protein	RefSeq:WP_000432851.1, SO:0001217, UniParc:UPI0002884A90, UniRef:UniRef100_A0A9Q8HH48, UniRef:UniRef50_A0A9Q8HH48, UniRef:UniRef90_A0A9Q8HH48
contig_1	cds	15987	17252	+	BBPDHO_0020		Uracil DNA glycosylase superfamily protein	RefSeq:WP_000695255.1, SO:0001217, UniParc:UPI00030AC787, UniRef:UniRef100_UPI00030AC787, UniRef:UniRef50_A0A009GNC1, UniRef:UniRef90_A0A009GNC1
contig_1	cds	17342	18430	+	BBPDHO_0021		Regulatory protein	RefSeq:WP_000034356.1, SO:0001217, UniParc:UPI00028323E0, UniRef:UniRef100_A0A9Q8HHX0, UniRef:UniRef50_A0A009GB63, UniRef:UniRef90_A0A009GB63
contig_1	cds	18573	19433	+	BBPDHO_0022		Bacteriophage T4 Gp32 single-stranded DNA-binding domain-containing protein	RefSeq:WP_001099771.1, SO:0001217, UniParc:UPI0001AF06D7, UniRef:UniRef100_A0A1V3DED0, UniRef:UniRef50_A0A1S2FYA7, UniRef:UniRef90_A0A1S2FYA7
contig_1	cds	19496	20533	+	BBPDHO_0023		5''-3'' exonuclease (Including N-terminal domain of PolI)	RefSeq:WP_000429228.1, SO:0001217, UniParc:UPI0002BB6816, UniRef:UniRef100_A0A1V3DDD7, UniRef:UniRef50_A0A1V3DDD7, UniRef:UniRef90_A0A1V3DDD7
contig_1	cds	20536	22737	+	BBPDHO_0024	recA	Protein RecA	RefSeq:WP_005137870.1, SO:0001217, UniParc:UPI0002CD89EE, UniRef:UniRef100_N9L8Y9, UniRef:UniRef50_A0A8B4MY80, UniRef:UniRef90_A0A7W0E2F9
contig_1	cds	22822	23181	+	BBPDHO_0025		ASCH domain-containing protein	RefSeq:WP_000680035.1, SO:0001217, UniParc:UPI0001AF06DA, UniRef:UniRef100_A0A1Q9Z6G4, UniRef:UniRef50_A0A1V3DDC9, UniRef:UniRef90_A0A1V3DDC9
contig_1	cds	23178	23639	+	BBPDHO_0026		hypothetical protein	RefSeq:WP_000095727.1, SO:0001217, UniParc:UPI0001AF06DB, UniRef:UniRef100_A0A2I8CYI7, UniRef:UniRef50_A0A1V3DDF7, UniRef:UniRef90_A0A1L9XCC6
contig_1	cds	24107	24328	+	BBPDHO_0027	hicA	Type II toxin-antitoxin system HicA family toxin	RefSeq:WP_002027139.1, SO:0001217, UniParc:UPI00028184BD, UniRef:UniRef100_A0A1V3DDD6, UniRef:UniRef50_A0A1V3DDD6, UniRef:UniRef90_A0A1V3DDD6
contig_1	cds	24362	25477	+	BBPDHO_0028		Calcineurin-like phosphoesterase family protein	RefSeq:WP_031956522.1, SO:0001217, UniParc:UPI0003158DF7, UniRef:UniRef100_A0A9X3Q7X1, UniRef:UniRef50_A0A009H665, UniRef:UniRef90_A0A009H665
contig_1	cds	25477	27417	+	BBPDHO_0029	recF	Recombinase RecF	RefSeq:WP_000698007.1, SO:0001217, UniParc:UPI0002BBF8BF, UniRef:UniRef100_UPI0002BBF8BF, UniRef:UniRef50_A0A1V3DDE2, UniRef:UniRef90_A0A1S2FXJ6
contig_1	cds	27509	28345	+	BBPDHO_0030		hypothetical protein	RefSeq:WP_000192217.1, SO:0001217, UniParc:UPI0001AF06DF, UniRef:UniRef100_A0A1Q9ZCB6, UniRef:UniRef50_A0A1Q9ZCB6, UniRef:UniRef90_A0A1Q9ZCB6
contig_1	cds	28477	29079	+	BBPDHO_0031	ruvC	Crossover junction endodeoxyribonuclease RuvC	RefSeq:WP_000692603.1, SO:0001217, UniParc:UPI0002BC755C, UniRef:UniRef100_N9LA09, UniRef:UniRef50_A0A1L9XCE0, UniRef:UniRef90_A0A1L9XCE0
contig_1	cds	29153	29533	+	BBPDHO_0032		hypothetical protein	RefSeq:WP_000030997.1, SO:0001217, UniParc:UPI0002BC4E7A, UniRef:UniRef100_N9L2G3, UniRef:UniRef50_N9L2G3, UniRef:UniRef90_N9L2G3
contig_1	cds	29555	31927	+	BBPDHO_0033		ribonucleoside-diphosphate reductase subunit alpha	EC:1.17.4.1, GO:0004748, GO:0005971, GO:0009265, RefSeq:WP_001103333.1, SO:0001217, UniParc:UPI0002B9F7EF, UniRef:UniRef100_N9L8Z7, UniRef:UniRef50_A0A556UV97, UniRef:UniRef90_A0A8B4MY68
contig_1	cds	32085	33014	+	BBPDHO_0034		Ribonucleoside-diphosphate reductase subunit beta	SO:0001217, UniParc:UPI0002BB3D29, UniRef:UniRef100_N9JT71, UniRef:UniRef50_A0A3N8QQV6, UniRef:UniRef90_N9JT71
contig_1	cds	33027	33938	+	BBPDHO_0035		Thymidylate synthase	RefSeq:WP_000705250.1, SO:0001217, UniParc:UPI0002BB0E3C, UniRef:UniRef100_N9JT96, UniRef:UniRef50_N9JT96, UniRef:UniRef90_N9JT96
contig_1	cds	33942	34226	+	BBPDHO_0036		hypothetical protein	RefSeq:WP_001019929.1, SO:0001217, UniParc:UPI0001AF06E5, UniRef:UniRef100_A0A1L9XCE5, UniRef:UniRef50_A0A1S2G003, UniRef:UniRef90_A0A1S2G003
contig_1	cds	34226	34453	+	BBPDHO_0037		hypothetical protein	RefSeq:WP_000047654.1, SO:0001217, UniParc:UPI0001AF06E6, UniRef:UniRef100_A0A1L9XCD5, UniRef:UniRef50_A0A178GH54, UniRef:UniRef90_A0A1L9XCD5
contig_1	cds	34484	34741	+	BBPDHO_0038		hypothetical protein	RefSeq:WP_000178935.1, SO:0001217, UniParc:UPI0001AF06E7, UniRef:UniRef100_A0A1S8UMX0, UniRef:UniRef50_A0A1S8UMX0, UniRef:UniRef90_A0A1S8UMX0
contig_1	cds	34734	35099	+	BBPDHO_0039	mazG	MazG nucleotide pyrophosphohydrolase domain protein	RefSeq:WP_000168233.1, SO:0001217, UniParc:UPI0001AF06E8, UniRef:UniRef100_A0A1S2FY95, UniRef:UniRef50_A0A0S0NAG1, UniRef:UniRef90_A0A241ZIS2
contig_1	cds	35096	35263	+	BBPDHO_0040		AAA family ATPase	RefSeq:WP_001982274.1, SO:0001217, UniParc:UPI0001AF06E9, UniRef:UniRef100_A0A432AQV6, UniRef:UniRef50_A0A432AQV6, UniRef:UniRef90_A0A432AQV6
contig_1	cds	35291	35995	-	BBPDHO_0041	tnp	IS6 family IS1008 transposase	GO:0004803, IS:IS1008, RefSeq:WP_001067790.1, SO:0001217, UniParc:UPI00000BF221, UniRef:UniRef100_Q8GQW6, UniRef:UniRef50_C7EZD9, UniRef:UniRef90_V2VH75
contig_1	cds	36170	36889	+	BBPDHO_0042		IS91 family transposase	GO:0004803, SO:0001217, UniParc:UPI0002BB23F2, UniRef:UniRef100_C4NUT8, UniRef:UniRef50_C4NUT8, UniRef:UniRef90_C4NUT8
contig_1	cds	37127	37531	+	BBPDHO_0043	arsR	DNA-binding transcriptional regulator, ArsR family	COG:COG0640, COG:K, RefSeq:WP_000512977.1, SO:0001217, UniParc:UPI0001D32104, UniRef:UniRef100_Q1A2K6, UniRef:UniRef50_Q1A2K6, UniRef:UniRef90_Q1A2K6
contig_1	cds	37509	38132	-	BBPDHO_0044	tetR(B)	tetracycline resistance transcriptional repressor TetR(B)	BlastRules:WP_000088605, COG:COG1309, COG:K, GO:0003677, GO:0045892, GO:0046677, GO:0046872, RefSeq:WP_162895263.1, SO:0001217, UniParc:UPI0013C34B79, UniRef:UniRef100_UPI0013C34B79, UniRef:UniRef50_P0ACT4, UniRef:UniRef90_P04483
contig_1	cds	38214	39419	+	BBPDHO_0045	tet(B)	tetracycline efflux MFS transporter Tet(B)	COG:COG2814, COG:G, GO:0005886, GO:0015297, GO:0016020, GO:0022857, GO:0046677, GO:0055085, NCBIProtein:WP_001089072.1, RefSeq:WP_001089072.1, SO:0001217, UniParc:UPI0000000805, UniRef:UniRef100_P02980, UniRef:UniRef50_P02980, UniRef:UniRef90_P02980
contig_1	cds	39645	39947	-	BBPDHO_0046		Glm	RefSeq:WP_000251875.1, SO:0001217, UniParc:UPI000018F996, UniRef:UniRef100_Q6EZF2, UniRef:UniRef50_Q6EZF2, UniRef:UniRef90_Q6EZF2
contig_1	cds	40034	40849	-	BBPDHO_0047	sul2	sulfonamide-resistant dihydropteroate synthase Sul2	EC:2.5.1.15, GO:0004156, GO:0046654, GO:0046656, GO:0046872, NCBIProtein:WP_001043260.1, RefSeq:WP_001043260.1, SO:0001217, UniParc:UPI0000000350, UniRef:UniRef100_P0AC11, UniRef:UniRef50_P0AC11, UniRef:UniRef90_P0AC11
contig_1	cds	41026	41511	+	BBPDHO_0048	tnp	IS4 family ISAba1 transposase	GO:0004803, RefSeq:WP_000960213.1, SO:0001217, UniParc:UPI0000F2F573, UniRef:UniRef100_A0A2H4TKL0, UniRef:UniRef50_A0A385ENU1, UniRef:UniRef90_A0A385ENU1
contig_1	cds	42169	42402	-	BBPDHO_0049		Transposase	SO:0001217, UniParc:UPI0002BC6DB9, UniRef:UniRef100_A0A1S2G0R5, UniRef:UniRef50_A0A009IGJ8, UniRef:UniRef90_A0A009IGJ8
contig_1	cds	42583	43122	+	BBPDHO_0050		DNA-directed DNA polymerase	RefSeq:WP_000613548.1, SO:0001217, UniParc:UPI0001AF0A70, UniRef:UniRef100_A0A1L9XCC5, UniRef:UniRef50_A0A1L9XCC5, UniRef:UniRef90_A0A1L9XCC5
contig_1	cds	43119	43361	+	BBPDHO_0051		Zinc-binding domain-containing protein	SO:0001217, UniParc:UPI0002896AA1, UniRef:UniRef100_A0A1S2FHD7, UniRef:UniRef50_A0A1S2FHD7, UniRef:UniRef90_A0A1S2FHD7
contig_1	cds	43358	43678	+	BBPDHO_0052		hypothetical protein	RefSeq:WP_001080572.1, SO:0001217, UniParc:UPI00021B78E9, UniRef:UniRef100_A0A1L9XCE2, UniRef:UniRef50_A0A2I8CZ56, UniRef:UniRef90_A0A2I8CZ56
contig_1	cds	43618	43770	-	BBPDHO_0053		hypothetical protein	RefSeq:WP_015445073.1, SO:0001217, UniParc:UPI0002C04040, UniRef:UniRef100_A0A385F0A9, UniRef:UniRef50_A0A385F0A9, UniRef:UniRef90_A0A385F0A9
contig_1	cds	43914	44132	+	BBPDHO_0054		(pseudo) hypothetical protein	RefSeq:WP_000393371.1, SO:0001217, UniParc:UPI0002BBB919, UniRef:UniRef100_UPI0020CCECBD, UniRef:UniRef50_A0A241ZHU6, UniRef:UniRef50_UPI0020CCECBD, UniRef:UniRef90_A0A241ZHU6, UniRef:UniRef90_UPI0020CCECBD
contig_1	cds	44185	44289	+	BBPDHO_0055		hypothetical protein	
contig_1	cds	44419	45195	+	BBPDHO_0056		hypothetical protein	RefSeq:WP_000698342.1, SO:0001217, UniParc:UPI0002894A36, UniRef:UniRef100_A0A1L9XCN7, UniRef:UniRef50_A0A1S2FHC4, UniRef:UniRef90_A0A1S2FHC4
contig_1	cds	45249	45671	+	BBPDHO_0057		DUF2958 domain-containing protein	RefSeq:WP_000582283.1, SO:0001217, UniParc:UPI0002B968E6, UniRef:UniRef100_A0A1L9XCF6, UniRef:UniRef50_A0A009GND1, UniRef:UniRef90_A0A062I993
contig_1	cds	45664	45948	+	BBPDHO_0058		hypothetical protein	RefSeq:WP_000033719.1, SO:0001217, UniParc:UPI00028879CF, UniRef:UniRef100_A0A505UYY6, UniRef:UniRef50_A0A1V3DF62, UniRef:UniRef90_A0A1V3DF62
contig_1	cds	45948	46460	+	BBPDHO_0059		hypothetical protein	RefSeq:WP_000135194.1, SO:0001217, UniParc:UPI00046E3EFC, UniRef:UniRef100_A0A1T0E8P6, UniRef:UniRef50_A0A1S2G0I7, UniRef:UniRef90_A0A241ZIR1
contig_1	cds	46593	47456	+	BBPDHO_0060		hypothetical protein	RefSeq:WP_000991897.1, SO:0001217, UniParc:UPI0002BB65A3, UniRef:UniRef100_A0A3R5ZG57, UniRef:UniRef50_A0A1S2FZY4, UniRef:UniRef90_A0A1S2FZY4
contig_1	cds	48232	49800	+	BBPDHO_0061		type I restriction-modification system subunit M	EC:2.1.1.72, GO:0006306, GO:0009007, GO:0009307, GO:0015666, RefSeq:WP_005130202.1, SO:0001217, UniParc:UPI0002D06A5F, UniRef:UniRef100_UPI0002D06A5F, UniRef:UniRef50_B1BVR9, UniRef:UniRef90_A0A009G7L1
contig_1	cds	49800	50984	+	BBPDHO_0062		restriction endonuclease subunit S	EC:3.1.21.3, KEGG:K01154, RefSeq:WP_005130204.1, SO:0001217, UniParc:UPI0002CF789F, UniRef:UniRef100_UPI0002CF789F, UniRef:UniRef50_UPI0026494883, UniRef:UniRef90_UPI0026494883
contig_1	cds	50994	51905	+	BBPDHO_0063		DUF5655 domain-containing protein	RefSeq:WP_001177806.1, SO:0001217, UniParc:UPI000297345B, UniRef:UniRef100_A0A1T0E8I0, UniRef:UniRef50_P44169, UniRef:UniRef90_A0A0A3W2E3
contig_1	cds	51934	54813	+	BBPDHO_0064		Type I restriction enzyme endonuclease subunit	RefSeq:WP_000218114.1, SO:0001217, UniParc:UPI0002BC6ED5, UniRef:UniRef100_UPI0002BC6ED5, UniRef:UniRef50_N9Q7C0, UniRef:UniRef90_A0A239RUG9
contig_1	cds	54904	55578	+	BBPDHO_0065		IS5 family transposase	GO:0004803, SO:0001217, UniRef:UniRef50_N8WNZ7, UniRef:UniRef90_A0A829HIA9
contig_1	cds	55909	56556	+	BBPDHO_0066		hypothetical protein	RefSeq:WP_001037834.1, SO:0001217, UniParc:UPI0002BAD447, UniRef:UniRef100_A0A1S2G014, UniRef:UniRef50_A0A241ZI41, UniRef:UniRef90_A0A1S2G014
contig_1	tRNA	56841	56916	+	BBPDHO_0067	trnN	tRNA-Asn(gtt)	SO:0000257
contig_1	cds	56954	57199	+	BBPDHO_0068		hypothetical protein	RefSeq:WP_000119273.1, SO:0001217, UniParc:UPI0001AF0A87, UniRef:UniRef100_A0A1L6F783, UniRef:UniRef50_A0A062IRI8, UniRef:UniRef90_A0A1L6F783
contig_1	cds	57433	57759	+	BBPDHO_0069		hypothetical protein	RefSeq:WP_000495140.1, SO:0001217, UniParc:UPI0001AF0A88, UniRef:UniRef100_A0A1L9XC39, UniRef:UniRef50_B0VN92, UniRef:UniRef90_B0VN92
contig_1	cds	57775	58515	+	BBPDHO_0070		hypothetical protein	RefSeq:WP_000074834.1, SO:0001217, UniParc:UPI0002BC7BC8, UniRef:UniRef100_A0A1S2G266, UniRef:UniRef50_N9MSU7, UniRef:UniRef90_A0A1S2G266
contig_1	cds	58572	58820	-	BBPDHO_0071		Transcriptional regulator	RefSeq:WP_023897590.1, SO:0001217, UniParc:UPI0003D26ED0, UniRef:UniRef100_A0A1S2G079, UniRef:UniRef50_A0A009FYT6, UniRef:UniRef90_A0A2P1B0J1
contig_1	cds	58880	59221	-	BBPDHO_0072		hypothetical protein	RefSeq:WP_023897589.1, SO:0001217, UniParc:UPI0003D2497C, UniRef:UniRef100_UPI0003D2497C, UniRef:UniRef50_A0A2P1BC91, UniRef:UniRef90_A0A2P1BC91
contig_1	cds	59286	59513	-	BBPDHO_0073		hypothetical protein	RefSeq:WP_023897588.1, SO:0001217, UniParc:UPI0003D269CD, UniRef:UniRef100_A0A1S2G0M9, UniRef:UniRef50_A0A1S2G0M9, UniRef:UniRef90_A0A1S2G0M9
contig_1	cds	59501	59719	-	BBPDHO_0074		hypothetical protein	RefSeq:WP_031980854.1, SO:0001217, UniParc:UPI00041B136F, UniRef:UniRef100_A0A1S2G0Y1, UniRef:UniRef50_A0A1S2FHJ2, UniRef:UniRef90_A0A1S2G0Y1
contig_1	cds	59782	60117	-	BBPDHO_0075		DUF2570 domain-containing protein	RefSeq:WP_023897587.1, SO:0001217, UniParc:UPI0003D251A2, UniRef:UniRef100_A0A432AR59, UniRef:UniRef50_A0A2I8CYY6, UniRef:UniRef90_A0A2I8CYY6
contig_1	cds	61441	61764	+	BBPDHO_0076		hypothetical protein	RefSeq:WP_031980855.1, SO:0001217, UniParc:UPI00044DD7BE, UniRef:UniRef100_UPI00044DD7BE, UniRef:UniRef50_A0A7I6UTN7, UniRef:UniRef90_UPI001C0CA7C9
contig_1	cds	62404	62829	+	BBPDHO_0077		hypothetical protein	RefSeq:WP_000960559.1, SO:0001217, UniParc:UPI0002832702, UniRef:UniRef100_A0A1S2G006, UniRef:UniRef50_A0A1L4ESF4, UniRef:UniRef90_A0A1L4ESF4
contig_1	cds	63269	64069	+	BBPDHO_0078		hypothetical protein	RefSeq:WP_031980856.1, SO:0001217, UniParc:UPI0004481A5D, UniRef:UniRef100_UPI001D180484, UniRef:UniRef50_A0A009GEL2, UniRef:UniRef90_A0A009GEL2
contig_1	cds	64463	65032	+	BBPDHO_0079	lysM	LysM domain-containing protein	RefSeq:WP_031980857.1, SO:0001217, UniParc:UPI00044BC0AC, UniRef:UniRef100_UPI00044BC0AC, UniRef:UniRef50_N9JT13, UniRef:UniRef90_N9JT13
contig_1	cds	65067	65345	+	BBPDHO_0080		(pseudo) hypothetical protein	RefSeq:WP_000146944.1, SO:0001217, UniParc:UPI0001AF0A92, UniRef:UniRef100_A0A1L6EKD4, UniRef:UniRef50_A0A1L6EKD4, UniRef:UniRef90_A0A1L6EKD4
contig_1	cds	65409	65702	-	BBPDHO_0081	copG	Ribbon-helix-helix protein, CopG family	RefSeq:WP_000741665.1, SO:0001217, UniParc:UPI0001AF0A93, UniRef:UniRef100_A0A1R0DZU2, UniRef:UniRef50_A0A3G6Z309, UniRef:UniRef90_A0A3G6Z309
contig_1	cds	65828	67537	-	BBPDHO_0082		DEAD/DEAH box helicase family protein	RefSeq:WP_118878455.1, SO:0001217, UniParc:UPI000E5885CD, UniRef:UniRef100_UPI000E5885CD, UniRef:UniRef50_A0A6S4V311, UniRef:UniRef90_A0A062IV62
contig_1	cds	67616	68254	+	BBPDHO_0083		ParB-like nuclease domain protein	RefSeq:WP_000110211.1, SO:0001217, UniParc:UPI0001AF0039, UniRef:UniRef100_A0A1L9XCC3, UniRef:UniRef50_A0A6I1MWI2, UniRef:UniRef90_A0A2P1B0G2
contig_1	cds	68283	68885	+	BBPDHO_0084		hypothetical protein	RefSeq:WP_000131109.1, SO:0001217, UniParc:UPI0002789700, UniRef:UniRef100_A0A1S2G0X7, UniRef:UniRef50_A0A1V0YAX2, UniRef:UniRef90_A0A1V0YAX2
contig_1	cds	68882	69532	+	BBPDHO_0085	parB	Chromosome partitioning protein ParB	RefSeq:WP_005127453.1, SO:0001217, UniParc:UPI0002CF009F, UniRef:UniRef100_UPI0002CF009F, UniRef:UniRef50_A0A2N4TXV8, UniRef:UniRef90_A0A1L9XC83
contig_1	cds	69532	70188	+	BBPDHO_0086		ABC transporter	RefSeq:WP_000312034.1, SO:0001217, UniParc:UPI0001AF003C, UniRef:UniRef100_A0A1L9XC65, UniRef:UniRef50_A0A1L9XC65, UniRef:UniRef90_A0A1L9XC65
contig_1	cds	70185	70607	+	BBPDHO_0087		Thiol reductase thioredoxin	RefSeq:WP_000184980.1, SO:0001217, UniParc:UPI0002B9EE9B, UniRef:UniRef100_A0A1S2FZZ6, UniRef:UniRef50_A0A1L9XC62, UniRef:UniRef90_A0A1L9XC62
contig_1	cds	70646	71599	+	BBPDHO_0088		GNAT family N-acetyltransferase	RefSeq:WP_000416809.1, SO:0001217, UniParc:UPI0001AF003E, UniRef:UniRef100_A0A1L9XC67, UniRef:UniRef50_A0A6L6YI44, UniRef:UniRef90_A0A3R9QB10
contig_1	cds	71590	71913	+	BBPDHO_0089	marR	MarR family transcriptional regulator	RefSeq:WP_001175928.1, SO:0001217, UniParc:UPI0001AF003F, UniRef:UniRef100_A0A1L9XCD2, UniRef:UniRef50_A0A1L9XCD2, UniRef:UniRef90_A0A1L9XCD2
contig_1	cds	71882	72376	+	BBPDHO_0090		Phage metallopeptidase domain-containing protein	SO:0001217, UniParc:UPI0002CFBB6E, UniRef:UniRef100_A0A1L9XC63, UniRef:UniRef50_A0A1L9XC63, UniRef:UniRef90_A0A1L9XC63
contig_1	cds	72488	72889	+	BBPDHO_0091		hypothetical protein	RefSeq:WP_000084570.1, SO:0001217, UniParc:UPI0001AF0041, UniRef:UniRef100_A0A1L6EKE6, UniRef:UniRef50_A0A1L6EKE6, UniRef:UniRef90_A0A1L6EKE6
contig_1	cds	73042	73647	+	BBPDHO_0092		DNA-binding protein	RefSeq:WP_000134192.1, SO:0001217, UniParc:UPI0001AF0042, UniRef:UniRef100_A0A1L9XC70, UniRef:UniRef50_A0A1L9XC70, UniRef:UniRef90_A0A1L9XC70
contig_1	cds	73657	74901	+	BBPDHO_0093		Terminase	RefSeq:WP_031980859.1, SO:0001217, UniParc:UPI0004F5224C, UniRef:UniRef100_UPI0004F5224C, UniRef:UniRef50_H8FY43, UniRef:UniRef90_A0A3R9QHZ4
contig_1	cds	74947	76617	+	BBPDHO_0094		Portal protein	RefSeq:WP_031980860.1, SO:0001217, UniParc:UPI0004467EE6, UniRef:UniRef100_UPI0004467EE6, UniRef:UniRef50_A0A1H9MRC7, UniRef:UniRef90_A0A009G2D4
contig_1	cds	76638	77516	+	BBPDHO_0095		DUF6651 domain-containing protein	RefSeq:WP_031980862.1, SO:0001217, UniParc:UPI000450E071, UniRef:UniRef100_UPI000450E071, UniRef:UniRef50_A0A1E2YNJ6, UniRef:UniRef90_A0A1E2YNJ6
contig_1	cds	77651	78553	+	BBPDHO_0096		Phage capsid family	RefSeq:WP_031980863.1, SO:0001217, UniParc:UPI000450558D, UniRef:UniRef100_UPI000450558D, UniRef:UniRef50_A0A1I3RXX5, UniRef:UniRef90_A0A1Q9Z601
contig_1	cds	78692	79186	+	BBPDHO_0097		hypothetical protein	RefSeq:WP_023897582.1, SO:0001217, UniParc:UPI0003D286CC, UniRef:UniRef100_UPI0003D286CC, UniRef:UniRef50_A0A1S2FZY8, UniRef:UniRef90_A0A1S2FZY8
contig_1	cds	79193	79963	+	BBPDHO_0098		Bacteriophage protein	RefSeq:WP_023897581.1, SO:0001217, UniParc:UPI0003D246FE, UniRef:UniRef100_UPI0003D246FE, UniRef:UniRef50_A0A7S8WHH2, UniRef:UniRef90_A0A7S8WHH2
contig_1	cds	79965	80660	+	BBPDHO_0099		hypothetical protein	RefSeq:WP_023897580.1, SO:0001217, UniParc:UPI0003D265B5, UniRef:UniRef100_UPI0003D265B5, UniRef:UniRef50_A0A062IRG3, UniRef:UniRef90_A0A062IRG3
contig_1	cds	80647	80997	+	BBPDHO_0100		hypothetical protein	RefSeq:WP_023897579.1, SO:0001217, UniParc:UPI0003D2973E, UniRef:UniRef100_UPI0003D2973E, UniRef:UniRef50_A0A1S2G179, UniRef:UniRef90_A0A1S2G179
contig_1	cds	80994	81380	+	BBPDHO_0101		Minor capsid protein	RefSeq:WP_023897578.1, SO:0001217, UniParc:UPI0003D2721C, UniRef:UniRef100_UPI0003D2721C, UniRef:UniRef50_A0A1S2G097, UniRef:UniRef90_A0A1S2G097
contig_1	cds	81380	81877	+	BBPDHO_0102		HK97 gp10 family phage protein	RefSeq:WP_023897577.1, SO:0001217, UniParc:UPI0003D27AC2, UniRef:UniRef100_UPI0003D27AC2, UniRef:UniRef50_A0A241ZIF8, UniRef:UniRef90_A0A241ZIF8
contig_1	cds	81962	82507	+	BBPDHO_0103		Phage tail protein	RefSeq:WP_023897576.1, SO:0001217, UniParc:UPI0003D25329, UniRef:UniRef100_UPI0003D25329, UniRef:UniRef50_A0A165MWC0, UniRef:UniRef90_A0A1C2SW49
contig_1	cds	82602	82955	+	BBPDHO_0104		Mu-like prophage FluMu gp41 family protein	RefSeq:WP_023897574.1, SO:0001217, UniParc:UPI0003D25D7E, UniRef:UniRef100_UPI0003D25D7E, UniRef:UniRef50_A0A009GYF1, UniRef:UniRef90_A0A009GYF1
contig_1	cds	82997	83308	+	BBPDHO_0105		(pseudo) hypothetical protein	SO:0001217, UniRef:UniRef50_A0A1L9XCI1, UniRef:UniRef90_A0A1L9XCI1
contig_1	cds	83311	88899	+	BBPDHO_0106		Tail length tape measure protein	RefSeq:WP_023897572.1, SO:0001217, UniParc:UPI0003D2784E, UniRef:UniRef100_UPI0003D2784E, UniRef:UniRef50_A0A009I5C9, UniRef:UniRef90_A0A009I5C9
contig_1	cds	88973	89299	+	BBPDHO_0107		Phage minor tail protein	RefSeq:WP_000394499.1, SO:0001217, UniParc:UPI0001AF035D, UniRef:UniRef100_A0A1L6EWB1, UniRef:UniRef50_A0A1T0DHT1, UniRef:UniRef90_A0A1T0DHT1
contig_1	cds	89299	89994	+	BBPDHO_0108		phage minor tail protein L	GO:0005198, GO:0016032, RefSeq:WP_000504046.1, SO:0001217, UniParc:UPI0001AF035E, UniRef:UniRef100_A0A1Q9ZCX5, UniRef:UniRef50_N9L8V3, UniRef:UniRef90_N9L8V3
contig_1	cds	89991	90740	+	BBPDHO_0109		C40 family peptidase	RefSeq:WP_023897571.1, SO:0001217, UniParc:UPI0003D25DDB, UniRef:UniRef100_A0A432AQG9, UniRef:UniRef50_A0A1T0DI13, UniRef:UniRef90_A0A1T0DI13
contig_1	cds	90734	91312	+	BBPDHO_0110		Phage tail protein	RefSeq:WP_000959559.1, SO:0001217, UniParc:UPI000288A66D, UniRef:UniRef100_A0A1S2FYS3, UniRef:UniRef50_A0A1S2FYS3, UniRef:UniRef90_A0A1S2FYS3
contig_1	cds	91336	102564	+	BBPDHO_0111		Fibronectin type-III domain-containing protein	RefSeq:WP_118878457.1, SO:0001217, UniParc:UPI000E588174, UniRef:UniRef100_UPI000E588174, UniRef:UniRef50_N9L9V9, UniRef:UniRef90_N9L9V9
contig_1	cds	102565	102879	+	BBPDHO_0112		Bacteriophage protein	RefSeq:WP_001262279.1, SO:0001217, UniParc:UPI000288EA3D, UniRef:UniRef100_A0A1L9XC96, UniRef:UniRef50_A0A1L9XC96, UniRef:UniRef90_A0A1L9XC96
contig_1	cds	102818	103627	+	BBPDHO_0113		Phage tail protein	RefSeq:WP_228716046.1, SO:0001217, UniParc:UPI000318A239, UniRef:UniRef100_A0A009H660, UniRef:UniRef50_A0A2P1B0I0, UniRef:UniRef90_A0A2P1B0I0
contig_1	cds	103637	103888	+	BBPDHO_0114		Secreted protein	RefSeq:WP_000281051.1, SO:0001217, UniParc:UPI0002894A71, UniRef:UniRef100_A0A1S2FXY3, UniRef:UniRef50_A0A1S2FXY3, UniRef:UniRef90_A0A1S2FXY3
contig_1	cds	103947	104150	-	BBPDHO_0115		hypothetical protein	RefSeq:WP_001185528.1, SO:0001217, UniParc:UPI00028957F5, UniRef:UniRef100_A0A1L9XCJ0, UniRef:UniRef50_A0A1L9XCJ0, UniRef:UniRef90_A0A1L9XCJ0
contig_1	cds	104274	104666	+	BBPDHO_0116		Bacteriophage protein	RefSeq:WP_000138815.1, SO:0001217, UniParc:UPI0002789705, UniRef:UniRef100_A0A0Q2E037, UniRef:UniRef50_S3NB60, UniRef:UniRef90_A0A0Q2E037
contig_1	cds	104666	105304	+	BBPDHO_0117		Lysozyme	RefSeq:WP_000097414.1, SO:0001217, UniParc:UPI0002B97D7F, UniRef:UniRef100_A0A1S2FXG7, UniRef:UniRef50_A0A075DXC6, UniRef:UniRef90_A0A0Q1KYM3
contig_1	oriV	105318	106315	?			origin of replication	
contig_1	cds	106316	107437	+	BBPDHO_0118	repM	replication initiation protein RepM	GO:0003887, GO:0006270, RefSeq:WP_000818856.1, SO:0001217, UniParc:UPI0002883288, UniRef:UniRef100_A0A1S2FZW7, UniRef:UniRef50_A0A1S2FZW7, UniRef:UniRef90_A0A1S2FZW7
contig_1	cds	107554	108285	+	BBPDHO_0119		hypothetical protein	RefSeq:WP_005113833.1, SO:0001217, UniParc:UPI0002CDA33B, UniRef:UniRef100_A0A1S2FXT9, UniRef:UniRef50_A0A1C2SW59, UniRef:UniRef90_A0A1C2SW59
contig_1	cds	108373	108804	+	BBPDHO_0120		hypothetical protein	RefSeq:WP_000005905.1, SO:0001217, UniParc:UPI0001AF036A, UniRef:UniRef100_A0A1R0D3U5, UniRef:UniRef50_A0A1R0D3U5, UniRef:UniRef90_A0A1R0D3U5
contig_1	cds	108841	110244	+	BBPDHO_0121		SF4 helicase domain-containing protein	RefSeq:WP_023897614.1, SO:0001217, UniParc:UPI0003D26AFA, UniRef:UniRef100_A0A1S2FY59, UniRef:UniRef50_A0A158LLQ0, UniRef:UniRef90_A0A158LLQ0
contig_1	cds	110332	111426	+	BBPDHO_0122		DNA primase (Bacterial type)	RefSeq:WP_001205581.1, SO:0001217, UniParc:UPI0001AF036C, UniRef:UniRef100_A0A2P1GPC7, UniRef:UniRef50_A0A2P1BCP5, UniRef:UniRef90_A0A2P1BCP5
contig_1	cds	111490	112044	+	BBPDHO_0123		GIY-YIG domain-containing protein	RefSeq:WP_031980867.1, SO:0001217, UniParc:UPI00044ED351, UniRef:UniRef100_UPI00044ED351, UniRef:UniRef50_N9JT33, UniRef:UniRef90_N9JT33
contig_1	cds	112044	112535	+	BBPDHO_0124		hypothetical protein	RefSeq:WP_001082442.1, SO:0001217, UniParc:UPI0002BA3EB2, UniRef:UniRef100_A0A1L9XCG3, UniRef:UniRef50_A0A0Q1VSL0, UniRef:UniRef90_A0A0Q1VSL0
contig_1	cds	112529	113137	+	BBPDHO_0125		Asp23/Gls24 family envelope stress response protein	RefSeq:WP_029423614.1, SO:0001217, UniParc:UPI000414DE37, UniRef:UniRef100_UPI000414DE37, UniRef:UniRef50_A0A1E2YKY9, UniRef:UniRef90_A0A1E2YKY9
contig_1	cds	113134	113418	+	BBPDHO_0126		(3' truncated) hypothetical protein	
