# Annotated with Bakta
# Software: v1.10.3
# Database: v5.1, full
# DOI: 10.1099/mgen.0.000685
# URL: github.com/oschwengers/bakta
#Sequence Id	Type	Start	Stop	Strand	Locus Tag	Gene	Product	DbXrefs
pAba986H_1	cds	29	895	-	EGBKAC_001	tnp	IS3 family IS3 transposase ORF B	COG:COG2801, COG:X, GO:0004803, IS:IS3, SO:0001217, UniRef:UniRef50_A0A2X1MMY0, UniRef:UniRef90_UPI000DE0E5D2
pAba986H_1	cds	892	1191	-	EGBKAC_002	tnp	IS3 family IS3 transposase ORF A	COG:COG2963, COG:X, GO:0003677, GO:0004803, GO:0006313, IS:IS3, RefSeq:WP_000169527.1, SO:0001217, UniParc:UPI000005D12B, UniRef:UniRef100_P0CF66, UniRef:UniRef50_P0CF66, UniRef:UniRef90_P0CF66
pAba986H_1	cds	1294	1485	+	EGBKAC_003	tnpA	Transposase and inactivated derivatives, TnpA family	SO:0001217, UniRef:UniRef50_A0A377TEP2
pAba986H_1	cds	1666	2571	-	EGBKAC_004	tnp	IS3 family IS2 transposase ORF B	COG:COG2801, COG:X, GO:0003677, GO:0004803, GO:0006310, GO:0015074, GO:0032196, IS:IS2, RefSeq:WP_000376502.1, SO:0001217, UniParc:UPI0000000AAC, UniRef:UniRef100_P0C5W5, UniRef:UniRef50_P0CF62, UniRef:UniRef90_P0C5W5
pAba986H_1	cds	2529	2894	-	EGBKAC_005	tnp	IS3 family IS2 transposase ORF A	GO:0003677, GO:0004803, GO:0006313, IS:IS2, RefSeq:WP_000567766.1, SO:0001217, UniParc:UPI00000002A2, UniRef:UniRef100_P0C5W3, UniRef:UniRef50_P0CF60, UniRef:UniRef90_P0C5W3
pAba986H_1	cds	3147	3635	+	EGBKAC_006		hypothetical protein	SO:0001217, UniRef:UniRef50_A0A376UXV9, UniRef:UniRef90_A0A376UXV9
pAba986H_1	cds	3935	4783	-	EGBKAC_007		Prepilin leader peptidase/N-methyltransferase	SO:0001217, UniRef:UniRef50_A7XY69, UniRef:UniRef90_A7XY69
pAba986H_1	cds	4790	5911	-	EGBKAC_008	lngJ	LngJ	RefSeq:WP_000857355.1, SO:0001217, UniParc:UPI0002BAF372, UniRef:UniRef100_A0A0H5RYY8, UniRef:UniRef50_A0A0H5RYY8, UniRef:UniRef90_A0A0H5RYY8
pAba986H_1	cds	5926	6951	-	EGBKAC_009	cofI	CofI	KEGG:K10934, RefSeq:WP_000714367.1, SO:0001217, UniParc:UPI0002BC3AC7, UniRef:UniRef100_A0A376UVW1, UniRef:UniRef50_A0A7D8ER80, UniRef:UniRef90_Q93I66
pAba986H_1	cds	6935	8467	-	EGBKAC_010		Flp pilus assembly complex ATPase component	SO:0001217, UniParc:UPI0001D62809, UniRef:UniRef100_A0A376UX93, UniRef:UniRef50_A0A2I8S493, UniRef:UniRef90_A0A7U8VZM1
pAba986H_1	cds	8467	8952	-	EGBKAC_011	lngG	LngG	RefSeq:WP_000336151.1, SO:0001217, UniParc:UPI00015C1965, UniRef:UniRef100_A7XY63, UniRef:UniRef50_Q93I68, UniRef:UniRef90_A7XY63
pAba986H_1	cds	8940	9767	-	EGBKAC_012	lngF	LngF	KEGG:K10933, RefSeq:WP_001054274.1, SO:0001217, UniParc:UPI0001D6280A, UniRef:UniRef100_A0A0H5RYN2, UniRef:UniRef50_E3G6F8, UniRef:UniRef90_A0A0H5RYN2
pAba986H_1	cds	9769	10329	-	EGBKAC_013	lngE	LngE	RefSeq:WP_001047585.1, SO:0001217, UniParc:UPI00015C1963, UniRef:UniRef100_A7XY61, UniRef:UniRef50_E3G6F7, UniRef:UniRef90_A7XY61
pAba986H_1	cds	10332	11303	-	EGBKAC_014		type II and III secretion system protein	KEGG:K10932, SO:0001217, UniRef:UniRef50_UPI0021E8A510, UniRef:UniRef90_UPI0021E8A510
pAba986H_1	cds	11257	11790	-	EGBKAC_015		hypothetical protein	
pAba986H_1	cds	11808	12221	-	EGBKAC_016	lngC	LngC	KEGG:K10962, RefSeq:WP_001201934.1, SO:0001217, UniParc:UPI00015C1961, UniRef:UniRef100_A7XY58, UniRef:UniRef50_A0A0S3PN26, UniRef:UniRef90_A7XY58
pAba986H_1	cds	12240	13811	-	EGBKAC_017	lngB	LngB	KEGG:K10931, RefSeq:WP_000783967.1, SO:0001217, UniParc:UPI00015C1960, UniRef:UniRef100_A7XY57, UniRef:UniRef50_E3G6F4, UniRef:UniRef90_A7XY57
pAba986H_1	cds	13873	14583	-	EGBKAC_018	lngA	type IV pilus longus major pilin	BlastRules:WP_032489323, KEGG:K10930, NCBIProtein:CBL93506.1, SO:0001217, UniRef:UniRef50_A0A1S1HQB0, UniRef:UniRef90_O84900
pAba986H_1	cds	14604	14825	-	EGBKAC_019	lngX2	LngX2	SO:0001217, UniParc:UPI00015C195F, UniRef:UniRef100_A7XY54, UniRef:UniRef50_A7XY54, UniRef:UniRef90_A7XY54
pAba986H_1	cds	14882	15325	-	EGBKAC_020	lngT	LngT	RefSeq:WP_001220546.1, SO:0001217, UniParc:UPI00015C195E, UniRef:UniRef100_A7XY52, UniRef:UniRef50_A0A1B4XX84, UniRef:UniRef90_A7XY52
pAba986H_1	cds	15339	16235	-	EGBKAC_021	hilD	transcriptional regulator HilD	RefSeq:WP_000017442.1, SO:0001217, UniParc:UPI00015C195D, UniRef:UniRef100_A7XY51, UniRef:UniRef50_A7XY51, UniRef:UniRef90_A7XY51
pAba986H_1	cds	16487	16792	-	EGBKAC_022	lngR	LngR	RefSeq:WP_000336590.1, SO:0001217, UniParc:UPI00015C195C, UniRef:UniRef100_A7XY49, UniRef:UniRef50_A7XY49, UniRef:UniRef90_A7XY49
pAba986H_1	cds	17559	17744	-	EGBKAC_023		hypothetical protein	
pAba986H_1	cds	18202	18723	+	EGBKAC_024		Putative recombinase	SO:0001217, UniRef:UniRef50_A0A2X5G6X1, UniRef:UniRef90_A0A2X5G6X1
pAba986H_1	cds	18966	19658	-	EGBKAC_025		Putative RepFIB replication protein A	SO:0001217, UniRef:UniRef50_A0A379QF65, UniRef:UniRef90_A0A0K5KGS3
pAba986H_1	cds	19660	19944	-	EGBKAC_026	repB	RepB family plasmid replication initiator protein	SO:0001217, UniRef:UniRef50_UPI000B7691F7, UniRef:UniRef90_UPI000B7691F7
pAba986H_1	ncRNA	20427	20549	+	EGBKAC_027	isrC	isrC Hfq binding RNA	RFAM:RF01387, SO:0000655
pAba986H_1	cds	20710	21225	-	EGBKAC_028		IS30 family transposase	GO:0004803, SO:0001217, UniRef:UniRef50_A0A2K8KZ88, UniRef:UniRef90_UPI00208FD1F9
pAba986H_1	cds	21403	21669	-	EGBKAC_029	tnp	IS1 family IS1B transposase	GO:0004803, RefSeq:WP_001391099.1, SO:0001217, UniParc:UPI0002CCB40E, UniRef:UniRef100_UPI002037249F, UniRef:UniRef50_P0CF06, UniRef:UniRef90_UPI001D0D841C
pAba986H_1	sorf	22020	22067	+	EGBKAC_030		Transposase	SO:0001217, UniParc:UPI0006BD40C6, UniRef:UniRef100_A0A649Z3Y5, UniRef:UniRef50_A0A649Z3Y5, UniRef:UniRef90_A0A649Z3Y5
pAba986H_1	cds	22129	22638	-	EGBKAC_031		IS30 transposase	SO:0001217, UniRef:UniRef50_A0A0K9T5D2, UniRef:UniRef90_A0A8G2LYW2
pAba986H_1	cds	23697	23966	+	EGBKAC_032	repE	replication initiation protein RepE	COG:COG5527, COG:X, GO:0003677, GO:0003887, GO:0006270, GO:0006276, SO:0001217, UniParc:UPI0002C95CE2, UniRef:UniRef100_A0A828GI91, UniRef:UniRef50_P03856, UniRef:UniRef90_P03856
pAba986H_1	cds	24554	25720	+	EGBKAC_033	sopA	plasmid-partitioning protein SopA	COG:COG1192, COG:DN, GO:0030541, RefSeq:WP_000772446.1, SO:0001217, UniParc:UPI000011F05A, UniRef:UniRef100_P62557, UniRef:UniRef50_P62557, UniRef:UniRef90_P62557
pAba986H_1	cds	25720	26469	+	EGBKAC_034		ParB/RepB/Spo0J family plasmid partition protein	SO:0001217, UniRef:UniRef50_A0A811ARR9, UniRef:UniRef90_A0A811ARR9
pAba986H_1	cds	26466	26690	+	EGBKAC_035	parB	Chromosome (Plasmid) partitioning protein ParB	SO:0001217, UniParc:UPI0002D78F9D, UniRef:UniRef100_A0A150NP92, UniRef:UniRef50_A0A150NP92, UniRef:UniRef90_A0A150NP92
pAba986H_1	cds	27275	28171	+	EGBKAC_036	yubB	Uncharacterized protein YubB	SO:0001217, UniRef:UniRef50_Q9S4X4
pAba986H_1	cds	28436	28540	+	EGBKAC_037		hypothetical protein	
pAba986H_1	cds	28537	29553	+	EGBKAC_038	tnp	IS110 family ISShdy1 transposase	GO:0004803, IS:ISShdy1, RefSeq:WP_001365314.1, SO:0001217, UniParc:UPI0002C8C61E, UniRef:UniRef100_A0A9P2WFE7, UniRef:UniRef50_U5NE52, UniRef:UniRef90_A0A161KB71
pAba986H_1	cds	30283	31068	+	EGBKAC_039		DUF1380 domain-containing protein	SO:0001217, UniParc:UPI00015C4B03, UniRef:UniRef100_A0A9P2WH83, UniRef:UniRef50_A0A3R8KBR5, UniRef:UniRef90_A0A9P2WH83
pAba986H_1	cds	31065	31256	+	EGBKAC_040	yffA	YffA	RefSeq:WP_001024838.1, SO:0001217, UniParc:UPI00005F130E, UniRef:UniRef100_A0A0K6A0V5, UniRef:UniRef50_F4SZJ9, UniRef:UniRef90_F4SZJ9
pAba986H_1	cds	31235	31741	-	EGBKAC_041		Pilus assembly protein	SO:0001217, UniRef:UniRef50_F4SZK0, UniRef:UniRef90_F4SZK0
pAba986H_1	cds	31719	31976	-	EGBKAC_042		hypothetical protein	SO:0001217, UniParc:UPI00016C6C64, UniRef:UniRef100_E2GHI2, UniRef:UniRef50_E2GHJ9, UniRef:UniRef90_E2GHI2
pAba986H_1	ncRNA	32143	32244	-	EGBKAC_043	AS-pc01	Antisense to pHK01_035	RFAM:RF02875, SO:0000644
pAba986H_1	cds	32239	32469	+	EGBKAC_044	ydaB	YdaB	RefSeq:WP_000218651.1, SO:0001217, UniParc:UPI0002BB82C5, UniRef:UniRef100_A0A839BL29, UniRef:UniRef50_E2GHI4, UniRef:UniRef90_E2GHI4
pAba986H_1	cds	32521	33882	+	EGBKAC_045		DUF3560 domain-containing protein	RefSeq:WP_000170686.1, SO:0001217, UniParc:UPI0001BC15A3, UniRef:UniRef100_D0Z6R5, UniRef:UniRef50_G5QKU2, UniRef:UniRef90_Q849V6
pAba986H_1	cds	33928	34491	+	EGBKAC_046	rsmA	16S rRNA A1518 and A1519 N6-dimethyltransferase RsmA/KsgA/DIM1 (may also have DNA glycosylase/AP lyase activity)	COG:COG0030, COG:J, RefSeq:WP_001365958.1, SO:0001217, UniParc:UPI00015C4B10, UniRef:UniRef100_A0A9P2SRB5, UniRef:UniRef50_A0A078K4Z5, UniRef:UniRef90_A0A6C7H555
pAba986H_1	cds	34402	34596	-	EGBKAC_047		hypothetical protein	SO:0001217, UniRef:UniRef50_A0A2J7MSQ0, UniRef:UniRef90_A0A2J7MSQ0
pAba986H_1	cds	34577	35257	-	EGBKAC_048	yubN	YubN	SO:0001217, UniRef:UniRef50_A0A370V512
pAba986H_1	sorf	35210	35296	+	EGBKAC_049		Single-stranded DNA-binding protein	SO:0001217, UniRef:UniRef50_A0A7Z1HNW4, UniRef:UniRef90_A0A7Z1HNW4
pAba986H_1	cds	35322	35843	+	EGBKAC_050		Single-stranded DNA-binding protein	RefSeq:WP_000290828.1, SO:0001217, UniParc:UPI0002BB4ADF, UniRef:UniRef100_A0A9P2SRY6, UniRef:UniRef90_A0A3Y4Y7M7
pAba986H_1	cds	35900	36133	+	EGBKAC_051	yubL	UPF0401 protein YubL	RefSeq:WP_000005975.1, SO:0001217, UniParc:UPI0001F8DF65, UniRef:UniRef100_A0A0K3WIX2, UniRef:UniRef50_Q5J3W6, UniRef:UniRef90_Q5J3W6
pAba986H_1	cds	36194	38158	+	EGBKAC_052	yubM	Uncharacterized protein YubM	COG:COG1475, COG:D, GO:0003677, RefSeq:WP_000117112.1, SO:0001217, UniParc:UPI00015C4A2A, UniRef:UniRef100_A7ZGM1, UniRef:UniRef50_Q9ZGR8, UniRef:UniRef90_Q9ZGR8
pAba986H_1	cds	38213	38590	+	EGBKAC_053	psiB	conjugation system SOS inhibitor PsiB	RefSeq:WP_000845921.1, SO:0001217, UniParc:UPI00015C4A2B, UniRef:UniRef100_A0A1S5SKY4, UniRef:UniRef50_P10031, UniRef:UniRef90_D9Z4X2
pAba986H_1	cds	38644	39405	+	EGBKAC_054		Plasmid SOS inhibition protein A	RefSeq:WP_001276222.1, SO:0001217, UniParc:UPI00015C4A2C, UniRef:UniRef100_A7ZGM3, UniRef:UniRef50_P18148, UniRef:UniRef90_A0A2P9E715
pAba986H_1	cds	39347	39661	+	EGBKAC_055		Theronine dehydrogenase	RefSeq:WP_000872086.1, SO:0001217, UniParc:UPI00005F12CC, UniRef:UniRef100_E2GHJ5, UniRef:UniRef50_A0A6P2FSL3, UniRef:UniRef90_E2GHJ5
pAba986H_1	ncRNA	39700	39871	+	EGBKAC_056	sok	sok antitoxin (CssrC)	RFAM:RF01794, SO:0000655
pAba986H_1	cds	39811	40026	+	EGBKAC_057		Modulator of Hok protein	RefSeq:WP_187532947.1, SO:0001217, UniParc:UPI0007C3D4B0, UniRef:UniRef100_UPI0007C3D4B0, UniRef:UniRef50_A0A370V563, UniRef:UniRef90_A0A370V563
pAba986H_1	cds	40061	40609	-	EGBKAC_058		Pilus protein	SO:0001217, UniRef:UniRef50_A0A369F319
pAba986H_1	cds	40610	40846	-	EGBKAC_059		(pseudo) hypothetical protein	RefSeq:WP_001337416.1, SO:0001217, UniParc:UPI0000D50F84, UniRef:UniRef100_Q08JI0, UniRef:UniRef50_A0A2T3ST96, UniRef:UniRef50_E2GHJ9, UniRef:UniRef90_A0A2T3ST96, UniRef:UniRef90_E2GHJ9
pAba986H_1	cds	40909	41331	+	EGBKAC_060		hypothetical protein	
pAba986H_1	cds	41328	41714	+	EGBKAC_061	trbI	type-F conjugative transfer system protein TrbI	RefSeq:WP_000214084.1, SO:0001217, UniParc:UPI00000AEDE2, UniRef:UniRef100_Q6SJ13, UniRef:UniRef50_P18006, UniRef:UniRef90_E3PYI9
pAba986H_1	cds	41711	41800	+	EGBKAC_062		hypothetical protein	
pAba986H_1	cds	41812	42342	+	EGBKAC_063	traW	type-F conjugative transfer system protein TraW	KEGG:K12061, SO:0001217, UniRef:UniRef50_A0A241PXX2, UniRef:UniRef90_UPI0015D72B4F
pAba986H_1	cds	42339	43331	+	EGBKAC_064	traU	conjugal transfer pilus assembly protein TraU	GO:0042597, RefSeq:WP_000830836.1, SO:0001217, UniParc:UPI0000673D3F, UniRef:UniRef100_A0A1D8FEV9, UniRef:UniRef50_P18471, UniRef:UniRef90_P18471
pAba986H_1	cds	43358	43666	+	EGBKAC_065		Conjugative transfer protein	RefSeq:WP_000412448.1, SO:0001217, UniParc:UPI0001D627FE, UniRef:UniRef100_A0A9P2SYV0, UniRef:UniRef50_S1P840, UniRef:UniRef90_S1P840
pAba986H_1	cds	43729	44040	+	EGBKAC_066		hypothetical protein	RefSeq:WP_000009090.1, SO:0001217, UniParc:UPI0001D627FF, UniRef:UniRef100_A0A9P2SUA1, UniRef:UniRef50_A0A3W4GPR5, UniRef:UniRef90_A0A9P2SUA1
pAba986H_1	cds	44081	44944	-	EGBKAC_067		IS3 family transposase	GO:0004803, RefSeq:WP_032186614.1, SO:0001217, UniParc:UPI00039F4407, UniRef:UniRef100_A0A1X3HWQ6, UniRef:UniRef50_A0A2J1C8P7, UniRef:UniRef90_A0A5B9AGK9
pAba986H_1	cds	44920	45426	-	EGBKAC_068		Transposase	SO:0001217, UniRef:UniRef50_A0A0B0V9H2, UniRef:UniRef90_A0A2H4TK12
pAba986H_1	cds	45494	46141	+	EGBKAC_069	tnpA	IS66-like element accessory protein TnpA	GO:0003677, GO:0004803, GO:0006313, RefSeq:WP_001295212.1, SO:0001217, UniParc:UPI00000DF038, UniRef:UniRef100_Q5I3L2, UniRef:UniRef50_A0A3S9TUE9, UniRef:UniRef90_A0A4P6YYZ1
pAba986H_1	cds	46141	46488	+	EGBKAC_070	tnpB	IS66 family insertion sequence element accessory protein TnpB	COG:COG3436, COG:X, RefSeq:WP_000624622.1, SO:0001217, UniParc:UPI00000DF039, UniRef:UniRef100_Q68JE0, UniRef:UniRef50_Q68JE0, UniRef:UniRef90_Q68JE0
pAba986H_1	cds	46508	48079	+	EGBKAC_071	tnp	IS66 family ISCro1 transposase	GO:0004803, IS:ISCro1, RefSeq:WP_001751284.1, SO:0001217, UniParc:UPI0002C9A86C, UniRef:UniRef100_UPI0002C9A86C, UniRef:UniRef50_A0A7U9DKF7, UniRef:UniRef90_A0A7U9DKF7
pAba986H_1	cds	48170	48382	+	EGBKAC_072	yigA	YigA protein	RefSeq:WP_001388588.1, SO:0001217, UniParc:UPI0001884C2F, UniRef:UniRef100_A0A9P1K220, UniRef:UniRef50_A0A7U9H864, UniRef:UniRef90_B1VCB6
pAba986H_1	ncRNA	48279	48462	-	EGBKAC_073	AS-pc02	Antisense to pHK01_099	RFAM:RF02876, SO:0000644
pAba986H_1	cds	48627	49130	+	EGBKAC_074		Uncharacterized endonuclease	EC:3.1.-.-, GO:0003676, GO:0004519, SO:0001217, UniRef:UniRef50_Q99342, UniRef:UniRef90_Q99342
pAba986H_1	cds	49133	49342	+	EGBKAC_075		Gene expression modulator	RefSeq:WP_001298565.1, SO:0001217, UniParc:UPI0000043B46, UniRef:UniRef100_D9Z5A8, UniRef:UniRef50_Q84A16, UniRef:UniRef90_Q84A16
pAba986H_1	cds	49380	49970	+	EGBKAC_076		DUF2726 domain-containing protein	RefSeq:WP_000766790.1, SO:0001217, UniParc:UPI0001D62803, UniRef:UniRef100_A0A9P2SUR9, UniRef:UniRef50_Q08JD4, UniRef:UniRef90_Q08JD4
pAba986H_1	cds	50210	50458	+	EGBKAC_077	copB	Protein CopB	RefSeq:WP_000083839.1, SO:0001217, UniParc:UPI00001787B0, UniRef:UniRef100_H1ZXQ2, UniRef:UniRef50_P03847, UniRef:UniRef90_Q0H0B3
pAba986H_1	cds	50459	50989	-	EGBKAC_078		hypothetical protein	
pAba986H_1	ncRNA	50596	50686	-	EGBKAC_079	copA	CopA-like RNA	RFAM:RF00042, SO:0000655
pAba986H_1	cds	51053	51793	+	EGBKAC_080	repA	plasmid replication initiator RepA	SO:0001217, UniRef:UniRef50_A0A2X1NJK7, UniRef:UniRef90_A0A380CCU7
pAba986H_1	cds	52499	52714	+	EGBKAC_081		hypothetical protein	RefSeq:WP_000841014.1, SO:0001217, UniParc:UPI0002C9E9AA, UniRef:UniRef100_UPI0002C9E9AA, UniRef:UniRef50_A0A0U3BHR6, UniRef:UniRef90_A0A0U3BHR6
pAba986H_1	cds	52711	53703	+	EGBKAC_082		Transposase	RefSeq:WP_001531282.1, SO:0001217, UniParc:UPI0002C8CD80, UniRef:UniRef100_UPI0002C8CD80, UniRef:UniRef50_A0A5T9W014, UniRef:UniRef90_A0A5T9W014
pAba986H_1	cds	53762	54379	-	EGBKAC_083		Fertility inhibition FinO-like protein	RefSeq:WP_000521602.1, SO:0001217, UniParc:UPI0002B957C3, UniRef:UniRef100_A0A376UVJ5, UniRef:UniRef50_I6ZU25, UniRef:UniRef90_I6ZU25
pAba986H_1	cds	54574	56130	-	EGBKAC_084		AAA+ ATPase domain-containing protein	SO:0001217, UniRef:UniRef50_A0A7I7D769, UniRef:UniRef90_I7APV5
pAba986H_1	cds	56395	56979	-	EGBKAC_085	ydeA	YdeA protein	RefSeq:WP_001418054.1, SO:0001217, UniParc:UPI0001D62806, UniRef:UniRef100_A0A9P2WHN0, UniRef:UniRef50_A0A0A0GLC8, UniRef:UniRef90_A0A8F1IFJ1
pAba986H_1	cds	56979	57197	-	EGBKAC_086		hypothetical protein	RefSeq:WP_077628640.1, SO:0001217, UniParc:UPI00098944E9, UniRef:UniRef100_UPI00098944E9, UniRef:UniRef50_UPI00186B6C73, UniRef:UniRef90_UPI00186B6C73
pAba986H_1	cds	57375	57575	+	EGBKAC_087		(3' truncated) transposase	SO:0001217, UniRef:UniRef50_UPI001F0AC547, UniRef:UniRef90_UPI001F0AC547
