# Annotated with Bakta
# Software: v1.10.3
# Database: v5.1, full
# DOI: 10.1099/mgen.0.000685
# URL: github.com/oschwengers/bakta
#Sequence Id	Type	Start	Stop	Strand	Locus Tag	Gene	Product	DbXrefs
pAba810CPa_1	cds	3	530	-	LEBJCP_001		(3' truncated) MobA/MobL family protein	SO:0001217, UniRef:UniRef50_UPI0020CFBF91, UniRef:UniRef90_UPI00148F2A68
pAba810CPa_1	cds	534	710	-	LEBJCP_002		hypothetical protein	SO:0001217, UniRef:UniRef50_UPI0026F23C02, UniRef:UniRef90_UPI0026F23C02
pAba810CPa_1	cds	912	1181	+	LEBJCP_003		Mobilization protein	RefSeq:WP_004282235.1, SO:0001217, UniParc:UPI0001BBABB8, UniRef:UniRef100_A0A0A8TUL3, UniRef:UniRef50_V2TFZ2, UniRef:UniRef90_N9TLQ1
pAba810CPa_1	cds	1171	2112	-	LEBJCP_004		Replication protein	RefSeq:WP_004282236.1, SO:0001217, UniParc:UPI0001BBABB9, UniRef:UniRef100_A0A9Q1WBB2, UniRef:UniRef50_N8ZUU3, UniRef:UniRef90_A0A0M1HRK5
pAba810CPa_1	oriV	2113	3082	?			origin of replication	
pAba810CPa_1	cds	3083	3529	+	LEBJCP_005		Acetyltransferase	RefSeq:WP_004781211.1, SO:0001217, UniParc:UPI0002CF1783, UniRef:UniRef100_A0A7D5BHL6, UniRef:UniRef50_V2TP06, UniRef:UniRef90_A0A1E3GME3
pAba810CPa_1	cds	3667	3960	+	LEBJCP_006		RelB/DinJ family addiction module antitoxin	RefSeq:WP_004781213.1, SO:0001217, UniParc:UPI0002CF9E86, UniRef:UniRef100_A0A9Q1WBZ7, UniRef:UniRef50_N9CN58, UniRef:UniRef90_N9CN58
pAba810CPa_1	cds	3953	4234	+	LEBJCP_007		RelE/StbE family addiction module toxin	RefSeq:WP_001129137.1, SO:0001217, UniParc:UPI000165F72D, UniRef:UniRef100_A0A6H3SKW1, UniRef:UniRef50_A0A381EEI6, UniRef:UniRef90_N9QF31
pAba810CPa_1	cds	4346	4843	-	LEBJCP_008		Mobilization protein	RefSeq:WP_024437508.1, SO:0001217, UniParc:UPI0003DF1168, UniRef:UniRef100_A0A9Q1WBM0, UniRef:UniRef50_N9TKX5, UniRef:UniRef90_N8ZPR6
pAba810CPa_1	cds	4840	5280	-	LEBJCP_009		(5' truncated) MobA/MobL protein domain-containing protein	SO:0001217, UniRef:UniRef50_N8ZP48, UniRef:UniRef90_N8ZP48
