# Annotated with Bakta
# Software: v1.10.3
# Database: v5.1, full
# DOI: 10.1099/mgen.0.000685
# URL: github.com/oschwengers/bakta
#Sequence Id	Type	Start	Stop	Strand	Locus Tag	Gene	Product	DbXrefs
contig_1	cds	101	382	-	NCACFP_01		RelE/StbE family addiction module toxin	RefSeq:WP_001129137.1, SO:0001217, UniParc:UPI000165F72D, UniRef:UniRef100_A0A6H3SKW1, UniRef:UniRef50_A0A381EEI6, UniRef:UniRef90_N9QF31
contig_1	cds	375	668	-	NCACFP_02		RelB/DinJ family addiction module antitoxin	RefSeq:WP_004781213.1, SO:0001217, UniParc:UPI0002CF9E86, UniRef:UniRef100_A0A9Q1WBZ7, UniRef:UniRef50_N9CN58, UniRef:UniRef90_N9CN58
contig_1	cds	806	1252	-	NCACFP_03		Acetyltransferase	RefSeq:WP_004781211.1, SO:0001217, UniParc:UPI0002CF1783, UniRef:UniRef100_A0A7D5BHL6, UniRef:UniRef50_V2TP06, UniRef:UniRef90_A0A1E3GME3
contig_1	oriV	1253	2222	?			origin of replication	
contig_1	cds	2223	3164	+	NCACFP_04		Replication protein	RefSeq:WP_004282236.1, SO:0001217, UniParc:UPI0001BBABB9, UniRef:UniRef100_A0A9Q1WBB2, UniRef:UniRef50_N8ZUU3, UniRef:UniRef90_A0A0M1HRK5
contig_1	cds	3154	3423	-	NCACFP_05		Mobilization protein	RefSeq:WP_004282235.1, SO:0001217, UniParc:UPI0001BBABB8, UniRef:UniRef100_A0A0A8TUL3, UniRef:UniRef50_V2TFZ2, UniRef:UniRef90_N9TLQ1
contig_1	cds	3625	3801	+	NCACFP_06		hypothetical protein	SO:0001217, UniRef:UniRef50_UPI0026F23C02, UniRef:UniRef90_UPI0026F23C02
contig_1	cds	3805	4776	+	NCACFP_07	mobQ	MobQ family relaxase	RefSeq:WP_031974862.1, SO:0001217, UniParc:UPI0003DF33BC, UniRef:UniRef100_A0A9Q1WBX3, UniRef:UniRef50_N8ZVK1, UniRef:UniRef90_N8ZVK1
contig_1	cds	4773	5270	+	NCACFP_08		Mobilization protein	RefSeq:WP_024437508.1, SO:0001217, UniParc:UPI0003DF1168, UniRef:UniRef100_A0A9Q1WBM0, UniRef:UniRef50_N9TKX5, UniRef:UniRef90_N8ZPR6
