# Annotated with Bakta
# Software: v1.10.3
# Database: v5.1, full
# DOI: 10.1099/mgen.0.000685
# URL: github.com/oschwengers/bakta
#Sequence Id	Type	Start	Stop	Strand	Locus Tag	Gene	Product	DbXrefs
contig_1	cds	47	1297	-	DIHKMD_01		Replication protein	RefSeq:WP_001180320.1, SO:0001217, UniParc:UPI0002B9BA65, UniRef:UniRef100_A0A9Q8HBW7, UniRef:UniRef50_A0A0H5Q279, UniRef:UniRef90_B0V3Y1
contig_1	cds	1382	1672	-	DIHKMD_02		Single-strand binding protein family protein	RefSeq:WP_000593064.1, SO:0001217, UniParc:UPI000165E29C, UniRef:UniRef100_X2FFZ8, UniRef:UniRef50_A0A240EEN2, UniRef:UniRef90_A0A240EEN2
contig_1	cds	1669	1806	-	DIHKMD_03		hypothetical protein	
contig_1	cds	1835	2182	-	DIHKMD_04		hypothetical protein	SO:0001217, UniRef:UniRef50_N9TKX0, UniRef:UniRef90_B0V3Y3
contig_1	cds	2461	2724	-	DIHKMD_05		(5' truncated) hypothetical protein	SO:0001217, UniRef:UniRef50_B0V3Y2, UniRef:UniRef90_B0V3Y2
