# Annotated with Bakta
# Software: v1.10.3
# Database: v5.1, full
# DOI: 10.1099/mgen.0.000685
# URL: github.com/oschwengers/bakta
#Sequence Id	Type	Start	Stop	Strand	Locus Tag	Gene	Product	DbXrefs
contig_1	oriV	1	103	?			origin of replication	
contig_1	cds	104	1054	+	GKGCFP_001	repM	replication initiation protein RepM	GO:0003887, GO:0006270, RefSeq:WP_063558588.1, SO:0001217, UniParc:UPI0007BCD9C7, UniRef:UniRef100_UPI0007BCD9C7, UniRef:UniRef50_N9S1Y6, UniRef:UniRef90_N8Q7R0
contig_1	cds	1047	1622	+	GKGCFP_002		DNA replication protein	RefSeq:WP_001096616.1, SO:0001217, UniParc:UPI000165E28F, UniRef:UniRef100_W0RY46, UniRef:UniRef50_A0A1H3MUW0, UniRef:UniRef90_A0A146C3D4
contig_1	cds	1642	1785	+	GKGCFP_003		hypothetical protein	RefSeq:WP_001125244.1, SO:0001217, UniParc:UPI0003217798, UniRef:UniRef100_A0A858UV95, UniRef:UniRef50_N8RHC3, UniRef:UniRef90_N9SQ31
contig_1	cds	2173	2421	+	GKGCFP_004		(pseudo) DUF3592 domain-containing protein	SO:0001217, UniRef:UniRef50_A0A8B4NBG3, UniRef:UniRef90_UPI000B7BC034
contig_1	cds	2412	3437	-	GKGCFP_005	tnp	IS30 family ISAba125 transposase	GO:0004803, RefSeq:WP_010326927.1, SO:0001217, UniParc:UPI0001FFC5F9, UniRef:UniRef100_A0A410J699, UniRef:UniRef50_N8Y7R0, UniRef:UniRef90_V2U9R3
contig_1	cds	3458	3769	+	GKGCFP_006		hypothetical protein	RefSeq:WP_063558590.1, SO:0001217, UniParc:UPI0007BC93EA, UniRef:UniRef100_UPI0007BC93EA, UniRef:UniRef50_UPI0007BC93EA, UniRef:UniRef90_UPI0007BC93EA
contig_1	cds	3823	4086	-	GKGCFP_007		IS1 family transposase	GO:0004803, SO:0001217, UniParc:UPI0002BA475B, UniRef:UniRef100_I1TLJ6, UniRef:UniRef50_I1TLJ6, UniRef:UniRef90_I1TLJ6
contig_1	cds	4265	5290	+	GKGCFP_008	tnp	IS30 family ISAba125 transposase	GO:0004803, RefSeq:WP_010326927.1, SO:0001217, UniParc:UPI0001FFC5F9, UniRef:UniRef100_A0A410J699, UniRef:UniRef50_N8Y7R0, UniRef:UniRef90_V2U9R3
contig_1	cds	5440	6282	+	GKGCFP_009	blaOXA-58	carbapenem-hydrolyzing class D beta-lactamase OXA-58	EC:3.5.2.6, NCBIProtein:WP_002002480.1, RefSeq:WP_002002480.1, SO:0001217, UniParc:UPI000046F5B6, UniRef:UniRef100_B2ZCT7, UniRef:UniRef50_B2ZCT7, UniRef:UniRef90_B2ZCT7
contig_1	cds	6373	6810	+	GKGCFP_010		IS1 family transposase	GO:0004803, SO:0001217, UniParc:UPI00006799B6, UniRef:UniRef100_D9D7D6, UniRef:UniRef50_D9D7D6, UniRef:UniRef90_D9D7D6
contig_1	cds	6867	7088	-	GKGCFP_011		hypothetical protein	SO:0001217, UniParc:UPI00028C0FBC, UniRef:UniRef100_A0A5P1I6C3, UniRef:UniRef50_A0A077KAS4, UniRef:UniRef90_A0A5P1I6C3
contig_1	cds	7253	8080	+	GKGCFP_012	araC	AraC binding protein	RefSeq:WP_000073658.1, SO:0001217, UniParc:UPI00006799B5, UniRef:UniRef100_D9D7D7, UniRef:UniRef50_R8YPJ4, UniRef:UniRef90_B2C6T1
contig_1	cds	8118	8735	+	GKGCFP_013	lysE	LysE	KEGG:K11249, SO:0001217, UniRef:UniRef50_A0A2H4ZHZ6, UniRef:UniRef90_A0A2H4ZHZ6
contig_1	cds	9287	9421	+	GKGCFP_014		hypothetical protein	SO:0001217, UniRef:UniRef50_N9Q977
contig_1	cds	9908	10180	-	GKGCFP_015	nadS	NadS family protein	RefSeq:WP_063558592.1, SO:0001217, UniParc:UPI0007BCA74C, UniRef:UniRef100_UPI0007BCA74C, UniRef:UniRef50_V2UJT1, UniRef:UniRef90_V2UJT1
contig_1	cds	10173	10493	-	GKGCFP_016	relE	Toxin-antitoxin system, toxin component, RelE family	RefSeq:WP_063558593.1, SO:0001217, UniParc:UPI0007BC9174, UniRef:UniRef100_UPI0007BC9174, UniRef:UniRef50_N8TUQ7, UniRef:UniRef90_N8TUQ7
contig_1	cds	10680	10916	-	GKGCFP_017		DUF4325 domain-containing protein	SO:0001217, UniRef:UniRef50_A0A1H3HXK4, UniRef:UniRef90_A0A0A3W7Y1
contig_1	cds	10944	11171	-	GKGCFP_018		Transposase	RefSeq:WP_004745640.1, SO:0001217, UniParc:UPI0002D10A59, UniRef:UniRef100_A0A858UG10, UniRef:UniRef50_N8QAC7, UniRef:UniRef90_A0A158LU32
contig_1	cds	11269	11484	-	GKGCFP_019		CSD domain-containing protein	RefSeq:WP_000071892.1, SO:0001217, UniParc:UPI000165EF0F, UniRef:UniRef100_A0A0M0XWC5, UniRef:UniRef50_N8NWW5, UniRef:UniRef90_N8NWW5
contig_1	cds	11815	11988	-	GKGCFP_020	dksA	DksA C4-type domain-containing protein	SO:0001217, UniRef:UniRef50_A0A241WCY8, UniRef:UniRef90_A0A858SD28
contig_1	cds	11988	12359	-	GKGCFP_021	copG	CopG family transcriptional regulator	RefSeq:WP_000504220.1, SO:0001217, UniParc:UPI0001D31982, UniRef:UniRef100_A0A0M3R7K0, UniRef:UniRef50_C5J514, UniRef:UniRef90_C5J514
contig_1	cds	12631	12885	-	GKGCFP_022		hypothetical protein	SO:0001217, UniRef:UniRef50_A0A024F854, UniRef:UniRef90_A0A024F854
