# Annotated with Bakta
# Software: v1.10.3
# Database: v5.1, full
# DOI: 10.1099/mgen.0.000685
# URL: github.com/oschwengers/bakta
#Sequence Id	Type	Start	Stop	Strand	Locus Tag	Gene	Product	DbXrefs
contig_1	cds	3	860	-	EDPGFD_01		(3' truncated) protein rep	SO:0001217, UniRef:UniRef50_A0A077XL74, UniRef:UniRef90_UPI0020776BEA
contig_1	cds	945	1235	-	EDPGFD_02		Single-strand binding protein family protein	RefSeq:WP_000593064.1, SO:0001217, UniParc:UPI000165E29C, UniRef:UniRef100_X2FFZ8, UniRef:UniRef50_A0A240EEN2, UniRef:UniRef90_A0A240EEN2
contig_1	cds	1232	1405	-	EDPGFD_03		hypothetical protein	RefSeq:WP_162268286.1, SO:0001217, UniParc:UPI0007AA3A12, UniRef:UniRef100_A0A0R3EBE0, UniRef:UniRef50_B0V3Y4, UniRef:UniRef90_B0V3Y4
contig_1	cds	1398	1745	-	EDPGFD_04		hypothetical protein	SO:0001217, UniRef:UniRef50_N9TKX0, UniRef:UniRef90_B0V3Y3
contig_1	cds	2024	2239	-	EDPGFD_05		hypothetical protein	RefSeq:WP_001262268.1, SO:0001217, UniParc:UPI0002BAAAEB, UniRef:UniRef100_X2FAG7, UniRef:UniRef50_B0V3Y2, UniRef:UniRef90_B0V3Y2
contig_1	cds	2336	2725	-	EDPGFD_06		(5' truncated) Replication protein	SO:0001217, UniRef:UniRef50_A0A484HQW0, UniRef:UniRef90_A0A9Q6DF29
