# Annotated with Bakta
# Software: v1.9.1
# Database: v5.0, full
# DOI: 10.1099/mgen.0.000685
# URL: github.com/oschwengers/bakta
#Sequence Id	Type	Start	Stop	Strand	Locus Tag	Gene	Product	DbXrefs
contig_1	cds	248	421	+	AOBEEJ_00005		hypothetical protein	RefSeq:WP_162268286.1, SO:0001217, UniParc:UPI0007AA3A12, UniRef:UniRef100_A0A0R3EBE0, UniRef:UniRef50_B0V3Y4, UniRef:UniRef90_B0V3Y4
contig_1	cds	418	708	+	AOBEEJ_00010	yopX	YopX domain-containing protein	RefSeq:WP_000593064.1, SO:0001217, UniParc:UPI000165E29C, UniRef:UniRef100_X2FFZ8, UniRef:UniRef50_H6VTN9, UniRef:UniRef90_X2FFZ8
contig_1	cds	793	2043	+	AOBEEJ_00015		Putative replication protein	RefSeq:WP_001180320.1, SO:0001217, UniParc:UPI0002B9BA65, UniRef:UniRef100_A0A8B5E2U7, UniRef:UniRef50_N9TLP0, UniRef:UniRef90_B0V3Y1
contig_1	cds	2140	2355	+	AOBEEJ_00020		Glyceraldehyde-3-phosphate dehydrogenase	RefSeq:WP_001262268.1, SO:0001217, UniParc:UPI0002BAAAEB, UniRef:UniRef100_X2FAG7, UniRef:UniRef50_B0V3Y2, UniRef:UniRef90_B0V3Y2
contig_1	cds	2664	255	+	AOBEEJ_00025		Phage protein	RefSeq:WP_000070380.1, SO:0001217, UniParc:UPI0002BA5106, UniRef:UniRef100_A0A506IHS1, UniRef:UniRef50_N9TKX0, UniRef:UniRef90_B0V3Y3
