# Annotated with Bakta
# Software: v1.10.3
# Database: v5.1, full
# DOI: 10.1099/mgen.0.000685
# URL: github.com/oschwengers/bakta
#Sequence Id	Type	Start	Stop	Strand	Locus Tag	Gene	Product	DbXrefs
contig_1	cds	435	1202	+	EJBAFC_01		hypothetical protein	RefSeq:WP_078377889.1, SO:0001217, UniParc:UPI000994A8D5, UniRef:UniRef100_UPI000994A8D5, UniRef:UniRef50_A0A3S9AWI7, UniRef:UniRef90_UPI000994A8D5
contig_1	cds	1213	1491	-	EJBAFC_02		Mobilization protein	RefSeq:WP_078377888.1, SO:0001217, UniParc:UPI000995B194, UniRef:UniRef100_UPI000995B194, UniRef:UniRef50_N8ZVC4, UniRef:UniRef90_N8ZVC4
contig_1	cds	1700	2653	+	EJBAFC_03	mobQ	MobQ family relaxase	RefSeq:WP_078378081.1, SO:0001217, UniParc:UPI000994E111, UniRef:UniRef100_UPI000994E111, UniRef:UniRef50_N8ZVK1, UniRef:UniRef90_N9AQM7
contig_1	cds	2650	3120	+	EJBAFC_04		Mobilization protein	RefSeq:WP_005140768.1, SO:0001217, UniParc:UPI0002D0AD09, UniRef:UniRef100_A0A8E1ZWE6, UniRef:UniRef50_N9TKX5, UniRef:UniRef90_N9AIT5
contig_1	cds	3316	4239	+	EJBAFC_05		Imelysin-like domain-containing protein	SO:0001217, UniRef:UniRef50_N8QHE7, UniRef:UniRef90_A0A8E1ZU85
contig_1	cds	4290	4424	-	EJBAFC_06		hypothetical protein	
contig_1	cds	4770	405	+	EJBAFC_07	repM	replication initiation protein RepM	GO:0003887, GO:0006270, RefSeq:WP_078377890.1, SO:0001217, UniParc:UPI000995B068, UniRef:UniRef100_UPI000995B068, UniRef:UniRef50_N9S1N1, UniRef:UniRef90_D0T0I6
