# Annotated with Bakta
# Software: v1.10.3
# Database: v5.1, full
# DOI: 10.1099/mgen.0.000685
# URL: github.com/oschwengers/bakta
#Sequence Id	Type	Start	Stop	Strand	Locus Tag	Gene	Product	DbXrefs
contig_1	cds	3	569	+	PHJNPI_0001		(5' truncated) hypothetical protein	
contig_1	cds	625	1410	+	PHJNPI_0002	traF	Conjugal transfer protein TraF	RefSeq:WP_164997346.1, SO:0001217, UniParc:UPI0013E9F73E, UniRef:UniRef100_UPI0013E9F73E, UniRef:UniRef50_N9AAX5, UniRef:UniRef90_A0A0D5YP08
contig_1	cds	1449	1727	+	PHJNPI_0003		Secreted protein	RefSeq:WP_228203032.1, SO:0001217, UniParc:UPI001D18597E, UniRef:UniRef100_UPI001D18597E, UniRef:UniRef50_A0A076G9N6, UniRef:UniRef90_A0A076G9N6
contig_1	cds	1814	3241	+	PHJNPI_0004	traH	Conjugal transfer protein TraH	RefSeq:WP_000692620.1, SO:0001217, UniParc:UPI0001E2B8FD, UniRef:UniRef100_X2FIS0, UniRef:UniRef50_N9DXL3, UniRef:UniRef90_X2FIS0
contig_1	cds	3257	3556	+	PHJNPI_0005	traG	conjugal transfer protein TraG N-terminal domain-containing protein	RefSeq:WP_265936337.1, SO:0001217, UniParc:UPI002248F9D5, UniRef:UniRef100_UPI002248F9D5, UniRef:UniRef50_UPI002248F9D5, UniRef:UniRef90_UPI002248F9D5
contig_1	cds	3532	3819	+	PHJNPI_0006	traG	conjugal transfer protein TraG N-terminal domain-containing protein	SO:0001217, UniRef:UniRef50_UPI0022492796, UniRef:UniRef90_UPI0022492796
contig_1	cds	4174	4308	+	PHJNPI_0007		hypothetical protein	
contig_1	cds	4314	4547	+	PHJNPI_0008		hypothetical protein	
contig_1	cds	4664	5572	+	PHJNPI_0009	traG	conjugal transfer protein TraG N-terminal domain-containing protein	RefSeq:WP_228203033.1, SO:0001217, UniParc:UPI001D186D77, UniRef:UniRef100_UPI001D186D77, UniRef:UniRef50_UPI000E1A88C5, UniRef:UniRef90_UPI001D17369F
contig_1	cds	5623	6078	+	PHJNPI_0010		hypothetical protein	RefSeq:WP_228203034.1, SO:0001217, UniParc:UPI001D184ABE, UniRef:UniRef100_UPI001D184ABE, UniRef:UniRef50_UPI001D184ABE, UniRef:UniRef90_UPI001D184ABE
contig_1	cds	6326	6823	+	PHJNPI_0011		transglycosylase SLT domain-containing protein	RefSeq:WP_265936340.1, SO:0001217, UniParc:UPI002248C6F6, UniRef:UniRef100_UPI002248C6F6, UniRef:UniRef50_N9F6M0, UniRef:UniRef90_UPI002248C6F6
contig_1	cds	6875	7867	-	PHJNPI_0012		Peptidase MA family protein	RefSeq:WP_001132594.1, SO:0001217, UniParc:UPI0001730320, UniRef:UniRef100_U5QEZ2, UniRef:UniRef50_A0A0J1A329, UniRef:UniRef90_A0A0J1A329
contig_1	cds	8034	9326	+	PHJNPI_0013	umuC	DNA polymerase V subunit UmuC	KEGG:K03502, RefSeq:WP_000662932.1, SO:0001217, UniParc:UPI0001E2B648, UniRef:UniRef100_U5QEQ7, UniRef:UniRef50_N9CR12, UniRef:UniRef90_U5QEQ7
contig_1	cds	9525	10640	+	PHJNPI_0014		hypothetical protein	SO:0001217, UniParc:UPI00026E1C59, UniRef:UniRef100_U5QER2, UniRef:UniRef50_X2FG90, UniRef:UniRef90_X2FG90
contig_1	cds	10885	11136	-	PHJNPI_0015		hypothetical protein	RefSeq:WP_000572025.1, SO:0001217, UniParc:UPI0001E2B465, UniRef:UniRef100_A0A1U9X4Y6, UniRef:UniRef50_A0A0D5YNA0, UniRef:UniRef90_A0A0D5YNA0
contig_1	cds	11204	11437	-	PHJNPI_0016		hypothetical protein	RefSeq:WP_000719146.1, SO:0001217, UniParc:UPI0001E2B84A, UniRef:UniRef100_A0A076G2X9, UniRef:UniRef50_A0A076G2X9, UniRef:UniRef90_A0A076G2X9
contig_1	cds	11926	13101	+	PHJNPI_0017		Plasmid replicase	RefSeq:WP_002031424.1, SO:0001217, UniParc:UPI000277C004, UniRef:UniRef100_U5QB99, UniRef:UniRef50_U5QB99, UniRef:UniRef90_U5QB99
contig_1	cds	13173	13412	+	PHJNPI_0018		hypothetical protein	SO:0001217, UniParc:UPI0001E2B9C0, UniRef:UniRef100_A0A076G3M8, UniRef:UniRef50_A0A076G3M8, UniRef:UniRef90_A0A076G3M8
contig_1	cds	13399	14481	+	PHJNPI_0019		DUF1173 domain-containing protein	RefSeq:WP_000258411.1, SO:0001217, UniParc:UPI00021B7B91, UniRef:UniRef100_U5QBB1, UniRef:UniRef50_U5QBB1, UniRef:UniRef90_U5QBB1
contig_1	cds	14497	15762	+	PHJNPI_0020		DUF1173 domain-containing protein	RefSeq:WP_000770546.1, SO:0001217, UniParc:UPI00017305AB, UniRef:UniRef100_U5QBB1, UniRef:UniRef50_U5QBB1, UniRef:UniRef90_U5QBB1
contig_1	cds	15728	16252	+	PHJNPI_0021		hypothetical protein	RefSeq:WP_000100569.1, SO:0001217, UniParc:UPI00017305AC, UniRef:UniRef100_A0A076G2Y6, UniRef:UniRef50_A0A0C4Y2J4, UniRef:UniRef90_A0A076G2Y6
contig_1	cds	16298	16678	+	PHJNPI_0022		hypothetical protein	RefSeq:WP_000227379.1, SO:0001217, UniParc:UPI00017305AD, UniRef:UniRef100_A0A076G4Z8, UniRef:UniRef50_X2FIS4, UniRef:UniRef90_X2FIS4
contig_1	cds	16832	17206	+	PHJNPI_0023		hypothetical protein	RefSeq:WP_000230431.1, SO:0001217, UniParc:UPI00017305AE, UniRef:UniRef100_U5QEV9, UniRef:UniRef50_U5QEV9, UniRef:UniRef90_U5QEV9
contig_1	cds	17378	17974	+	PHJNPI_0024	ycxB	YcxB family protein	RefSeq:WP_000095825.1, SO:0001217, UniParc:UPI00017305AF, UniRef:UniRef100_U5QET5, UniRef:UniRef50_X2FEI6, UniRef:UniRef90_X2FEI6
contig_1	cds	17980	18171	+	PHJNPI_0025		hypothetical protein	RefSeq:WP_000182323.1, SO:0001217, UniParc:UPI0001E2AEEE, UniRef:UniRef100_A0A076G3S2, UniRef:UniRef50_A0A8B4N1Y0, UniRef:UniRef90_A0A8B4N1Y0
contig_1	cds	18194	18361	+	PHJNPI_0026		hypothetical protein	RefSeq:WP_005134275.1, SO:0001217, UniParc:UPI0002CF7172, UniRef:UniRef100_A0A2U9A2K8, UniRef:UniRef50_A0A0D5YP24, UniRef:UniRef90_A0A0D5YP24
contig_1	cds	18392	18607	+	PHJNPI_0027		ClpX-type ZB domain-containing protein	RefSeq:WP_001012847.1, SO:0001217, UniParc:UPI0001E2AEF0, UniRef:UniRef100_A0A0B3YTZ5, UniRef:UniRef50_A0A0B3YTZ5, UniRef:UniRef90_A0A0B3YTZ5
contig_1	cds	18612	19088	+	PHJNPI_0028		TNase-like domain-containing protein	RefSeq:WP_000861205.1, SO:0001217, UniParc:UPI00017305B0, UniRef:UniRef100_U5QBJ4, UniRef:UniRef50_A0A2U9A2L3, UniRef:UniRef90_A0A2U9A2L3
contig_1	cds	19154	19480	+	PHJNPI_0029		H-NS histone-like protein	RefSeq:WP_000078385.1, SO:0001217, UniParc:UPI00017305B1, UniRef:UniRef100_U5QF36, UniRef:UniRef50_N8VG67, UniRef:UniRef90_U5QF36
contig_1	cds	19493	19681	+	PHJNPI_0030		hypothetical protein	RefSeq:WP_000427815.1, SO:0001217, UniParc:UPI0001E2B965, UniRef:UniRef100_A0A0B3ZPK3, UniRef:UniRef50_A0A0B3ZPK3, UniRef:UniRef90_A0A0B3ZPK3
contig_1	cds	19749	20045	+	PHJNPI_0031		hypothetical protein	SO:0001217, UniParc:UPI0001E2B35D, UniRef:UniRef100_A0A0B4BQL8, UniRef:UniRef50_X2FG61, UniRef:UniRef90_X2FG61
contig_1	cds	20042	20374	+	PHJNPI_0032		hypothetical protein	RefSeq:WP_000565581.1, SO:0001217, UniParc:UPI0001E2B35E, UniRef:UniRef100_U5QBG6, UniRef:UniRef50_U5QBG6, UniRef:UniRef90_U5QBG6
contig_1	cds	20388	20792	+	PHJNPI_0033		hypothetical protein	RefSeq:WP_001070890.1, SO:0001217, UniParc:UPI00017305B2, UniRef:UniRef100_U5QBF5, UniRef:UniRef50_U5QBF5, UniRef:UniRef90_U5QBF5
contig_1	cds	20911	21600	+	PHJNPI_0034		DUF2786 domain-containing protein	RefSeq:WP_000389915.1, SO:0001217, UniParc:UPI0001E2B35F, UniRef:UniRef100_U5QBC6, UniRef:UniRef50_X2FEI9, UniRef:UniRef90_X2FEI9
contig_1	cds	21605	21841	+	PHJNPI_0035		hypothetical protein	RefSeq:WP_001057663.1, SO:0001217, UniParc:UPI0001E2B360, UniRef:UniRef100_A0A0B4AKL9, UniRef:UniRef50_A0A0B4AKL9, UniRef:UniRef90_A0A0B4AKL9
contig_1	cds	21847	22053	-	PHJNPI_0036		hypothetical protein	RefSeq:WP_000535990.1, SO:0001217, UniParc:UPI0001E2B361, UniRef:UniRef100_A0A059ZTE6, UniRef:UniRef50_A0A059ZTE6, UniRef:UniRef90_A0A059ZTE6
contig_1	cds	22581	23078	+	PHJNPI_0037		hypothetical protein	RefSeq:WP_001067227.1, SO:0001217, UniParc:UPI00017305B4, UniRef:UniRef100_U5QF20, UniRef:UniRef50_X2F9L0, UniRef:UniRef90_X2F9L0
contig_1	cds	23107	23883	+	PHJNPI_0038		DNA methylase adenine-specific domain-containing protein	RefSeq:WP_001086348.1, SO:0001217, UniParc:UPI0001FFC4F8, UniRef:UniRef100_A0A347RXQ2, UniRef:UniRef50_A0A076G2M3, UniRef:UniRef90_A0A076G2M3
contig_1	cds	24076	24849	+	PHJNPI_0039	parA	ParA	KEGG:K03496, RefSeq:WP_063558596.1, SO:0001217, UniParc:UPI0007BCC30D, UniRef:UniRef100_A0A410J6A9, UniRef:UniRef50_A0A410J6A9, UniRef:UniRef90_A0A410J6A9
contig_1	cds	24853	26109	+	PHJNPI_0040		ParB-like nuclease	RefSeq:WP_000096600.1, SO:0001217, UniParc:UPI00017305B8, UniRef:UniRef100_U5QBK7, UniRef:UniRef50_U5QBK7, UniRef:UniRef90_U5QBK7
contig_1	cds	26245	27474	+	PHJNPI_0041		hypothetical protein	RefSeq:WP_001024502.1, SO:0001217, UniParc:UPI00017305B9, UniRef:UniRef100_U5QEY6, UniRef:UniRef50_X2FEJ2, UniRef:UniRef90_X2FEJ2
contig_1	cds	27489	27722	+	PHJNPI_0042		hypothetical protein	RefSeq:WP_000241707.1, SO:0001217, UniParc:UPI0001E2B120, UniRef:UniRef100_A0A059ZTE1, UniRef:UniRef50_A0A059ZTE1, UniRef:UniRef90_A0A059ZTE1
contig_1	cds	27761	28030	+	PHJNPI_0043		hypothetical protein	SO:0001217, UniParc:UPI0001E2B11F, UniRef:UniRef100_A0A059ZT65, UniRef:UniRef50_A0A059ZT65, UniRef:UniRef90_A0A059ZT65
contig_1	cds	28071	29174	+	PHJNPI_0044	telA	Toxic anion resistance protein TelA	RefSeq:WP_000933769.1, SO:0001217, UniParc:UPI00017305BA, UniRef:UniRef100_A0A076G4P2, UniRef:UniRef50_A0A076G4P2, UniRef:UniRef90_A0A076G4P2
contig_1	cds	29187	30467	+	PHJNPI_0045		hypothetical protein	RefSeq:WP_063558595.1, SO:0001217, UniParc:UPI0007BCB13A, UniRef:UniRef100_A0A410J6D7, UniRef:UniRef50_X2FAP5, UniRef:UniRef90_X2FAP5
contig_1	cds	30572	30829	+	PHJNPI_0046		DUF3592 domain-containing protein	RefSeq:WP_000834290.1, SO:0001217, UniParc:UPI0001E2B31B, UniRef:UniRef100_A0A0B4AXT3, UniRef:UniRef50_A0A2U9A328, UniRef:UniRef90_A0A2U9A328
contig_1	cds	30834	31406	+	PHJNPI_0047		hypothetical protein	RefSeq:WP_000443897.1, SO:0001217, UniParc:UPI0001E2B31C, UniRef:UniRef100_U5QBN0, UniRef:UniRef50_X2FIT4, UniRef:UniRef90_X2FIT4
contig_1	cds	31382	31561	+	PHJNPI_0048		hypothetical protein	RefSeq:WP_000387630.1, SO:0001217, UniParc:UPI0001E2B31D, UniRef:UniRef100_A0A0B4ARL8, UniRef:UniRef50_A0A0B4ARL8, UniRef:UniRef90_A0A0B4ARL8
contig_1	cds	31578	32207	+	PHJNPI_0049		Cement protein 3B variant 2	RefSeq:WP_000701003.1, SO:0001217, UniParc:UPI00017305BC, UniRef:UniRef100_U5QBD2, UniRef:UniRef50_X2FG68, UniRef:UniRef90_X2FG68
contig_1	cds	32247	32465	+	PHJNPI_0050		hypothetical protein	RefSeq:WP_001043201.1, SO:0001217, UniParc:UPI0001E2B31E, UniRef:UniRef100_A0A0B3YWQ5, UniRef:UniRef50_A0A0B3YWQ5, UniRef:UniRef90_A0A0B3YWQ5
contig_1	cds	32485	33039	+	PHJNPI_0051		Lipoprotein	RefSeq:WP_000790084.1, SO:0001217, UniParc:UPI00017305BD, UniRef:UniRef100_U5QEU2, UniRef:UniRef50_X2FG71, UniRef:UniRef90_X2FG71
contig_1	cds	33089	33625	+	PHJNPI_0052		Lipoprotein	RefSeq:WP_000731978.1, SO:0001217, UniParc:UPI00017305BE, UniRef:UniRef100_A0A1E2YIT9, UniRef:UniRef50_X2FEJ8, UniRef:UniRef90_X2FEJ8
contig_1	cds	34163	34462	-	PHJNPI_0053		HTH cro/C1-type domain-containing protein	RefSeq:WP_001096429.1, SO:0001217, UniParc:UPI0001E2B5E0, UniRef:UniRef100_A0A076G2N9, UniRef:UniRef50_A0A076G2N9, UniRef:UniRef90_A0A076G2N9
contig_1	cds	34462	34821	-	PHJNPI_0054		Type II toxin-antitoxin system RelE/ParE family toxin	RefSeq:WP_000312250.1, SO:0001217, UniParc:UPI0001E2B5DF, UniRef:UniRef100_A0A076G4Q7, UniRef:UniRef50_D6YQL3, UniRef:UniRef90_A0A076G4Q7
contig_1	cds	35004	35588	+	PHJNPI_0055		hypothetical protein	RefSeq:WP_000921899.1, SO:0001217, UniParc:UPI0001E2B5DE, UniRef:UniRef100_U5QBI4, UniRef:UniRef50_U5QBI4, UniRef:UniRef90_U5QBI4
contig_1	cds	35637	35819	+	PHJNPI_0056		hypothetical protein	RefSeq:WP_000373385.1, SO:0001217, UniParc:UPI00021B7910, UniRef:UniRef100_A0A059ZLB3, UniRef:UniRef50_A0A059ZLB3, UniRef:UniRef90_A0A059ZLB3
contig_1	cds	35886	36584	+	PHJNPI_0057		hypothetical protein	RefSeq:WP_000873188.1, SO:0001217, UniParc:UPI0001FFC5F0, UniRef:UniRef100_A0A076G3J5, UniRef:UniRef50_A0A1S2FW72, UniRef:UniRef90_A0A1S2FW72
contig_1	cds	36710	37105	+	PHJNPI_0058		hypothetical protein	RefSeq:WP_000236437.1, SO:0001217, UniParc:UPI0001FFC5F1, UniRef:UniRef100_U5QF32, UniRef:UniRef50_U5QF32, UniRef:UniRef90_U5QF32
contig_1	cds	37172	37930	+	PHJNPI_0059		hypothetical protein	RefSeq:WP_001053127.1, SO:0001217, UniParc:UPI0001E2B5B0, UniRef:UniRef100_U5QBC1, UniRef:UniRef50_X2F9M5, UniRef:UniRef90_X2F9M5
contig_1	cds	38986	39300	+	PHJNPI_0060		hypothetical protein	RefSeq:WP_000708714.1, SO:0001217, UniParc:UPI0001F8AFFC, UniRef:UniRef100_U5QBL5, UniRef:UniRef50_X2FIU6, UniRef:UniRef90_X2FIU6
contig_1	cds	39336	39833	+	PHJNPI_0061		J domain-containing protein	RefSeq:WP_000758689.1, SO:0001217, UniParc:UPI0001E2B540, UniRef:UniRef100_A0A0B3YWX8, UniRef:UniRef50_X2FG78, UniRef:UniRef90_X2FG78
contig_1	cds	39979	40263	+	PHJNPI_0062		hypothetical protein	RefSeq:WP_000270931.1, SO:0001217, UniParc:UPI00021B7BE4, UniRef:UniRef100_A0A0B4A059, UniRef:UniRef50_A0A0B4A059, UniRef:UniRef90_A0A0B4A059
contig_1	cds	40408	40740	+	PHJNPI_0063		hypothetical protein	RefSeq:WP_000597531.1, SO:0001217, UniParc:UPI0001F8AFFF, UniRef:UniRef100_A0A076G3G9, UniRef:UniRef50_X2FEK5, UniRef:UniRef90_X2FEK5
contig_1	cds	40756	40950	+	PHJNPI_0064		KTSC domain protein	RefSeq:WP_000560244.1, SO:0001217, UniParc:UPI0001E2B65B, UniRef:UniRef100_A0A0J1A1V0, UniRef:UniRef50_A0A0J1A1V0, UniRef:UniRef90_A0A0J1A1V0
contig_1	cds	40980	41309	-	PHJNPI_0065	grpE	Heat shock protein, GrpE family	RefSeq:WP_001066685.1, SO:0001217, UniParc:UPI0001E2B65A, UniRef:UniRef100_U5QF42, UniRef:UniRef50_A0A7U3Y3J8, UniRef:UniRef90_X2F9M9
contig_1	cds	41887	42357	+	PHJNPI_0066	copG	Ribbon-helix-helix protein CopG domain-containing protein	RefSeq:WP_000192272.1, SO:0001217, UniParc:UPI0001E2AF24, UniRef:UniRef100_A0A076G2R7, UniRef:UniRef50_X2FAQ7, UniRef:UniRef90_X2FAQ7
contig_1	cds	42362	44521	+	PHJNPI_0067	traD	Protein TraD	RefSeq:WP_000644960.1, SO:0001217, UniParc:UPI00017305E9, UniRef:UniRef100_U5QBJ7, UniRef:UniRef50_X2FEI2, UniRef:UniRef90_X2FEI2
contig_1	cds	44533	47808	+	PHJNPI_0068	mobF	MobF family relaxase	GO:0003677, RefSeq:WP_000953856.1, SO:0001217, UniParc:UPI0001E2B6FA, UniRef:UniRef100_U5QEX4, UniRef:UniRef50_X2FG47, UniRef:UniRef90_X2FG47
contig_1	cds	47899	48324	+	PHJNPI_0069		hypothetical protein	RefSeq:WP_000261891.1, SO:0001217, UniParc:UPI00017305EC, UniRef:UniRef100_U5QBJ8, UniRef:UniRef50_U5QBJ8, UniRef:UniRef90_U5QBJ8
contig_1	cds	48496	48786	-	PHJNPI_0070		hypothetical protein	RefSeq:WP_228203027.1, SO:0001217, UniParc:UPI001D189D0A, UniRef:UniRef100_UPI001D189D0A, UniRef:UniRef50_UPI001D189D0A, UniRef:UniRef90_UPI001D189D0A
contig_1	cds	48779	49804	-	PHJNPI_0071	tnp	IS30-like element ISAba125 family transposase	BlastRules:WP_001988464, GO:0004803, RefSeq:WP_001988464.1, SO:0001217, UniParc:UPI00020C2629, UniRef:UniRef100_A0A2R4KLT6, UniRef:UniRef50_N8Y7R0, UniRef:UniRef90_V2U9R3
contig_1	cds	49884	50663	-	PHJNPI_0072	aph(3')-VIa	aminoglycoside O-phosphotransferase APH(3')-VIa	EC:2.7.1.95, GO:0005524, GO:0008910, GO:0016310, GO:0046677, KEGG:K19274, NCBIProtein:WP_000422636.1, RefSeq:WP_000422636.1, SO:0001217, UniParc:UPI000012DEBB, UniRef:UniRef100_P09885, UniRef:UniRef50_P09885, UniRef:UniRef90_P09885
contig_1	cds	50764	51789	-	PHJNPI_0073	tnp	IS30-like element ISAba125 family transposase	BlastRules:WP_001988464, GO:0004803, RefSeq:WP_001988464.1, SO:0001217, UniParc:UPI00020C2629, UniRef:UniRef100_A0A2R4KLT6, UniRef:UniRef50_N8Y7R0, UniRef:UniRef90_V2U9R3
contig_1	cds	51817	52998	+	PHJNPI_0074		restriction endonuclease subunit S	RefSeq:WP_228203028.1, SO:0001217, UniParc:UPI001D192D5A, UniRef:UniRef100_UPI001D192D5A, UniRef:UniRef50_A0A7S9DQD5, UniRef:UniRef90_UPI00148BE7FF
contig_1	cds	53142	54179	+	PHJNPI_0075		Abi-like protein	RefSeq:WP_033854407.1, SO:0001217, UniParc:UPI0004B96FE6, UniRef:UniRef100_UPI0004B96FE6, UniRef:UniRef50_C5S1X6, UniRef:UniRef90_N9D548
contig_1	cds	54196	57480	+	PHJNPI_0076		type I site-specific deoxyribonuclease	EC:3.1.21.3, KEGG:K01153, RefSeq:WP_033854408.1, SO:0001217, UniParc:UPI00044F1E1F, UniRef:UniRef100_UPI00044F1E1F, UniRef:UniRef50_A0A377HYI6, UniRef:UniRef90_A0A7U9KAB5
contig_1	cds	57493	58842	+	PHJNPI_0077		ISL3 family transposase	GO:0004803, RefSeq:WP_033854409.1, SO:0001217, UniParc:UPI00045096B5, UniRef:UniRef100_UPI00045096B5, UniRef:UniRef50_N8Y7D6, UniRef:UniRef90_N9F4F8
contig_1	cds	58876	59202	-	PHJNPI_0078		hypothetical protein	RefSeq:WP_001132522.1, SO:0001217, UniParc:UPI00017305ED, UniRef:UniRef100_U5QEX1, UniRef:UniRef50_U5QEX1, UniRef:UniRef90_U5QEX1
contig_1	cds	59240	59707	-	PHJNPI_0079		hypothetical protein	RefSeq:WP_228203029.1, SO:0001217, UniParc:UPI001D195F30, UniRef:UniRef100_UPI001D195F30, UniRef:UniRef50_A0A0C4Y2M2, UniRef:UniRef90_UPI001D195F30
contig_1	cds	59728	60753	+	PHJNPI_0080	tnp	IS30-like element ISAba125 family transposase	BlastRules:WP_001988464, GO:0004803, RefSeq:WP_001988464.1, SO:0001217, UniParc:UPI00020C2629, UniRef:UniRef100_A0A2R4KLT6, UniRef:UniRef50_N8Y7R0, UniRef:UniRef90_V2U9R3
contig_1	cds	60744	60896	-	PHJNPI_0081		hypothetical protein	RefSeq:WP_164997345.1, SO:0001217, UniParc:UPI0013ED0116, UniRef:UniRef100_UPI0013ED0116, UniRef:UniRef50_UPI0002CCD7ED, UniRef:UniRef90_UPI0002CCD7ED
contig_1	cds	60929	61102	-	PHJNPI_0082		hypothetical protein	RefSeq:WP_000550620.1, SO:0001217, UniParc:UPI0001E2B40F, UniRef:UniRef100_A0A9Q7DSG7, UniRef:UniRef50_A0A410J6G8, UniRef:UniRef90_A0A410J6G8
contig_1	cds	61140	61418	-	PHJNPI_0083		hypothetical protein	SO:0001217, UniParc:UPI0002789520, UniRef:UniRef100_A0A0D5YMT3, UniRef:UniRef50_A0A0D5YMT3, UniRef:UniRef90_A0A0D5YMT3
contig_1	cds	61432	61884	-	PHJNPI_0084		hypothetical protein	RefSeq:WP_000776261.1, SO:0001217, UniParc:UPI00017305EF, UniRef:UniRef100_U5QBN9, UniRef:UniRef50_U5QBN9, UniRef:UniRef90_U5QBN9
contig_1	cds	62117	62314	-	PHJNPI_0085		hypothetical protein	SO:0001217, UniParc:UPI0001E2B850, UniRef:UniRef100_A0A0B4AZI4, UniRef:UniRef50_A0A0B4AZI4, UniRef:UniRef90_A0A0B4AZI4
contig_1	cds	62369	62593	-	PHJNPI_0086		hypothetical protein	RefSeq:WP_001058203.1, SO:0001217, UniParc:UPI0001E2B2B4, UniRef:UniRef100_A0A0B3ZTN8, UniRef:UniRef50_A0A0B3ZTN8, UniRef:UniRef90_A0A0B3ZTN8
contig_1	cds	62597	63256	-	PHJNPI_0087		hypothetical protein	RefSeq:WP_000581089.1, SO:0001217, UniParc:UPI00026E1C5B, UniRef:UniRef100_U5QF04, UniRef:UniRef50_X2F9N4, UniRef:UniRef90_X2F9N4
contig_1	cds	63513	64151	+	PHJNPI_0088		PinR-like resolvase	RefSeq:WP_201787331.1, SO:0001217, UniParc:UPI000A85706B, UniRef:UniRef100_A0A410J6J6, UniRef:UniRef50_A0A3N4MJD8, UniRef:UniRef90_U5QF08
contig_1	cds	64193	64624	-	PHJNPI_0089		hypothetical protein	RefSeq:WP_001190813.1, SO:0001217, UniParc:UPI00017305F2, UniRef:UniRef100_A0A076G9J9, UniRef:UniRef50_A0A1S2G042, UniRef:UniRef90_A0A1S2G042
contig_1	cds	64650	64985	-	PHJNPI_0090		hypothetical protein	RefSeq:WP_001074611.1, SO:0001217, UniParc:UPI0001F8B01A, UniRef:UniRef100_A0A7U3Y3N2, UniRef:UniRef50_A0A0M3FN48, UniRef:UniRef90_A0A0M3FN48
contig_1	cds	65216	65842	+	PHJNPI_0091		Conjugative transfer transglycosylase	RefSeq:WP_000568626.1, SO:0001217, UniParc:UPI0001F8B01B, UniRef:UniRef100_A0A076G2T5, UniRef:UniRef50_U3G7L8, UniRef:UniRef90_U5QBM6
contig_1	cds	65859	66095	+	PHJNPI_0092		Secreted protein	RefSeq:WP_001078617.1, SO:0001217, UniParc:UPI0001E2B119, UniRef:UniRef100_A0A076G4U5, UniRef:UniRef50_A0A076G4U5, UniRef:UniRef90_A0A076G4U5
contig_1	cds	66146	66499	+	PHJNPI_0093	traA	TraA	KEGG:K12069, RefSeq:WP_000424621.1, SO:0001217, UniParc:UPI00017305F5, UniRef:UniRef100_U5QBP8, UniRef:UniRef50_U5QBP8, UniRef:UniRef90_U5QBP8
contig_1	cds	66521	66814	+	PHJNPI_0094	traL	type IV conjugative transfer system protein TraL	KEGG:K12068, RefSeq:WP_000094493.1, SO:0001217, UniParc:UPI00017305F6, UniRef:UniRef100_A0A0D5YMU8, UniRef:UniRef50_A0A0D5YMU8, UniRef:UniRef90_A0A0D5YMU8
contig_1	cds	66819	67397	+	PHJNPI_0095	traE	TraE	KEGG:K12067, RefSeq:WP_000376692.1, SO:0001217, UniParc:UPI00017305F7, UniRef:UniRef100_U5QBD8, UniRef:UniRef50_A0A076G3N3, UniRef:UniRef90_A0A076G3N3
contig_1	cds	67378	68100	+	PHJNPI_0096	traK	Conjugal transfer protein TraK	RefSeq:WP_000776095.1, SO:0001217, UniParc:UPI00017305F8, UniRef:UniRef100_U5QEZ8, UniRef:UniRef50_N9FDJ3, UniRef:UniRef90_U5QEZ8
contig_1	cds	68110	69426	+	PHJNPI_0097	traB	Conjugal transfer protein TraB	RefSeq:WP_005134280.1, SO:0001217, UniParc:UPI0002D10DA7, UniRef:UniRef100_A0A075X334, UniRef:UniRef50_X2FEH6, UniRef:UniRef90_X2FEH6
contig_1	cds	69428	70150	+	PHJNPI_0098		Thiol:disulfide interchange protein	RefSeq:WP_000714144.1, SO:0001217, UniParc:UPI0001F8B01E, UniRef:UniRef100_X2F9P2, UniRef:UniRef50_A0A0C4XXK4, UniRef:UniRef90_U5QBL7
contig_1	cds	70193	70453	+	PHJNPI_0099		Lipoprotein	RefSeq:WP_000876194.1, SO:0001217, UniParc:UPI0001E2B117, UniRef:UniRef100_A0A0D5YMV4, UniRef:UniRef50_A0A0D5YMV4, UniRef:UniRef90_A0A0D5YMV4
contig_1	cds	70454	71098	+	PHJNPI_0100	traV	type IV conjugative transfer system lipoprotein TraV	RefSeq:WP_000823132.1, SO:0001217, UniParc:UPI00017305FB, UniRef:UniRef100_U5QES9, UniRef:UniRef50_D0SGY5, UniRef:UniRef90_U5QES9
contig_1	cds	71108	73834	+	PHJNPI_0101	traC	type IV secretion system protein TraC	RefSeq:WP_005134279.1, SO:0001217, UniParc:UPI0002D039AA, UniRef:UniRef100_A0A1S2G044, UniRef:UniRef50_A0A8E5EPV3, UniRef:UniRef90_A0A8E5EPV3
contig_1	cds	73831	74226	+	PHJNPI_0102		hypothetical protein	RefSeq:WP_005134278.1, SO:0001217, UniParc:UPI0002CF5762, UniRef:UniRef100_A0A075X4T0, UniRef:UniRef50_A0A7U3Y3P4, UniRef:UniRef90_A0A7U3Y3P4
contig_1	cds	74274	74774	+	PHJNPI_0103	lepB	signal peptidase I	EC:3.4.21.89, GO:0004252, GO:0006465, GO:0009306, RefSeq:WP_129533660.1, SO:0001217, UniParc:UPI000E9F2530, UniRef:UniRef100_A0A410J6I7, UniRef:UniRef50_A0A410J6I7, UniRef:UniRef90_A0A410J6I7
contig_1	cds	74761	75399	+	PHJNPI_0104	traW	type-F conjugative transfer system protein TraW	RefSeq:WP_000672680.1, SO:0001217, UniParc:UPI0001730316, UniRef:UniRef100_U5QBH9, UniRef:UniRef50_U5QBH9, UniRef:UniRef90_U5QBH9
contig_1	cds	75396	76439	+	PHJNPI_0105	traU	conjugal transfer pilus assembly protein TraU	RefSeq:WP_005134276.1, SO:0001217, UniParc:UPI0002CEE689, UniRef:UniRef100_A0A075X3W6, UniRef:UniRef50_U3G7K4, UniRef:UniRef90_U5QBL2
contig_1	cds	76454	77161	+	PHJNPI_0106	trbC	type-F conjugative transfer system pilin assembly protein TrbC	RefSeq:WP_000733535.1, SO:0001217, UniParc:UPI0001730318, UniRef:UniRef100_U5QES3, UniRef:UniRef50_U5QES3, UniRef:UniRef90_U5QES3
contig_1	cds	77158	79215	+	PHJNPI_0107	traN	Conjugal transfer protein TraN	RefSeq:WP_000591718.1, SO:0001217, UniParc:UPI0001E2B114, UniRef:UniRef100_U5QBA4, UniRef:UniRef50_X2F9J8, UniRef:UniRef90_X2F9J8
contig_1	cds	79208	80020	+	PHJNPI_0108	traF	Conjugal transfer protein TraF	RefSeq:WP_001037429.1, SO:0001217, UniParc:UPI0001E2B053, UniRef:UniRef100_A0A0D5YP08, UniRef:UniRef50_N9AAX5, UniRef:UniRef90_A0A0D5YP08
contig_1	cds	80059	80388	+	PHJNPI_0109		Secreted protein	RefSeq:WP_000644930.1, SO:0001217, UniParc:UPI000173031C, UniRef:UniRef100_A0A076G9N6, UniRef:UniRef50_A0A076G9N6, UniRef:UniRef90_A0A076G9N6
contig_1	cds	80422	81849	+	PHJNPI_0110	traH	Conjugal transfer protein TraH	RefSeq:WP_000692620.1, SO:0001217, UniParc:UPI0001E2B8FD, UniRef:UniRef100_X2FIS0, UniRef:UniRef50_N9DXL3, UniRef:UniRef90_X2FIS0
contig_1	cds	81865	84867	+	PHJNPI_0111	traG	Conjugal transfer protein TraG	RefSeq:WP_000347999.1, SO:0001217, UniParc:UPI000173031F, UniRef:UniRef100_U5QBF1, UniRef:UniRef50_X2FG55, UniRef:UniRef90_X2FG55
contig_1	cds	84939	85457	+	PHJNPI_0112		Transglycosylase SLT domain-containing protein	SO:0001217, UniParc:UPI0001E2B647, UniRef:UniRef100_A0A076G4X9, UniRef:UniRef50_N9F6M0, UniRef:UniRef90_A0A076G4X9
contig_1	cds	85489	86481	-	PHJNPI_0113		Peptidase MA family protein	RefSeq:WP_001132594.1, SO:0001217, UniParc:UPI0001730320, UniRef:UniRef100_U5QEZ2, UniRef:UniRef50_A0A0J1A329, UniRef:UniRef90_A0A0J1A329
contig_1	cds	86648	87940	+	PHJNPI_0114	umuC	DNA polymerase V subunit UmuC	KEGG:K03502, RefSeq:WP_000662932.1, SO:0001217, UniParc:UPI0001E2B648, UniRef:UniRef100_U5QEQ7, UniRef:UniRef50_N9CR12, UniRef:UniRef90_U5QEQ7
contig_1	cds	88139	89254	+	PHJNPI_0115		hypothetical protein	SO:0001217, UniParc:UPI00026E1C59, UniRef:UniRef100_U5QER2, UniRef:UniRef50_X2FG90, UniRef:UniRef90_X2FG90
contig_1	cds	89499	89750	-	PHJNPI_0116		hypothetical protein	RefSeq:WP_000572025.1, SO:0001217, UniParc:UPI0001E2B465, UniRef:UniRef100_A0A1U9X4Y6, UniRef:UniRef50_A0A0D5YNA0, UniRef:UniRef90_A0A0D5YNA0
contig_1	cds	89818	90051	-	PHJNPI_0117		hypothetical protein	RefSeq:WP_000719146.1, SO:0001217, UniParc:UPI0001E2B84A, UniRef:UniRef100_A0A076G2X9, UniRef:UniRef50_A0A076G2X9, UniRef:UniRef90_A0A076G2X9
contig_1	cds	90610	91716	+	PHJNPI_0118		Plasmid replicase	RefSeq:WP_228203030.1, SO:0001217, UniParc:UPI001D194110, UniRef:UniRef100_UPI001D194110, UniRef:UniRef50_U5QB99, UniRef:UniRef90_U5QB99
contig_1	cds	91788	92027	+	PHJNPI_0119		hypothetical protein	SO:0001217, UniParc:UPI0001E2B9C0, UniRef:UniRef100_A0A076G3M8, UniRef:UniRef50_A0A076G3M8, UniRef:UniRef90_A0A076G3M8
contig_1	cds	92522	93091	+	PHJNPI_0120		toxin	RefSeq:WP_225517059.1, SO:0001217, UniParc:UPI0002ECC822, UniRef:UniRef100_UPI0002ECC822, UniRef:UniRef50_UPI000F899733, UniRef:UniRef90_UPI000AB66817
contig_1	cds	93107	93382	+	PHJNPI_0121		DUF1173 domain-containing protein	RefSeq:WP_265936335.1, SO:0001217, UniParc:UPI002248F90C, UniRef:UniRef100_UPI002248F90C, UniRef:UniRef50_UPI002248F90C, UniRef:UniRef90_UPI002248F90C
contig_1	cds	93794	94366	+	PHJNPI_0122		DUF1173 domain-containing protein	RefSeq:WP_265936336.1, SO:0001217, UniParc:UPI002248AD4C, UniRef:UniRef100_UPI002248AD4C, UniRef:UniRef50_UPI0022278A87, UniRef:UniRef90_UPI0022278A87
contig_1	cds	94332	94748	+	PHJNPI_0123		hypothetical protein	RefSeq:WP_003323270.1, SO:0001217, UniParc:UPI0002CB5843, UniRef:UniRef100_UPI0002CB5843, UniRef:UniRef50_A0A0C4Y2J4, UniRef:UniRef90_UPI0021C3CF15
contig_1	cds	94903	95109	+	PHJNPI_0124		hypothetical protein	RefSeq:WP_228203031.1, SO:0001217, UniParc:UPI000E9B26AB, UniRef:UniRef100_UPI000E9B26AB, UniRef:UniRef50_UPI000E9B26AB, UniRef:UniRef90_UPI000E9B26AB
contig_1	cds	95096	95206	-	PHJNPI_0125		(5' truncated) hypothetical protein	
