# Annotated with Bakta
# Software: v1.10.3
# Database: v5.1, full
# DOI: 10.1099/mgen.0.000685
# URL: github.com/oschwengers/bakta
#Sequence Id	Type	Start	Stop	Strand	Locus Tag	Gene	Product	DbXrefs
contig_1	oriV	432	633	?			origin of replication	
contig_1	cds	634	1584	+	OEEEIN_001	repM	replication initiation protein RepM	GO:0003887, GO:0006270, RefSeq:WP_063558588.1, SO:0001217, UniParc:UPI0007BCD9C7, UniRef:UniRef100_UPI0007BCD9C7, UniRef:UniRef50_N9S1Y6, UniRef:UniRef90_N8Q7R0
contig_1	cds	1577	2152	+	OEEEIN_002		DNA replication protein	RefSeq:WP_001096616.1, SO:0001217, UniParc:UPI000165E28F, UniRef:UniRef100_W0RY46, UniRef:UniRef50_A0A1H3MUW0, UniRef:UniRef90_A0A146C3D4
contig_1	cds	2172	2315	+	OEEEIN_003		hypothetical protein	RefSeq:WP_001125244.1, SO:0001217, UniParc:UPI0003217798, UniRef:UniRef100_A0A858UV95, UniRef:UniRef50_N8RHC3, UniRef:UniRef90_N9SQ31
contig_1	cds	2703	3209	+	OEEEIN_004		DUF3592 domain-containing protein	RefSeq:WP_117345909.1, SO:0001217, UniParc:UPI000B7BC034, UniRef:UniRef100_UPI000B7BC034, UniRef:UniRef50_A0A8B4NBG3, UniRef:UniRef90_UPI000B7BC034
contig_1	cds	3263	3526	-	OEEEIN_005		IS1 family transposase	GO:0004803, SO:0001217, UniParc:UPI0002BA475B, UniRef:UniRef100_I1TLJ6, UniRef:UniRef50_I1TLJ6, UniRef:UniRef90_I1TLJ6
contig_1	cds	3705	4730	+	OEEEIN_006	tnp	IS30 family ISAba125 transposase	GO:0004803, RefSeq:WP_010326927.1, SO:0001217, UniParc:UPI0001FFC5F9, UniRef:UniRef100_A0A410J699, UniRef:UniRef50_N8Y7R0, UniRef:UniRef90_V2U9R3
contig_1	cds	4880	5401	+	OEEEIN_007	blaOXA	OXA-58 family carbapenem-hydrolyzing class D beta-lactamase	NCBIProtein:WP_002002480.1, SO:0001217, UniRef:UniRef50_A0A345N7P9
contig_1	cds	5493	5666	+	OEEEIN_008		(pseudo) penicillin-binding transpeptidase domain-containing protein	SO:0001217, UniRef:UniRef50_UPI000AC90804, UniRef:UniRef90_UPI000AC90804
contig_1	cds	5990	6151	+	OEEEIN_009		(pseudo) IS1 family transposase	GO:0004803, SO:0001217, UniRef:UniRef50_A0A5J4RYD6, UniRef:UniRef90_UPI00095FC528
contig_1	cds	6301	6522	-	OEEEIN_010		hypothetical protein	SO:0001217, UniParc:UPI00028C0FBC, UniRef:UniRef100_A0A5P1I6C3, UniRef:UniRef50_A0A077KAS4, UniRef:UniRef90_A0A5P1I6C3
contig_1	cds	6687	7514	+	OEEEIN_011	araC	AraC binding protein	RefSeq:WP_000073658.1, SO:0001217, UniParc:UPI00006799B5, UniRef:UniRef100_D9D7D7, UniRef:UniRef50_R8YPJ4, UniRef:UniRef90_B2C6T1
contig_1	cds	7552	8169	+	OEEEIN_012	lysE	LysE	KEGG:K11249, SO:0001217, UniRef:UniRef50_A0A2H4ZHZ6, UniRef:UniRef90_A0A2H4ZHZ6
contig_1	cds	8721	8855	+	OEEEIN_013		hypothetical protein	SO:0001217, UniRef:UniRef50_N9Q977
contig_1	cds	9341	9613	-	OEEEIN_014	nadS	NadS family protein	RefSeq:WP_063558592.1, SO:0001217, UniParc:UPI0007BCA74C, UniRef:UniRef100_UPI0007BCA74C, UniRef:UniRef50_V2UJT1, UniRef:UniRef90_V2UJT1
contig_1	cds	9606	9926	-	OEEEIN_015	relE	Toxin-antitoxin system, toxin component, RelE family	RefSeq:WP_063558593.1, SO:0001217, UniParc:UPI0007BC9174, UniRef:UniRef100_UPI0007BC9174, UniRef:UniRef50_N8TUQ7, UniRef:UniRef90_N8TUQ7
contig_1	cds	10113	10349	-	OEEEIN_016		DUF4325 domain-containing protein	SO:0001217, UniRef:UniRef50_A0A1H3HXK4, UniRef:UniRef90_A0A0A3W7Y1
contig_1	cds	10377	10604	-	OEEEIN_017		Transposase	RefSeq:WP_004745640.1, SO:0001217, UniParc:UPI0002D10A59, UniRef:UniRef100_A0A858UG10, UniRef:UniRef50_N8QAC7, UniRef:UniRef90_A0A158LU32
contig_1	cds	10702	10917	-	OEEEIN_018		CSD domain-containing protein	RefSeq:WP_000071892.1, SO:0001217, UniParc:UPI000165EF0F, UniRef:UniRef100_A0A0M0XWC5, UniRef:UniRef50_N8NWW5, UniRef:UniRef90_N8NWW5
contig_1	cds	11248	11421	-	OEEEIN_019	dksA	DksA C4-type domain-containing protein	SO:0001217, UniRef:UniRef50_A0A241WCY8, UniRef:UniRef90_A0A858SD28
contig_1	cds	11421	11792	-	OEEEIN_020	copG	CopG family transcriptional regulator	RefSeq:WP_000504220.1, SO:0001217, UniParc:UPI0001D31982, UniRef:UniRef100_A0A0M3R7K0, UniRef:UniRef50_C5J514, UniRef:UniRef90_C5J514
contig_1	cds	12064	12318	-	OEEEIN_021		hypothetical protein	SO:0001217, UniRef:UniRef50_A0A024F854, UniRef:UniRef90_A0A024F854
