# Annotated with Bakta
# Software: v1.10.3
# Database: v5.1, full
# DOI: 10.1099/mgen.0.000685
# URL: github.com/oschwengers/bakta
#Sequence Id	Type	Start	Stop	Strand	Locus Tag	Gene	Product	DbXrefs
contig_1	cds	221	619	-	PJFPOJ_001	tnp	IS5 family ISAba27 transposase ORF A	IS:ISAba27, SO:0001217, UniParc:UPI0001B8F53E, UniRef:UniRef100_A0A014CQD5, UniRef:UniRef50_D2ZXJ8, UniRef:UniRef90_N8VS06
contig_1	cds	914	1375	+	PJFPOJ_002		Septicolysin	RefSeq:WP_024437499.1, SO:0001217, UniParc:UPI0003DF1E44, UniRef:UniRef100_A0A290UK82, UniRef:UniRef50_N9Q7E9, UniRef:UniRef90_N8VLA4
contig_1	cds	1793	2191	+	PJFPOJ_003		DUF3899 domain-containing protein	RefSeq:WP_024437500.1, SO:0001217, UniParc:UPI0003DF3C49, UniRef:UniRef100_A0A290UJF8, UniRef:UniRef50_A0A290UJF8, UniRef:UniRef90_A0A290UJF8
contig_1	cds	2912	3247	-	PJFPOJ_004		DUF6388 domain-containing protein	RefSeq:WP_000064659.1, SO:0001217, UniParc:UPI0001AEF48D, UniRef:UniRef100_A0A383LDR8, UniRef:UniRef50_A0A383LDR8, UniRef:UniRef90_A0A383LDR8
contig_1	cds	3278	3847	-	PJFPOJ_005		DNA replication protein	RefSeq:WP_001096622.1, SO:0001217, UniParc:UPI0001AEF48C, UniRef:UniRef100_C9DI28, UniRef:UniRef50_N9M469, UniRef:UniRef90_C9DI28
contig_1	cds	5142	5303	+	PJFPOJ_006	copG	CopG family transcriptional regulator	RefSeq:WP_001983314.1, SO:0001217, UniParc:UPI0001AEF48B, UniRef:UniRef100_A0A290UFN1, UniRef:UniRef50_A0A290UFN1, UniRef:UniRef90_A0A290UFN1
contig_1	cds	5303	5710	+	PJFPOJ_007		Lipoprotein	RefSeq:WP_000792990.1, SO:0001217, UniParc:UPI0001AEF48A, UniRef:UniRef100_A0A383LDN9, UniRef:UniRef50_A0A383LDN9, UniRef:UniRef90_A0A383LDN9
contig_1	cds	5719	6801	+	PJFPOJ_008	trbL	Conjugal transfer protein TrbL	RefSeq:WP_000713588.1, SO:0001217, UniParc:UPI0001AEF489, UniRef:UniRef100_A0A383LEM9, UniRef:UniRef50_N9H704, UniRef:UniRef90_A0A383LEM9
contig_1	cds	6961	7434	+	PJFPOJ_009		hypothetical protein	RefSeq:WP_000072639.1, SO:0001217, UniParc:UPI0001AEF488, UniRef:UniRef100_A0A383LFN7, UniRef:UniRef50_A0A383LFN7, UniRef:UniRef90_A0A383LFN7
contig_1	cds	7669	10545	+	PJFPOJ_010		AAA family ATPase	RefSeq:WP_000024981.1, SO:0001217, UniParc:UPI0001AEF487, UniRef:UniRef100_A0A3P4NNH1, UniRef:UniRef50_A0A097SPG7, UniRef:UniRef90_A0A3P4NNH1
contig_1	cds	10549	10761	+	PJFPOJ_011		hypothetical protein	RefSeq:WP_000687427.1, SO:0001217, UniParc:UPI0001AEF486, UniRef:UniRef100_A0A290UI52, UniRef:UniRef50_A0A4V3P2Y6, UniRef:UniRef90_A0A290UI52
contig_1	cds	11010	11219	+	PJFPOJ_012		hypothetical protein	RefSeq:WP_000602777.1, SO:0001217, UniParc:UPI0002BA461A, UniRef:UniRef100_A0A837Q5B2, UniRef:UniRef50_D4XK64, UniRef:UniRef90_A0A837Q5B2
contig_1	cds	11255	11749	+	PJFPOJ_013		Acetyltransferase	RefSeq:WP_000999995.1, SO:0001217, UniParc:UPI0002B96539, UniRef:UniRef100_A0A837Q5B9, UniRef:UniRef50_D4XK63, UniRef:UniRef90_A0A837Q5B9
contig_1	cds	11764	12048	-	PJFPOJ_014		hypothetical protein	RefSeq:WP_001071102.1, SO:0001217, UniParc:UPI0001AEF483, UniRef:UniRef100_A0A345IDP0, UniRef:UniRef50_A0A345IDP0, UniRef:UniRef90_A0A345IDP0
contig_1	cds	12142	12444	+	PJFPOJ_015		Phage protein	RefSeq:WP_000702763.1, SO:0001217, UniParc:UPI0001AEF482, UniRef:UniRef100_A0A345IDP1, UniRef:UniRef50_A0A8B5UCF3, UniRef:UniRef90_A0A8B5UCF3
contig_1	cds	12691	12978	+	PJFPOJ_016	brnT	BrnT family toxin	RefSeq:WP_000438827.1, SO:0001217, UniParc:UPI0001AEF481, UniRef:UniRef100_A0A0J8TIH5, UniRef:UniRef50_V2TTD7, UniRef:UniRef90_V2TTD7
contig_1	cds	12965	13279	+	PJFPOJ_017		Toxin-antitoxin system, antitoxin component	RefSeq:WP_001983304.1, SO:0001217, UniParc:UPI0001AEF480, UniRef:UniRef100_E2DSQ1, UniRef:UniRef50_V2U998, UniRef:UniRef90_V2U998
contig_1	cds	13407	15818	+	PJFPOJ_018	znuD2	TonB-dependent receptor ZnuD2	BlastRules:WP_000932945, RefSeq:WP_000932942.1, SO:0001217, UniParc:UPI0002BB90D7, UniRef:UniRef100_A0A1V0M503, UniRef:UniRef50_N9M453, UniRef:UniRef90_N9M453
contig_1	cds	15892	177	-	PJFPOJ_019	tnp	IS5 family transposase ORF B	SO:0001217, UniParc:UPI00029DDA08, UniRef:UniRef100_A0A014DQR4, UniRef:UniRef50_N9QSX2, UniRef:UniRef90_A0A014DQR4
