# Annotated with Bakta
# Software: v1.10.3
# Database: v5.1, full
# DOI: 10.1099/mgen.0.000685
# URL: github.com/oschwengers/bakta
#Sequence Id	Type	Start	Stop	Strand	Locus Tag	Gene	Product	DbXrefs
contig_1	cds	1	234	+	HMFKBI_01	yafQ	(5' truncated) type II toxin-antitoxin system YafQ family toxin	EC:3.1.-.-, KEGG:K19157, SO:0001217, UniRef:UniRef50_A0A3P2A1C6, UniRef:UniRef90_UPI00070D0E69
contig_1	cds	346	843	-	HMFKBI_02		Mobilization protein	RefSeq:WP_024437508.1, SO:0001217, UniParc:UPI0003DF1168, UniRef:UniRef100_A0A9Q1WBM0, UniRef:UniRef50_N9TKX5, UniRef:UniRef90_N8ZPR6
contig_1	cds	840	1811	-	HMFKBI_03	mobQ	MobQ family relaxase	RefSeq:WP_031974862.1, SO:0001217, UniParc:UPI0003DF33BC, UniRef:UniRef100_A0A9Q1WBX3, UniRef:UniRef50_N8ZVK1, UniRef:UniRef90_N8ZVK1
contig_1	cds	2193	2462	+	HMFKBI_04		Mobilization protein	RefSeq:WP_004282235.1, SO:0001217, UniParc:UPI0001BBABB8, UniRef:UniRef100_A0A0A8TUL3, UniRef:UniRef50_V2TFZ2, UniRef:UniRef90_N9TLQ1
contig_1	cds	2452	3393	-	HMFKBI_05		Replication protein	RefSeq:WP_004282236.1, SO:0001217, UniParc:UPI0001BBABB9, UniRef:UniRef100_A0A9Q1WBB2, UniRef:UniRef50_N8ZUU3, UniRef:UniRef90_A0A0M1HRK5
contig_1	oriV	3394	4363	?			origin of replication	
contig_1	cds	4364	4810	+	HMFKBI_06		Acetyltransferase	RefSeq:WP_004781211.1, SO:0001217, UniParc:UPI0002CF1783, UniRef:UniRef100_A0A7D5BHL6, UniRef:UniRef50_V2TP06, UniRef:UniRef90_A0A1E3GME3
contig_1	cds	4948	5241	+	HMFKBI_07		RelB/DinJ family addiction module antitoxin	RefSeq:WP_004781213.1, SO:0001217, UniParc:UPI0002CF9E86, UniRef:UniRef100_A0A9Q1WBZ7, UniRef:UniRef50_N9CN58, UniRef:UniRef90_N9CN58
