# Annotated with Bakta
# Software: v1.10.3
# Database: v5.1, full
# DOI: 10.1099/mgen.0.000685
# URL: github.com/oschwengers/bakta
#Sequence Id	Type	Start	Stop	Strand	Locus Tag	Gene	Product	DbXrefs
contig_1	cds	518	835	+	MLOEID_001		DNA-binding protein	RefSeq:WP_000900860.1, SO:0001217, UniParc:UPI0001CF7CAF, UniRef:UniRef100_K9CCB1, UniRef:UniRef50_N8X147, UniRef:UniRef90_A0A5P3MM15
contig_1	cds	942	1454	-	MLOEID_002		Knr4/Smi1-like domain-containing protein	RefSeq:WP_001089572.1, SO:0001217, UniParc:UPI0002AE9487, UniRef:UniRef100_A0A0R0RLN7, UniRef:UniRef50_A0A062HH10, UniRef:UniRef90_A0A062HH10
contig_1	cds	1493	2035	-	MLOEID_003		Sel1 repeat family protein	SO:0001217, UniRef:UniRef50_A0A0E1FP32
contig_1	cds	2186	2395	-	MLOEID_004		hypothetical protein	RefSeq:WP_000069474.1, SO:0001217, UniParc:UPI0001AEF491, UniRef:UniRef100_A0A0K9ATP3, UniRef:UniRef50_V2UXF2, UniRef:UniRef90_A0A1S2G5J0
contig_1	cds	2388	2690	-	MLOEID_005		HTH cro/C1-type domain-containing protein	RefSeq:WP_001140621.1, SO:0001217, UniParc:UPI0000E8CAC5, UniRef:UniRef100_A0S0J7, UniRef:UniRef50_N8R4X2, UniRef:UniRef90_N9NT13
contig_1	cds	2683	3039	-	MLOEID_006		Diaminopimelate decarboxylase	RefSeq:WP_000269909.1, SO:0001217, UniParc:UPI0000E8CAC4, UniRef:UniRef100_A0S0J6, UniRef:UniRef50_C6DDP0, UniRef:UniRef90_N9MX24
contig_1	cds	4227	4442	-	MLOEID_007	dksA	DksA C4-type domain-containing protein	SO:0001217, UniParc:UPI000165F732, UniRef:UniRef100_A0A125S0T5, UniRef:UniRef50_A0A241WCY8, UniRef:UniRef90_N8SD62
contig_1	oriV	5105	5732	?			origin of replication	
contig_1	cds	5787	6710	+	MLOEID_008	repM	replication initiation protein RepM	GO:0003887, GO:0006270, RefSeq:WP_000845851.1, SO:0001217, UniParc:UPI0001E3F4FD, UniRef:UniRef100_E0YCL0, UniRef:UniRef50_N9S1Y6, UniRef:UniRef90_N9QY70
contig_1	cds	6778	180	+	MLOEID_009		DNA-binding protein	RefSeq:WP_000736775.1, SO:0001217, UniParc:UPI00026E1DAF, UniRef:UniRef100_A0A1L5MYG6, UniRef:UniRef50_N8VCJ0, UniRef:UniRef90_N8SET7
