# Annotated with Bakta
# Software: v1.10.3
# Database: v5.1, full
# DOI: 10.1099/mgen.0.000685
# URL: github.com/oschwengers/bakta
#Sequence Id	Type	Start	Stop	Strand	Locus Tag	Gene	Product	DbXrefs
contig_1	cds	1	576	+	EJAGDO_001		(5' truncated) DNA replication protein	SO:0001217, UniRef:UniRef50_A0A1H3MUW0, UniRef:UniRef90_A0A146C3D4
contig_1	cds	596	739	+	EJAGDO_002		hypothetical protein	RefSeq:WP_001125244.1, SO:0001217, UniParc:UPI0003217798, UniRef:UniRef100_A0A858UV95, UniRef:UniRef50_N8RHC3, UniRef:UniRef90_N9SQ31
contig_1	cds	1127	1375	+	EJAGDO_003		(pseudo) DUF3592 domain-containing protein	SO:0001217, UniRef:UniRef50_A0A8B4NBG3, UniRef:UniRef90_UPI000B7BC034
contig_1	cds	1366	2391	-	EJAGDO_004	tnp	IS30 family ISAba125 transposase	GO:0004803, RefSeq:WP_010326927.1, SO:0001217, UniParc:UPI0001FFC5F9, UniRef:UniRef100_A0A410J699, UniRef:UniRef50_N8Y7R0, UniRef:UniRef90_V2U9R3
contig_1	cds	2412	2723	+	EJAGDO_005		hypothetical protein	RefSeq:WP_063558590.1, SO:0001217, UniParc:UPI0007BC93EA, UniRef:UniRef100_UPI0007BC93EA, UniRef:UniRef50_UPI0007BC93EA, UniRef:UniRef90_UPI0007BC93EA
contig_1	cds	3299	3433	+	EJAGDO_006		hypothetical protein	SO:0001217, UniRef:UniRef50_N9Q977
contig_1	cds	3920	4192	-	EJAGDO_007	nadS	NadS family protein	RefSeq:WP_063558592.1, SO:0001217, UniParc:UPI0007BCA74C, UniRef:UniRef100_UPI0007BCA74C, UniRef:UniRef50_V2UJT1, UniRef:UniRef90_V2UJT1
contig_1	cds	4185	4505	-	EJAGDO_008	relE	Toxin-antitoxin system, toxin component, RelE family	RefSeq:WP_063558593.1, SO:0001217, UniParc:UPI0007BC9174, UniRef:UniRef100_UPI0007BC9174, UniRef:UniRef50_N8TUQ7, UniRef:UniRef90_N8TUQ7
contig_1	cds	4692	4928	-	EJAGDO_009		DUF4325 domain-containing protein	SO:0001217, UniRef:UniRef50_A0A1H3HXK4, UniRef:UniRef90_A0A0A3W7Y1
contig_1	cds	4956	5183	-	EJAGDO_010		Transposase	RefSeq:WP_004745640.1, SO:0001217, UniParc:UPI0002D10A59, UniRef:UniRef100_A0A858UG10, UniRef:UniRef50_N8QAC7, UniRef:UniRef90_A0A158LU32
contig_1	cds	5281	5496	-	EJAGDO_011		CSD domain-containing protein	RefSeq:WP_000071892.1, SO:0001217, UniParc:UPI000165EF0F, UniRef:UniRef100_A0A0M0XWC5, UniRef:UniRef50_N8NWW5, UniRef:UniRef90_N8NWW5
contig_1	cds	5827	6000	-	EJAGDO_012	dksA	DksA C4-type domain-containing protein	SO:0001217, UniRef:UniRef50_A0A241WCY8, UniRef:UniRef90_A0A858SD28
contig_1	cds	6000	6371	-	EJAGDO_013	copG	CopG family transcriptional regulator	RefSeq:WP_000504220.1, SO:0001217, UniParc:UPI0001D31982, UniRef:UniRef100_A0A0M3R7K0, UniRef:UniRef50_C5J514, UniRef:UniRef90_C5J514
contig_1	cds	6643	6915	-	EJAGDO_014		hypothetical protein	SO:0001217, UniRef:UniRef50_A0A024F854, UniRef:UniRef90_A0A024F854
contig_1	oriV	7392	7593	?			origin of replication	
contig_1	cds	7594	8535	+	EJAGDO_015	repM	(3' truncated) replication initiation protein RepM	GO:0003887, GO:0006270, SO:0001217, UniRef:UniRef50_N9S1Y6, UniRef:UniRef90_N8Q7R0
