# Annotated with Bakta
# Software: v1.10.3
# Database: v5.1, full
# DOI: 10.1099/mgen.0.000685
# URL: github.com/oschwengers/bakta
#Sequence Id	Type	Start	Stop	Strand	Locus Tag	Gene	Product	DbXrefs
contig_1	cds	379	669	-	IMGNJB_01		Single-strand binding protein family protein	RefSeq:WP_000593064.1, SO:0001217, UniParc:UPI000165E29C, UniRef:UniRef100_X2FFZ8, UniRef:UniRef50_A0A240EEN2, UniRef:UniRef90_A0A240EEN2
contig_1	cds	666	839	-	IMGNJB_02		hypothetical protein	RefSeq:WP_162268286.1, SO:0001217, UniParc:UPI0007AA3A12, UniRef:UniRef100_A0A0R3EBE0, UniRef:UniRef50_B0V3Y4, UniRef:UniRef90_B0V3Y4
contig_1	cds	832	1179	-	IMGNJB_03		hypothetical protein	SO:0001217, UniRef:UniRef50_N9TKX0, UniRef:UniRef90_B0V3Y3
contig_1	cds	1458	1673	-	IMGNJB_04		hypothetical protein	RefSeq:WP_001262268.1, SO:0001217, UniParc:UPI0002BAAAEB, UniRef:UniRef100_X2FAG7, UniRef:UniRef50_B0V3Y2, UniRef:UniRef90_B0V3Y2
contig_1	cds	1770	294	-	IMGNJB_05		Replication protein	RefSeq:WP_001180320.1, SO:0001217, UniParc:UPI0002B9BA65, UniRef:UniRef100_A0A9Q8HBW7, UniRef:UniRef50_A0A0H5Q279, UniRef:UniRef90_B0V3Y1
