# Annotated with Bakta
# Software: v1.10.3
# Database: v5.1, full
# DOI: 10.1099/mgen.0.000685
# URL: github.com/oschwengers/bakta
#Sequence Id	Type	Start	Stop	Strand	Locus Tag	Gene	Product	DbXrefs
contig_1	cds	2	196	+	BNHNKB_001		(5' truncated) HTH cro/C1-type domain-containing protein	SO:0001217, UniRef:UniRef50_N8Y582, UniRef:UniRef90_N8Y582
contig_1	cds	683	817	-	BNHNKB_002		hypothetical protein	SO:0001217, UniRef:UniRef50_N9Q977
contig_1	cds	1369	1986	-	BNHNKB_003	lysE	LysE	KEGG:K11249, SO:0001217, UniRef:UniRef50_A0A2H4ZHZ6, UniRef:UniRef90_A0A2H4ZHZ6
contig_1	cds	2024	2851	-	BNHNKB_004	araC	AraC binding protein	RefSeq:WP_000073658.1, SO:0001217, UniParc:UPI00006799B5, UniRef:UniRef100_D9D7D7, UniRef:UniRef50_R8YPJ4, UniRef:UniRef90_B2C6T1
contig_1	cds	3016	3237	+	BNHNKB_005		hypothetical protein	SO:0001217, UniParc:UPI00028C0FBC, UniRef:UniRef100_A0A5P1I6C3, UniRef:UniRef50_A0A077KAS4, UniRef:UniRef90_A0A5P1I6C3
contig_1	cds	3294	3731	-	BNHNKB_006		IS1 family transposase	GO:0004803, SO:0001217, UniParc:UPI00006799B6, UniRef:UniRef100_D9D7D6, UniRef:UniRef50_D9D7D6, UniRef:UniRef90_D9D7D6
contig_1	cds	3822	4664	-	BNHNKB_007	blaOXA-58	carbapenem-hydrolyzing class D beta-lactamase OXA-58	EC:3.5.2.6, NCBIProtein:WP_002002480.1, RefSeq:WP_002002480.1, SO:0001217, UniParc:UPI000046F5B6, UniRef:UniRef100_B2ZCT7, UniRef:UniRef50_B2ZCT7, UniRef:UniRef90_B2ZCT7
contig_1	cds	4814	5839	-	BNHNKB_008	tnp	IS30 family ISAba125 transposase	GO:0004803, RefSeq:WP_010326927.1, SO:0001217, UniParc:UPI0001FFC5F9, UniRef:UniRef100_A0A410J699, UniRef:UniRef50_N8Y7R0, UniRef:UniRef90_V2U9R3
contig_1	cds	6018	6281	+	BNHNKB_009		IS1 family transposase	GO:0004803, SO:0001217, UniParc:UPI0002BA475B, UniRef:UniRef100_I1TLJ6, UniRef:UniRef50_I1TLJ6, UniRef:UniRef90_I1TLJ6
contig_1	cds	6335	6646	-	BNHNKB_010		hypothetical protein	RefSeq:WP_063558590.1, SO:0001217, UniParc:UPI0007BC93EA, UniRef:UniRef100_UPI0007BC93EA, UniRef:UniRef50_UPI0007BC93EA, UniRef:UniRef90_UPI0007BC93EA
contig_1	cds	6667	7692	+	BNHNKB_011	tnp	IS30 family ISAba125 transposase	GO:0004803, RefSeq:WP_010326927.1, SO:0001217, UniParc:UPI0001FFC5F9, UniRef:UniRef100_A0A410J699, UniRef:UniRef50_N8Y7R0, UniRef:UniRef90_V2U9R3
contig_1	cds	7683	7931	-	BNHNKB_012		(pseudo) DUF3592 domain-containing protein	SO:0001217, UniRef:UniRef50_A0A8B4NBG3, UniRef:UniRef90_UPI000B7BC034
contig_1	cds	8319	8462	-	BNHNKB_013		hypothetical protein	RefSeq:WP_001125244.1, SO:0001217, UniParc:UPI0003217798, UniRef:UniRef100_A0A858UV95, UniRef:UniRef50_N8RHC3, UniRef:UniRef90_N9SQ31
contig_1	cds	8482	9057	-	BNHNKB_014		DNA replication protein	RefSeq:WP_001096616.1, SO:0001217, UniParc:UPI000165E28F, UniRef:UniRef100_W0RY46, UniRef:UniRef50_A0A1H3MUW0, UniRef:UniRef90_A0A146C3D4
contig_1	cds	9050	10000	-	BNHNKB_015	repM	replication initiation protein RepM	GO:0003887, GO:0006270, RefSeq:WP_063558588.1, SO:0001217, UniParc:UPI0007BCD9C7, UniRef:UniRef100_UPI0007BCD9C7, UniRef:UniRef50_N9S1Y6, UniRef:UniRef90_N8Q7R0
contig_1	oriV	10001	10202	?			origin of replication	
contig_1	cds	10697	10951	+	BNHNKB_016		hypothetical protein	SO:0001217, UniRef:UniRef50_A0A024F854, UniRef:UniRef90_A0A024F854
contig_1	cds	11223	11594	+	BNHNKB_017	copG	CopG family transcriptional regulator	RefSeq:WP_000504220.1, SO:0001217, UniParc:UPI0001D31982, UniRef:UniRef100_A0A0M3R7K0, UniRef:UniRef50_C5J514, UniRef:UniRef90_C5J514
contig_1	cds	11594	11767	+	BNHNKB_018	dksA	DksA C4-type domain-containing protein	SO:0001217, UniRef:UniRef50_A0A241WCY8, UniRef:UniRef90_A0A858SD28
contig_1	cds	12098	12313	+	BNHNKB_019		CSD domain-containing protein	RefSeq:WP_000071892.1, SO:0001217, UniParc:UPI000165EF0F, UniRef:UniRef100_A0A0M0XWC5, UniRef:UniRef50_N8NWW5, UniRef:UniRef90_N8NWW5
contig_1	cds	12411	12638	+	BNHNKB_020		Transposase	RefSeq:WP_004745640.1, SO:0001217, UniParc:UPI0002D10A59, UniRef:UniRef100_A0A858UG10, UniRef:UniRef50_N8QAC7, UniRef:UniRef90_A0A158LU32
contig_1	cds	12666	12902	+	BNHNKB_021		DUF4325 domain-containing protein	SO:0001217, UniRef:UniRef50_A0A1H3HXK4, UniRef:UniRef90_A0A0A3W7Y1
contig_1	cds	13089	13409	+	BNHNKB_022	relE	Toxin-antitoxin system, toxin component, RelE family	RefSeq:WP_063558593.1, SO:0001217, UniParc:UPI0007BC9174, UniRef:UniRef100_UPI0007BC9174, UniRef:UniRef50_N8TUQ7, UniRef:UniRef90_N8TUQ7
contig_1	cds	13402	13476	+	BNHNKB_023		(3' truncated) hypothetical protein	
