# Annotated with Bakta
# Software: v1.10.3
# Database: v5.1, full
# DOI: 10.1099/mgen.0.000685
# URL: github.com/oschwengers/bakta
#Sequence Id	Type	Start	Stop	Strand	Locus Tag	Gene	Product	DbXrefs
contig_1	cds	3	257	+	IOMNPK_001		(5' truncated) Arc family DNA-binding protein	SO:0001217, UniRef:UniRef50_A0A9N7PKH5, UniRef:UniRef90_A0A9N7PKH5
contig_1	cds	332	1090	-	IOMNPK_002	recX	Regulatory protein RecX	RefSeq:WP_015060804.1, SO:0001217, UniParc:UPI0001C23DB0, UniRef:UniRef100_C7FB03, UniRef:UniRef50_A0A1H3NEL2, UniRef:UniRef90_D1L5Y1
contig_1	cds	1472	2563	+	IOMNPK_003	mobA	MobA	SO:0001217, UniRef:UniRef50_N8W191, UniRef:UniRef90_A0A0K1H0H1
contig_1	oriV	2564	3100	?			origin of replication	
contig_1	cds	3101	3988	+	IOMNPK_004	repM	replication initiation protein RepM	GO:0003887, GO:0006270, RefSeq:WP_012780181.1, SO:0001217, UniParc:UPI00004519CD, UniRef:UniRef100_C7FB05, UniRef:UniRef50_N8U3A2, UniRef:UniRef90_R9B969
contig_1	cds	4065	4622	+	IOMNPK_005		DNA-binding protein	RefSeq:WP_012780177.1, SO:0001217, UniParc:UPI00004519CC, UniRef:UniRef100_A0A8F9SE90, UniRef:UniRef50_N8VCJ0, UniRef:UniRef90_D1L5Y5
contig_1	cds	4811	5638	-	IOMNPK_006	blaOXA-72	OXA-24 family carbapenem-hydrolyzing class D beta-lactamase OXA-72	EC:3.5.2.6, NCBIProtein:WP_000713530.1, RefSeq:WP_000713530.1, SO:0001217, UniParc:UPI00004445BC, UniRef:UniRef100_W0RYD2, UniRef:UniRef50_G9JKW0, UniRef:UniRef90_H9U2W6
contig_1	cds	6071	7111	-	IOMNPK_007	tnp	IS701 family ISAba48 transposase	IS:ISAba48, RefSeq:WP_118896083.1, SO:0001217, UniParc:UPI000E582499, UniRef:UniRef100_A0A9N7PIY5, UniRef:UniRef50_A0A962JN15, UniRef:UniRef90_A0A9N7PIY5
contig_1	cds	7248	7457	+	IOMNPK_008		hypothetical protein	SO:0001217, UniParc:UPI00095CABF2, UniRef:UniRef100_A0A9N7JHZ8, UniRef:UniRef50_V2UER8, UniRef:UniRef90_V2UER8
contig_1	cds	7515	7925	-	IOMNPK_009		Helix-turn-helix domain-containing protein	RefSeq:WP_075911385.1, SO:0001217, UniParc:UPI000965EED9, UniRef:UniRef100_A0A8F9SDZ7, UniRef:UniRef50_N9P1R8, UniRef:UniRef90_N9P1R8
contig_1	cds	8076	8396	+	IOMNPK_010		hypothetical protein	RefSeq:WP_012780178.1, SO:0001217, UniParc:UPI0001B0821C, UniRef:UniRef100_C7FB01, UniRef:UniRef50_B0VN92, UniRef:UniRef90_C7FB01
contig_1	cds	8415	9149	+	IOMNPK_011		hypothetical protein	RefSeq:WP_075911386.1, SO:0001217, UniParc:UPI00096598C8, UniRef:UniRef100_A0A9N7JIY8, UniRef:UniRef50_A0A9N7JIY8, UniRef:UniRef90_A0A9N7JIY8
contig_1	cds	9238	9456	-	IOMNPK_012		hypothetical protein	RefSeq:WP_075911387.1, SO:0001217, UniParc:UPI000965FE5A, UniRef:UniRef100_A0A9N7JI98, UniRef:UniRef50_A0A9N7JI98, UniRef:UniRef90_A0A9N7JI98
contig_1	cds	9425	9823	-	IOMNPK_013		hypothetical protein	RefSeq:WP_075911388.1, SO:0001217, UniParc:UPI0009609D30, UniRef:UniRef100_A0A9N7JI12, UniRef:UniRef50_A0A9N7JI12, UniRef:UniRef90_A0A9N7JI12
