# Annotated with Bakta
# Software: v1.10.3
# Database: v5.1, full
# DOI: 10.1099/mgen.0.000685
# URL: github.com/oschwengers/bakta
#Sequence Id	Type	Start	Stop	Strand	Locus Tag	Gene	Product	DbXrefs
contig_1	cds	3	452	+	PGPDDD_01		(5' truncated) hypothetical protein	
contig_1	cds	549	764	+	PGPDDD_02		hypothetical protein	RefSeq:WP_001262268.1, SO:0001217, UniParc:UPI0002BAAAEB, UniRef:UniRef100_X2FAG7, UniRef:UniRef50_B0V3Y2, UniRef:UniRef90_B0V3Y2
contig_1	cds	1043	1390	+	PGPDDD_03		hypothetical protein	SO:0001217, UniRef:UniRef50_N9TKX0, UniRef:UniRef90_B0V3Y3
contig_1	cds	1383	1556	+	PGPDDD_04		hypothetical protein	RefSeq:WP_162268286.1, SO:0001217, UniParc:UPI0007AA3A12, UniRef:UniRef100_A0A0R3EBE0, UniRef:UniRef50_B0V3Y4, UniRef:UniRef90_B0V3Y4
contig_1	cds	1553	1843	+	PGPDDD_05		Single-strand binding protein family protein	RefSeq:WP_000593064.1, SO:0001217, UniParc:UPI000165E29C, UniRef:UniRef100_X2FFZ8, UniRef:UniRef50_A0A240EEN2, UniRef:UniRef90_A0A240EEN2
contig_1	cds	1928	2725	+	PGPDDD_06		(3' truncated) protein rep	SO:0001217, UniRef:UniRef50_A0A077XL74, UniRef:UniRef90_UPI0020776BEA
