# Annotated with Bakta
# Software: v1.10.3
# Database: v5.1, full
# DOI: 10.1099/mgen.0.000685
# URL: github.com/oschwengers/bakta
#Sequence Id	Type	Start	Stop	Strand	Locus Tag	Gene	Product	DbXrefs
contig_1	cds	59	628	+	EMFJNN_0001	tnp	IS4 family ISAba1 transposase	GO:0004803, IS:ISAba1, SO:0001217, UniParc:UPI0000237D5D, UniRef:UniRef100_A0A1M0IYC5, UniRef:UniRef50_N8VQH1, UniRef:UniRef90_N8VQH1
contig_1	cds	715	1149	+	EMFJNN_0002	tnp	IS4 family transposase	SO:0001217, UniRef:UniRef50_A0A836MNW5, UniRef:UniRef90_A0A836MNW5
contig_1	cds	1111	2487	-	EMFJNN_0003		hypothetical protein	SO:0001217, UniRef:UniRef50_A0A7S9DQQ2, UniRef:UniRef90_A0A7S9DQQ2
contig_1	cds	2491	5301	-	EMFJNN_0004		ATP-dependent RecD-like DNA helicase	RefSeq:WP_228262374.1, SO:0001217, UniParc:UPI0017606BCB, UniRef:UniRef100_A0A4Y3JCV8, UniRef:UniRef50_A0A7S9DPN2, UniRef:UniRef90_A0A811GDD0
contig_1	cds	5433	5756	+	EMFJNN_0005	tnp	IS3 family ISAlw4 transposase ORF A	IS:ISAlw4, SO:0001217, UniRef:UniRef50_N8ZVA8, UniRef:UniRef90_N8ZSR2
contig_1	ncRNA-region	5714	5830	+			ALIL pseudoknot	RFAM:RF01497, SO:0005836
contig_1	cds	5756	6658	+	EMFJNN_0006	tnp	IS3 family ISAba19 transposase ORF B	GO:0004803, IS:ISAba19, SO:0001217, UniRef:UniRef50_N8XBU7, UniRef:UniRef90_N8XBU7
contig_1	cds	6695	9028	-	EMFJNN_0007		NERD domain-containing protein	SO:0001217, UniRef:UniRef50_A0A7S9DQJ3, UniRef:UniRef90_A0A7S9DQJ3
contig_1	cds	9923	10675	-	EMFJNN_0008		hypothetical protein	RefSeq:WP_227555086.1, SO:0001217, UniParc:UPI00030FD7D1, UniRef:UniRef100_A0A9X4ICG5, UniRef:UniRef50_A0A7S9DP98, UniRef:UniRef90_A0A7S9DP98
contig_1	cds	10629	10961	-	EMFJNN_0009		hypothetical protein	SO:0001217, UniParc:UPI000AE51C04, UniRef:UniRef100_A0A7S9HA29, UniRef:UniRef50_A0A7S9HA29, UniRef:UniRef90_A0A7S9HA29
contig_1	cds	10958	11641	-	EMFJNN_0010		(pseudo) Large polyvalent protein-associated domain-containing protein	SO:0001217, UniRef:UniRef50_A0A4Y3JG32, UniRef:UniRef90_A0A4Y3JG32
contig_1	cds	11649	12599	-	EMFJNN_0011		hypothetical protein	SO:0001217, UniRef:UniRef50_UPI001D1875F0, UniRef:UniRef90_UPI001D1875F0
contig_1	cds	12618	13001	-	EMFJNN_0012		hypothetical protein	RefSeq:WP_005005744.1, SO:0001217, UniParc:UPI00028962B4, UniRef:UniRef100_A0A7S9DQJ5, UniRef:UniRef50_A0A7S9DQJ5, UniRef:UniRef90_A0A7S9DQJ5
contig_1	cds	13008	13775	-	EMFJNN_0013		Nuclease	RefSeq:WP_005005745.1, SO:0001217, UniParc:UPI0002CE7789, UniRef:UniRef100_A0A7S9H9M5, UniRef:UniRef50_A0A7S9H907, UniRef:UniRef90_A0A7S9H907
contig_1	cds	13777	15099	-	EMFJNN_0014		Lipoprotein	RefSeq:WP_005005746.1, SO:0001217, UniParc:UPI0002D1335C, UniRef:UniRef100_A0A7S9H9L8, UniRef:UniRef50_A0A7S9H9L8, UniRef:UniRef90_A0A7S9H9L8
contig_1	cds	15190	15708	-	EMFJNN_0015		DUF1833 domain-containing protein	RefSeq:WP_005005747.1, SO:0001217, UniParc:UPI000287E7F5, UniRef:UniRef100_A0A3R9F0C9, UniRef:UniRef50_A0A1T1JH48, UniRef:UniRef90_A0A1T1JH48
contig_1	cds	15783	16136	+	EMFJNN_0016		hypothetical protein	RefSeq:WP_005005748.1, SO:0001217, UniParc:UPI0002D0EC07, UniRef:UniRef100_A0A7S9H9T8, UniRef:UniRef50_A0A7S9H9T8, UniRef:UniRef90_A0A7S9H9T8
contig_1	cds	16235	16981	-	EMFJNN_0017		SLATT domain-containing protein	RefSeq:WP_005005749.1, SO:0001217, UniParc:UPI000289E012, UniRef:UniRef100_A0A7S9DQR4, UniRef:UniRef50_A0A498CST3, UniRef:UniRef90_A0A498CST3
contig_1	cds	17042	17404	+	EMFJNN_0018		Lipoprotein	RefSeq:WP_005005750.1, SO:0001217, UniParc:UPI00028A1376, UniRef:UniRef100_A0A7S9DQL2, UniRef:UniRef50_A0A7S9DQL2, UniRef:UniRef90_A0A7S9DQL2
contig_1	cds	17580	17879	-	EMFJNN_0019		DUF4282 domain-containing protein	RefSeq:WP_005005752.1, SO:0001217, UniParc:UPI0002893F99, UniRef:UniRef100_A0A7S9DRI6, UniRef:UniRef50_A0A7S9DRI6, UniRef:UniRef90_A0A7S9DRI6
contig_1	cds	18135	18797	-	EMFJNN_0020	tnp	IS3 family transposase	GO:0004803, SO:0001217, UniParc:UPI0007BCDDB6, UniRef:UniRef100_A0A159Z9Y3, UniRef:UniRef50_A0A5N7NA65, UniRef:UniRef90_A0A5P1I6U9
contig_1	cds	18962	19267	-	EMFJNN_0021	tnp	IS3 family ISAba14 transposase ORF A	IS:ISAba14, RefSeq:WP_002040968.1, SO:0001217, UniParc:UPI0001D31C99, UniRef:UniRef100_A0A159ZBS1, UniRef:UniRef50_N9RSP5, UniRef:UniRef90_N9Q6P3
contig_1	cds	19302	19862	+	EMFJNN_0022	repM	(pseudo) replication initiation protein RepM	GO:0003887, GO:0006270, SO:0001217, UniRef:UniRef50_N8USS1, UniRef:UniRef90_A0A385H869
contig_1	cds	19875	20192	+	EMFJNN_0023	tnp	IS3 family ISAba34 transposase ORF A	IS:ISAba34, SO:0001217, UniParc:UPI0002F86064, UniRef:UniRef100_A0A1A7R9B3, UniRef:UniRef50_N8ZVZ6, UniRef:UniRef90_N8ZVZ6
contig_1	ncRNA-region	20150	20266	+			ALIL pseudoknot	RFAM:RF01497, SO:0005836
contig_1	cds	20192	21094	+	EMFJNN_0024	tnp	IS3 family ISAba19 transposase ORF B	GO:0004803, IS:ISAba19, SO:0001217, UniRef:UniRef50_N8XBU7, UniRef:UniRef90_N8XBU7
contig_1	cds	21160	21345	+	EMFJNN_0025		DNA replication protein	SO:0001217, UniRef:UniRef50_A0A833PBE1
contig_1	cds	21424	21948	+	EMFJNN_0026		DNA-binding protein	RefSeq:WP_039090898.1, SO:0001217, UniParc:UPI00057DDE17, UniRef:UniRef100_A0A385H7D4, UniRef:UniRef50_N8VCJ0, UniRef:UniRef90_A0A6G5PNA4
contig_1	cds	22205	22810	-	EMFJNN_0027		Alpha/beta hydrolase	SO:0001217, UniRef:UniRef50_A0A380UK19, UniRef:UniRef90_A0A241VVP7
contig_1	cds	23017	24354	+	EMFJNN_0028	tnp	ISNCY family ISAjo2 transposase	GO:0004803, IS:ISAjo2, SO:0001217, UniParc:UPI0002ECB276, UniRef:UniRef100_A0A1W5XGB5, UniRef:UniRef50_A9MMW6, UniRef:UniRef90_N8XZ74
contig_1	cds	24411	24857	-	EMFJNN_0029		IS1 family transposase	GO:0004803, SO:0001217, UniRef:UniRef50_I1TLJ6, UniRef:UniRef90_I1TLJ6
contig_1	cds	25007	25780	+	EMFJNN_0030	blaOXA	OXA-58 family carbapenem-hydrolyzing class D beta-lactamase	EC:3.5.2.6, NCBIProtein:WP_002002480.1, RefSeq:WP_000085217.1, SO:0001217, UniParc:UPI0002D0EBEF, UniRef:UniRef100_A0A336BQ72, UniRef:UniRef50_B2ZCT7, UniRef:UniRef90_B2ZCT7
contig_1	cds	25871	26308	+	EMFJNN_0031		IS1 family transposase	GO:0004803, SO:0001217, UniParc:UPI00006799B6, UniRef:UniRef100_D9D7D6, UniRef:UniRef50_D9D7D6, UniRef:UniRef90_D9D7D6
contig_1	cds	26751	27113	+	EMFJNN_0032		hypothetical protein	PFAM:PF02311.23
contig_1	cds	27158	27577	+	EMFJNN_0033	araC	AraC binding protein	RefSeq:WP_228716447.1, SO:0001217, UniParc:UPI000AAD1266, UniRef:UniRef100_D9D7D7, UniRef:UniRef50_R8YPJ4, UniRef:UniRef90_B2C6T1
contig_1	cds	27627	28232	+	EMFJNN_0034	lysE	LysE	KEGG:K11249, RefSeq:WP_000447788.1, SO:0001217, UniParc:UPI00006799B4, UniRef:UniRef100_A0A7T4TW81, UniRef:UniRef50_A0A2H4ZHZ6, UniRef:UniRef90_A0A2H4ZHZ6
contig_1	cds	28456	28752	+	EMFJNN_0035	brnT	BrnT family toxin	SO:0001217, UniParc:UPI0001711CF1, UniRef:UniRef100_A0A0A8TVQ4, UniRef:UniRef50_V2TTD7, UniRef:UniRef90_V2TTD7
contig_1	cds	28739	29053	+	EMFJNN_0036		Toxin-antitoxin system, antitoxin component	RefSeq:WP_004728120.1, SO:0001217, UniParc:UPI0001711CF2, UniRef:UniRef100_A0A0A8TRI9, UniRef:UniRef50_V2U998, UniRef:UniRef90_V2U998
contig_1	cds	29523	29828	+	EMFJNN_0037	tnp	IS3 family ISAba14 transposase ORF A	IS:ISAba14, RefSeq:WP_002040968.1, SO:0001217, UniParc:UPI0001D31C99, UniRef:UniRef100_A0A159ZBS1, UniRef:UniRef50_N9RSP5, UniRef:UniRef90_N9Q6P3
contig_1	cds	29963	30655	+	EMFJNN_0038	tnp	IS3 family transposase ORF B	GO:0004803, SO:0001217, UniRef:UniRef50_N8TWW6, UniRef:UniRef90_N8TWW6
contig_1	cds	30673	30957	-	EMFJNN_0039		hypothetical protein	SO:0001217, UniRef:UniRef50_A0A9X4E2C5, UniRef:UniRef90_A0A9X4E2C5
contig_1	cds	31106	31408	+	EMFJNN_0040		Addiction module killer protein	RefSeq:WP_000286964.1, SO:0001217, UniParc:UPI0002BBADA5, UniRef:UniRef100_B2C6T3, UniRef:UniRef50_N8Y8Q6, UniRef:UniRef90_N8Y8Q6
contig_1	cds	31409	31690	+	EMFJNN_0041		Putative addiction module antidote protein	RefSeq:WP_000985609.1, SO:0001217, UniParc:UPI0001711CF9, UniRef:UniRef100_A0A0A8TRL8, UniRef:UniRef50_A0A0S1Y322, UniRef:UniRef90_A0A3B7PPP5
contig_1	cds	31770	32189	-	EMFJNN_0042		SMI1/KNR4 family protein	SO:0001217, UniRef:UniRef50_W1J901, UniRef:UniRef90_UPI001E5E2CE4
contig_1	cds	32329	32649	+	EMFJNN_0043	relE	Toxin-antitoxin system, toxin component, RelE family	RefSeq:WP_000897307.1, SO:0001217, UniParc:UPI0001566C70, UniRef:UniRef100_A0A0A8TMZ3, UniRef:UniRef50_N8TUQ7, UniRef:UniRef90_N8TUQ7
contig_1	cds	32642	32914	+	EMFJNN_0044	nadS	NadS family protein	RefSeq:WP_000369781.1, SO:0001217, UniParc:UPI000156670C, UniRef:UniRef100_A0A0A8TGT3, UniRef:UniRef50_N8ZPD2, UniRef:UniRef90_N8ZPD2
contig_1	cds	33410	34885	+	EMFJNN_0045	msr(E)	ABC-F type ribosomal protection protein Msr(E)	BlastRules:WP_000052512, COG:COG0488, COG:R, GO:0005524, NCBIProtein:WP_000052512.1, RefSeq:WP_000052512.1, SO:0001217, UniParc:UPI00000BFEBC, UniRef:UniRef100_Q17U38, UniRef:UniRef50_Q17U38, UniRef:UniRef90_Q17U38
contig_1	cds	34941	35825	+	EMFJNN_0046	mph(E)	Mph(E) family macrolide 2'-phosphotransferase	COG:COG3173, COG:R, NCBIProtein:WP_000155092.1, RefSeq:WP_000155092.1, SO:0001217, UniParc:UPI0000674A3D, UniRef:UniRef100_A0A7U5TSP7, UniRef:UniRef50_Q17U37, UniRef:UniRef90_Q17U37
contig_1	cds	36063	37058	+	EMFJNN_0047		ISNCY family transposase	GO:0004803, SO:0001217, UniRef:UniRef50_Q6HAB6, UniRef:UniRef90_UPI000B6C95F0
contig_1	cds	37071	37520	-	EMFJNN_0048		recombinase family protein	SO:0001217, UniRef:UniRef50_UPI00166025FB, UniRef:UniRef90_UPI0022E9AC4B
contig_1	cds	37594	38256	-	EMFJNN_0049	tnp	IS3 family transposase	GO:0004803, SO:0001217, UniParc:UPI0007BCDDB6, UniRef:UniRef100_A0A159Z9Y3, UniRef:UniRef50_A0A5N7NA65, UniRef:UniRef90_A0A5P1I6U9
contig_1	cds	38592	38726	-	EMFJNN_0050	tnp	IS3 family transposase	GO:0004803, SO:0001217, UniParc:UPI00029A6458, UniRef:UniRef100_A0A159Z9Y3, UniRef:UniRef50_A0A5N7NA65, UniRef:UniRef90_A0A5P1I6U9
contig_1	cds	38776	39711	-	EMFJNN_0051		hypothetical protein	RefSeq:WP_005028393.1, SO:0001217, UniParc:UPI000288BF79, UniRef:UniRef100_A0A7S9DQK0, UniRef:UniRef50_N9D612, UniRef:UniRef90_N9D612
contig_1	cds	39727	40506	-	EMFJNN_0052	loiP	Metalloprotease LoiP	RefSeq:WP_005005756.1, SO:0001217, UniParc:UPI000287C143, UniRef:UniRef100_A0A7S9DQM7, UniRef:UniRef50_A0A7S9DQM7, UniRef:UniRef90_A0A7S9DQM7
contig_1	cds	40499	40987	-	EMFJNN_0053		hypothetical protein	RefSeq:WP_005005757.1, SO:0001217, UniParc:UPI0002894046, UniRef:UniRef100_A0A7S9DQM4, UniRef:UniRef50_A0A2W5AMJ8, UniRef:UniRef90_A0A2W5AMJ8
contig_1	cds	40997	41506	-	EMFJNN_0054		hypothetical protein	RefSeq:WP_005005759.1, SO:0001217, UniParc:UPI0002CF3B9D, UniRef:UniRef100_A0A7S9HA32, UniRef:UniRef50_A0A7S9HA32, UniRef:UniRef90_A0A7S9HA32
contig_1	cds	41512	41934	-	EMFJNN_0055		hypothetical protein	RefSeq:WP_005005760.1, SO:0001217, UniParc:UPI0002897FAE, UniRef:UniRef100_A0A7S9DQL4, UniRef:UniRef50_A0A7S9DQL4, UniRef:UniRef90_A0A7S9DQL4
contig_1	cds	42099	42752	+	EMFJNN_0056		hypothetical protein	RefSeq:WP_005005764.1, SO:0001217, UniParc:UPI0002CE2357, UniRef:UniRef100_A0A7S9DQK2, UniRef:UniRef50_A0A558FC76, UniRef:UniRef90_A0A558FC76
contig_1	cds	42818	43330	-	EMFJNN_0057		hypothetical protein	RefSeq:WP_005005767.1, SO:0001217, UniParc:UPI0002CDB039, UniRef:UniRef100_A0A7S9H9N0, UniRef:UniRef50_A0A7S9H9N0, UniRef:UniRef90_A0A7S9H9N0
contig_1	cds	43338	44468	-	EMFJNN_0058		hypothetical protein	RefSeq:WP_005005771.1, SO:0001217, UniParc:UPI0002894DB4, UniRef:UniRef100_A0A7S9H9M3, UniRef:UniRef50_A0A7S9H9M3, UniRef:UniRef90_A0A7S9H9M3
contig_1	cds	44656	45681	-	EMFJNN_0059	tnp	IS30 family ISAba125 transposase	GO:0004803, RefSeq:WP_010326927.1, SO:0001217, UniParc:UPI0001FFC5F9, UniRef:UniRef100_A0A410J699, UniRef:UniRef50_N8Y7R0, UniRef:UniRef90_V2U9R3
contig_1	cds	45741	46112	-	EMFJNN_0060		hypothetical protein	RefSeq:WP_005005772.1, SO:0001217, UniParc:UPI0002895971, UniRef:UniRef100_A0A7S9H9I2, UniRef:UniRef50_A0A427URB5, UniRef:UniRef90_A0A427URB5
contig_1	cds	46244	47113	-	EMFJNN_0061		hypothetical protein	RefSeq:WP_005005773.1, SO:0001217, UniParc:UPI0002D04A2E, UniRef:UniRef100_A0A7S9H9U3, UniRef:UniRef50_A0A2S2F973, UniRef:UniRef90_A0A2S2F973
contig_1	cds	47215	47817	-	EMFJNN_0062		Transporter	RefSeq:WP_005005776.1, SO:0001217, UniParc:UPI000287BBAB, UniRef:UniRef100_A0A7S9DQS2, UniRef:UniRef50_A0A7S9DQS2, UniRef:UniRef90_A0A7S9DQS2
contig_1	cds	47810	49600	-	EMFJNN_0063		Initiator Rep protein domain-containing protein	RefSeq:WP_005005779.1, SO:0001217, UniParc:UPI0002CF2B07, UniRef:UniRef100_A0A7S9DQM1, UniRef:UniRef50_A0A0U3TA59, UniRef:UniRef90_A0A0U3TA59
contig_1	cds	49768	50244	-	EMFJNN_0064		DUF4868 domain-containing protein	RefSeq:WP_005005780.1, SO:0001217, UniParc:UPI0002883B32, UniRef:UniRef100_A0A4Y3JEM7, UniRef:UniRef50_A0A4Y3JEM7, UniRef:UniRef90_A0A4Y3JEM7
contig_1	cds	51686	53320	+	EMFJNN_0065		Phage portal protein	RefSeq:WP_005005782.1, SO:0001217, UniParc:UPI0002CFE32B, UniRef:UniRef100_A0A7S9DQL0, UniRef:UniRef50_A0A498CV66, UniRef:UniRef90_A0A7T7U2V9
contig_1	cds	53352	59708	+	EMFJNN_0066		Helicase ATP-binding domain-containing protein	KEGG:K26273, SO:0001217, UniRef:UniRef50_N9BWT5, UniRef:UniRef90_N9BWT5
contig_1	cds	59680	60024	+	EMFJNN_0067		hypothetical protein	
contig_1	cds	60116	60265	+	EMFJNN_0068		hypothetical protein	RefSeq:WP_005005785.1, SO:0001217, UniParc:UPI0002D11E06, UniRef:UniRef100_A0A7S9H9U9, UniRef:UniRef50_A0A2W5AUQ3, UniRef:UniRef90_A0A2W5AUQ3
contig_1	cds	60299	64741	+	EMFJNN_0069		Large polyvalent protein-associated domain-containing protein	SO:0001217, UniRef:UniRef50_A0A558FC95, UniRef:UniRef90_A0A558FC95
contig_1	cds	64744	65637	+	EMFJNN_0070		hypothetical protein	RefSeq:WP_005028694.1, SO:0001217, UniParc:UPI00028A2017, UniRef:UniRef100_A0A7S9HA35, UniRef:UniRef50_A0A427VK37, UniRef:UniRef90_A0A373B0E2
contig_1	cds	65706	66134	+	EMFJNN_0071		SHSP domain-containing protein	SO:0001217, UniRef:UniRef50_N9BXS1, UniRef:UniRef90_N9BXS1
contig_1	cds	66138	66944	+	EMFJNN_0072		hypothetical protein	RefSeq:WP_005028691.1, SO:0001217, UniParc:UPI0002D0103E, UniRef:UniRef100_A0A7S9DQK7, UniRef:UniRef50_N9BWV4, UniRef:UniRef90_N9BWV4
contig_1	cds	66970	67932	+	EMFJNN_0073		hypothetical protein	RefSeq:WP_005028689.1, SO:0001217, UniParc:UPI000289D39F, UniRef:UniRef100_A0A7S9H9N2, UniRef:UniRef50_A0A7S9H9N2, UniRef:UniRef90_A0A7S9H9N2
contig_1	cds	67945	68781	+	EMFJNN_0074		Pilus assembly protein	SO:0001217, UniRef:UniRef50_A0A7S9H9M9, UniRef:UniRef90_A0A7S9H9M9
contig_1	cds	68787	69977	+	EMFJNN_0075	traW	IncI1 plasmid conjugative transfer protein TraW	RefSeq:WP_005028684.1, SO:0001217, UniParc:UPI00028923BC, UniRef:UniRef100_A0A7S9H9I7, UniRef:UniRef50_A0A6G5PN03, UniRef:UniRef90_A0A6G5PN03
contig_1	cds	69990	71231	+	EMFJNN_0076		hypothetical protein	RefSeq:WP_005028681.1, SO:0001217, UniParc:UPI000288CBC7, UniRef:UniRef100_A0A7S9H9U8, UniRef:UniRef50_A0A0U3RWH7, UniRef:UniRef90_A0A0U3RWH7
contig_1	cds	71440	78726	+	EMFJNN_0077		Large polyvalent protein-associated domain-containing protein	RefSeq:WP_005028679.1, SO:0001217, UniParc:UPI000289457A, UniRef:UniRef100_N9F9Q5, UniRef:UniRef50_A0A2S2F8D0, UniRef:UniRef90_A0A2S2F8D0
contig_1	cds	79014	80129	+	EMFJNN_0078		hypothetical protein	
contig_1	cds	80116	86241	+	EMFJNN_0079		Large polyvalent protein-associated domain-containing protein	SO:0001217, UniRef:UniRef50_A0A427QE08, UniRef:UniRef90_A0A427QE08
contig_1	cds	86251	86682	+	EMFJNN_0080		hypothetical protein	RefSeq:WP_005005806.1, SO:0001217, UniParc:UPI0002896182, UniRef:UniRef100_A0A7S9H9F4, UniRef:UniRef50_A0A7S9H9F4, UniRef:UniRef90_A0A7S9H9F4
contig_1	cds	86955	87527	+	EMFJNN_0081		hypothetical protein	RefSeq:WP_005028673.1, SO:0001217, UniParc:UPI000288D12C, UniRef:UniRef100_A0A7S9DQ72, UniRef:UniRef50_A0A6L8M3X9, UniRef:UniRef90_A0A6L8M3X9
contig_1	cds	87481	88269	+	EMFJNN_0082		hypothetical protein	RefSeq:WP_005028672.1, SO:0001217, UniParc:UPI0002CF3985, UniRef:UniRef100_A0A7S9DQ53, UniRef:UniRef50_A0A1T1JAM9, UniRef:UniRef90_A0A1T1JAM9
contig_1	cds	88278	88760	+	EMFJNN_0083		hypothetical protein	RefSeq:WP_005028671.1, SO:0001217, UniParc:UPI000288FEC1, UniRef:UniRef100_A0A7S9DQ50, UniRef:UniRef50_A0A7S9DQ50, UniRef:UniRef90_A0A7S9DQ50
contig_1	cds	88858	90714	+	EMFJNN_0084		Dilute domain-containing protein	RefSeq:WP_005028670.1, SO:0001217, UniParc:UPI0002D072FE, UniRef:UniRef100_A0A7S9DQ99, UniRef:UniRef50_A0A6L8M574, UniRef:UniRef90_A0A6L8M574
contig_1	cds	90763	91164	-	EMFJNN_0085		hypothetical protein	RefSeq:WP_005028669.1, SO:0001217, UniParc:UPI000288CC1C, UniRef:UniRef100_A0A7S9DQ89, UniRef:UniRef50_A0A2S2FA97, UniRef:UniRef90_A0A2S2FA97
contig_1	cds	91214	91627	-	EMFJNN_0086		hypothetical protein	RefSeq:WP_005028668.1, SO:0001217, UniParc:UPI00028886C5, UniRef:UniRef100_A0A7S9H9V3, UniRef:UniRef50_A0A373B2A6, UniRef:UniRef90_A0A373B2A6
contig_1	cds	91985	94900	+	EMFJNN_0087		DotA/TraY family protein	SO:0001217, UniRef:UniRef50_A0A7S9DQ58, UniRef:UniRef90_A0A7S9DQ58
contig_1	cds	94962	95456	-	EMFJNN_0088		hypothetical protein	RefSeq:WP_005028665.1, SO:0001217, UniParc:UPI000287F48D, UniRef:UniRef100_A0A7S9DQ56, UniRef:UniRef50_A0A4Y3JCB6, UniRef:UniRef90_A0A4Y3JCB6
contig_1	cds	95700	97712	+	EMFJNN_0089		Peptidase M23 domain-containing protein	RefSeq:WP_005028664.1, SO:0001217, UniParc:UPI0002D03151, UniRef:UniRef100_A0A7S9H9G3, UniRef:UniRef50_N9D5Z6, UniRef:UniRef90_N9D5Z6
contig_1	cds	97735	98145	+	EMFJNN_0090		hypothetical protein	RefSeq:WP_005005820.1, SO:0001217, UniParc:UPI0002887CFC, UniRef:UniRef100_A0A7S9DQ60, UniRef:UniRef50_A0A7S9DQ60, UniRef:UniRef90_A0A7S9DQ60
contig_1	cds	98160	98585	+	EMFJNN_0091		hypothetical protein	RefSeq:WP_005028662.1, SO:0001217, UniParc:UPI0002CE6850, UniRef:UniRef100_A0A7S9H9A0, UniRef:UniRef50_A0A7S9H9A0, UniRef:UniRef90_A0A7S9H9A0
contig_1	cds	98638	99282	-	EMFJNN_0092		hypothetical protein	RefSeq:WP_005028658.1, SO:0001217, UniParc:UPI00028909A5, UniRef:UniRef100_A0A7S9H9L6, UniRef:UniRef50_N9BWX6, UniRef:UniRef90_N9BWX6
contig_1	cds	99275	100831	-	EMFJNN_0093		DNA 3'-5' helicase	EC:5.6.2.4, KEGG:K10300, RefSeq:WP_005028656.1, SO:0001217, UniParc:UPI0002CE4FC2, UniRef:UniRef100_A0A7S9DQ76, UniRef:UniRef50_A0A7S9DQ76, UniRef:UniRef90_A0A7S9DQ76
contig_1	cds	100938	101243	+	EMFJNN_0094	tnp	IS3 family ISAba14 transposase ORF A	IS:ISAba14, RefSeq:WP_002040968.1, SO:0001217, UniParc:UPI0001D31C99, UniRef:UniRef100_A0A159ZBS1, UniRef:UniRef50_N9RSP5, UniRef:UniRef90_N9Q6P3
contig_1	cds	101408	102070	+	EMFJNN_0095	tnp	IS3 family transposase	GO:0004803, SO:0001217, UniParc:UPI0007BCDDB6, UniRef:UniRef100_A0A159Z9Y3, UniRef:UniRef50_A0A5N7NA65, UniRef:UniRef90_A0A5P1I6U9
contig_1	cds	102102	102677	-	EMFJNN_0096		hypothetical protein	SO:0001217, UniRef:UniRef50_A0A0U3TX24, UniRef:UniRef90_A0A0U3TX24
contig_1	cds	102677	103246	-	EMFJNN_0097		hypothetical protein	RefSeq:WP_005028650.1, SO:0001217, UniParc:UPI000289A969, UniRef:UniRef100_A0A7S9DR31, UniRef:UniRef50_A0A7S9DR31, UniRef:UniRef90_A0A7S9DR31
contig_1	cds	103259	103933	-	EMFJNN_0098		hypothetical protein	RefSeq:WP_005028648.1, SO:0001217, UniParc:UPI0002CF3A0D, UniRef:UniRef100_A0A7S9DQ81, UniRef:UniRef50_A0A7S9DQ81, UniRef:UniRef90_A0A7S9DQ81
contig_1	cds	103946	104206	-	EMFJNN_0099		hypothetical protein	
contig_1	cds	104323	104850	-	EMFJNN_0100		hypothetical protein	
contig_1	cds	104973	106502	-	EMFJNN_0101		hypothetical protein	KEGG:K12218, RefSeq:WP_024160802.1, SO:0001217, UniParc:UPI0003B824FD, UniRef:UniRef100_A0A7S9DQ63, UniRef:UniRef50_N9DBF9, UniRef:UniRef90_N9DBF9
contig_1	cds	107772	108608	+	EMFJNN_0102		Sporulation initiation inhibitor protein Soj	KEGG:K03496, RefSeq:WP_005028640.1, SO:0001217, UniParc:UPI00028979A0, UniRef:UniRef100_A0A7S9DQA8, UniRef:UniRef50_A0A7S9DQA8, UniRef:UniRef90_A0A7S9DQA8
contig_1	cds	108618	109679	+	EMFJNN_0103		ParB/Sulfiredoxin domain-containing protein	KEGG:K03497, RefSeq:WP_024160785.1, SO:0001217, UniParc:UPI0003B83C0A, UniRef:UniRef100_A0A335G8V4, UniRef:UniRef50_N9BXL5, UniRef:UniRef90_N9BXL5
contig_1	cds	109766	110335	+	EMFJNN_0104	tnp	IS4 family ISAba1 transposase	GO:0004803, IS:ISAba1, SO:0001217, UniParc:UPI00004520ED, UniRef:UniRef100_A0A2H4TKL0, UniRef:UniRef50_A0A385ENU1, UniRef:UniRef90_A0A385ENU1
contig_1	cds	110422	110856	+	EMFJNN_0105	tnp	IS4 family transposase	SO:0001217, UniParc:UPI000277B13C, UniRef:UniRef100_M1RFH0, UniRef:UniRef50_N9KET0, UniRef:UniRef90_N9NVS6
contig_1	cds	110914	111741	-	EMFJNN_0106		hypothetical protein	RefSeq:WP_024160786.1, SO:0001217, UniParc:UPI0003B8402A, UniRef:UniRef100_A0A7S9H9V7, UniRef:UniRef50_A0A0U3IGY1, UniRef:UniRef90_A0A0U3IGY1
contig_1	cds	111738	112844	-	EMFJNN_0107		Actin-like protein N-terminal domain-containing protein	RefSeq:WP_024160787.1, SO:0001217, UniParc:UPI0003B8FCDF, UniRef:UniRef100_A0A7S9DQ70, UniRef:UniRef50_A0A7S9DQ70, UniRef:UniRef90_A0A7S9DQ70
contig_1	cds	112871	113140	-	EMFJNN_0108		hypothetical protein	RefSeq:WP_005005884.1, SO:0001217, UniParc:UPI0002CE3EA3, UniRef:UniRef100_A0A7S9DQ39, UniRef:UniRef50_A0A7S9DQ39, UniRef:UniRef90_A0A7S9DQ39
contig_1	cds	113150	114445	-	EMFJNN_0109		Bacterial type II secretion system protein E domain-containing protein	RefSeq:WP_024160788.1, SO:0001217, UniParc:UPI0003B8623F, UniRef:UniRef100_A0A7S9H9G8, UniRef:UniRef50_N9DUP0, UniRef:UniRef90_N9DUP0
contig_1	cds	114473	115282	-	EMFJNN_0110	dotC	Type IV secretion system protein DotC	KEGG:K12204, RefSeq:WP_024160789.1, SO:0001217, UniParc:UPI0003B7F026, UniRef:UniRef100_A0A7S9H9E2, UniRef:UniRef50_N9F9T2, UniRef:UniRef90_N9F9T2
contig_1	cds	115320	115766	-	EMFJNN_0111		Toxin co-regulated pilus biosynthesis protein Q C-terminal domain-containing protein	RefSeq:WP_024160790.1, SO:0001217, UniParc:UPI0003B8F610, UniRef:UniRef100_A0A7S9H9A6, UniRef:UniRef50_N9DB91, UniRef:UniRef90_N9DB91
contig_1	cds	116851	118074	+	EMFJNN_0112		Tyr recombinase domain-containing protein	SO:0001217, UniParc:UPI000B3D0157, UniRef:UniRef100_A0A558EZM0, UniRef:UniRef50_N9F9Y1, UniRef:UniRef90_N9F9Y1
contig_1	cds	118373	119056	+	EMFJNN_0113	dotI	Type IV secretion protein DotI	RefSeq:WP_005005897.1, SO:0001217, UniParc:UPI0002899365, UniRef:UniRef100_A0A7S9H9B7, UniRef:UniRef50_A0A7S9H9B7, UniRef:UniRef90_A0A7S9H9B7
contig_1	cds	119070	120017	+	EMFJNN_0114	dotH	Type IV secretion protein DotH	SO:0001217, UniRef:UniRef50_N9F9S9, UniRef:UniRef90_N9F9S9
contig_1	cds	120039	121550	+	EMFJNN_0115	trbI	Conjugal transfer protein TrbI	RefSeq:WP_024160950.1, SO:0001217, UniParc:UPI0003B8D07F, UniRef:UniRef100_A0A5C0UCJ1, UniRef:UniRef50_A0A0U3TX40, UniRef:UniRef90_A0A0U3TX40
contig_1	cds	121556	122437	+	EMFJNN_0116		hypothetical protein	RefSeq:WP_024160794.1, SO:0001217, UniParc:UPI0003B7F6CA, UniRef:UniRef100_A0A7S9DQ93, UniRef:UniRef50_N9DB99, UniRef:UniRef90_N9DB99
contig_1	cds	122448	123023	+	EMFJNN_0117		hypothetical protein	RefSeq:WP_005005910.1, SO:0001217, UniParc:UPI0002D0275E, UniRef:UniRef100_N9BXJ6, UniRef:UniRef50_N9BXJ6, UniRef:UniRef90_N9BXJ6
contig_1	cds	123191	123604	+	EMFJNN_0118		TIGR03745 family integrating conjugative element membrane protein	RefSeq:WP_024160796.1, SO:0001217, UniParc:UPI0003B8844C, UniRef:UniRef100_A0A7S9DQ74, UniRef:UniRef50_A0A7S9DQ74, UniRef:UniRef90_A0A7S9DQ74
contig_1	cds	123715	124602	+	EMFJNN_0119		HNH endonuclease	RefSeq:WP_024160797.1, SO:0001217, UniParc:UPI0003B90CE2, UniRef:UniRef100_A0A7S9DQB8, UniRef:UniRef50_A0A7S9DQB8, UniRef:UniRef90_A0A7S9DQB8
contig_1	cds	124613	125815	+	EMFJNN_0120		hypothetical protein	RefSeq:WP_024160951.1, SO:0001217, UniParc:UPI0003B851BF, UniRef:UniRef100_A0A335GCT5, UniRef:UniRef50_A0A0U3TXW4, UniRef:UniRef90_A0A0U3TXW4
contig_1	cds	125887	129069	+	EMFJNN_0121		ATP-binding protein	EC:7.2.4.8, KEGG:K12206, RefSeq:WP_033917407.1, SO:0001217, UniParc:UPI00053BEFAC, UniRef:UniRef100_A0A7S9H9W1, UniRef:UniRef50_A0A373B032, UniRef:UniRef90_A0A3A8F1L0
contig_1	cds	129192	131984	+	EMFJNN_0122	dotL	Type IV secretion protein DotL	SO:0001217, UniRef:UniRef50_A0A6G5PN16, UniRef:UniRef90_A0A6G5PN16
contig_1	cds	132619	132792	+	EMFJNN_0123		DUF4224 domain-containing protein	RefSeq:WP_001985060.1, SO:0001217, UniParc:UPI0001B8FC3D, UniRef:UniRef100_A0A6F8TL75, UniRef:UniRef50_A0A7H2ZVN7, UniRef:UniRef90_A0A7H2ZVN7
contig_1	cds	132879	133967	+	EMFJNN_0124	ycaO	YcaO domain-containing protein	SO:0001217, UniRef:UniRef50_N9DC14, UniRef:UniRef90_N9DC14
contig_1	cds	133980	134537	+	EMFJNN_0125		hypothetical protein	SO:0001217, UniRef:UniRef50_A0A7S9H9E7, UniRef:UniRef90_A0A7S9H9E7
contig_1	cds	134640	134957	+	EMFJNN_0126		hypothetical protein	
contig_1	cds	135133	135435	-	EMFJNN_0127		Glm	RefSeq:WP_000251875.1, SO:0001217, UniParc:UPI000018F996, UniRef:UniRef100_Q6EZF2, UniRef:UniRef50_Q6EZF2, UniRef:UniRef90_Q6EZF2
contig_1	cds	135522	136337	-	EMFJNN_0128	sul2	sulfonamide-resistant dihydropteroate synthase Sul2	EC:2.5.1.15, GO:0004156, GO:0046654, GO:0046656, GO:0046872, NCBIProtein:WP_001043260.1, RefSeq:WP_001043260.1, SO:0001217, UniParc:UPI0000000350, UniRef:UniRef100_P0AC11, UniRef:UniRef50_P0AC11, UniRef:UniRef90_P0AC11
contig_1	cds	136525	136920	-	EMFJNN_0129		hypothetical protein	RefSeq:WP_001084814.1, SO:0001217, UniParc:UPI0002B80219, UniRef:UniRef100_A0A6F8TLJ8, UniRef:UniRef50_A0A6F8TLJ8, UniRef:UniRef90_A0A6F8TLJ8
contig_1	cds	137112	137312	+	EMFJNN_0130	vbhA	Antitoxin VbhA domain-containing protein	RefSeq:WP_024160780.1, SO:0001217, UniParc:UPI0003B910F1, UniRef:UniRef100_UPI0003B910F1, UniRef:UniRef50_N8VSE4, UniRef:UniRef90_A0A6F8TM95
contig_1	cds	137368	138351	+	EMFJNN_0131		Putative adenosine monophosphate-protein transferase fic	RefSeq:WP_000006272.1, SO:0001217, UniParc:UPI0001B8FC33, UniRef:UniRef100_A0A6F8TL45, UniRef:UniRef50_A0A833UTC3, UniRef:UniRef90_A0A833UTC3
contig_1	cds	138372	138983	-	EMFJNN_0132		Putative transposon Tn552 DNA-invertase bin3	RefSeq:WP_000258666.1, SO:0001217, UniParc:UPI0001B8FC32, UniRef:UniRef100_A0A6F8TLZ3, UniRef:UniRef50_N8WF75, UniRef:UniRef90_A0A833PJV5
contig_1	cds	139405	139821	+	EMFJNN_0133		hypothetical protein	RefSeq:WP_000147519.1, SO:0001217, UniParc:UPI0002B82674, UniRef:UniRef100_N8WY16, UniRef:UniRef50_N8WY16, UniRef:UniRef90_N8WY16
contig_1	cds	139842	140084	+	EMFJNN_0134		hypothetical protein	RefSeq:WP_001229660.1, SO:0001217, UniParc:UPI0001B8FC30, UniRef:UniRef100_D0CEY2, UniRef:UniRef50_D0CEY2, UniRef:UniRef90_D0CEY2
contig_1	cds	140152	140409	-	EMFJNN_0135		hypothetical protein	SO:0001217, UniParc:UPI0001B8FC2F, UniRef:UniRef100_D0CEY1, UniRef:UniRef50_A0A833PL92, UniRef:UniRef90_D0CEY1
contig_1	cds	140780	140989	+	EMFJNN_0136		hypothetical protein	RefSeq:WP_002135073.1, SO:0001217, UniParc:UPI0002B7EED3, UniRef:UniRef100_A0A6F8TMB3, UniRef:UniRef50_A0A6F8TMB3, UniRef:UniRef90_A0A6F8TMB3
contig_1	cds	140986	141357	+	EMFJNN_0137		hypothetical protein	RefSeq:WP_000633833.1, SO:0001217, UniParc:UPI0001B8FC2E, UniRef:UniRef100_D0CEY0, UniRef:UniRef50_D0CEY0, UniRef:UniRef90_D0CEY0
contig_1	cds	141367	141786	+	EMFJNN_0138		hypothetical protein	RefSeq:WP_000145713.1, SO:0001217, UniParc:UPI0001B8FC2D, UniRef:UniRef100_A0A7S9H9B2, UniRef:UniRef50_A0A3A8F3N9, UniRef:UniRef90_A0A3A8F3N9
contig_1	cds	141792	142064	+	EMFJNN_0139		hypothetical protein	
contig_1	cds	142162	143427	+	EMFJNN_0140	cml	CmlA/FloR family chloramphenicol efflux MFS transporter	KEGG:K18552, NCBIFam:NF033134.0, RefSeq:WP_031944395.1, SO:0001217, UniParc:UPI0003DF3E9D, UniRef:UniRef100_A0A9Q1W9L0, UniRef:UniRef50_P32482, UniRef:UniRef90_A0A127SBA2
contig_1	cds	143372	144625	+	EMFJNN_0141	tnp	ISL3 family ISAba43 transposase	GO:0004803, IS:ISAba43, SO:0001217, UniRef:UniRef50_A0A0F9U8H6, UniRef:UniRef90_A0A125S0J3
contig_1	cds	144622	144909	+	EMFJNN_0142		hypothetical protein	SO:0001217, UniRef:UniRef50_A0A7S9H9D8, UniRef:UniRef90_UPI001D17188C
contig_1	cds	144983	145495	+	EMFJNN_0143		hypothetical protein	RefSeq:WP_001098394.1, SO:0001217, UniParc:UPI0001B8FC2B, UniRef:UniRef100_D0CEX7, UniRef:UniRef50_A0A335GD05, UniRef:UniRef90_A0A335GD05
contig_1	cds	145635	146609	+	EMFJNN_0144		Peptidase M48 domain-containing protein	RefSeq:WP_000856068.1, SO:0001217, UniParc:UPI0001B8FC2A, UniRef:UniRef100_D0CEX6, UniRef:UniRef50_N9DTR9, UniRef:UniRef90_N9DTR9
contig_1	cds	146665	147042	-	EMFJNN_0145		hypothetical protein	RefSeq:WP_000592534.1, SO:0001217, UniParc:UPI0001B8FC29, UniRef:UniRef100_A0A7H2ZVP5, UniRef:UniRef50_N9BXE6, UniRef:UniRef90_N9BXE6
contig_1	cds	147056	147415	-	EMFJNN_0146		hypothetical protein	RefSeq:WP_000916257.1, SO:0001217, UniParc:UPI0001B8FC28, UniRef:UniRef100_A0A7H2ZVP6, UniRef:UniRef50_N9BWH6, UniRef:UniRef90_N9BWH6
contig_1	cds	147947	148897	-	EMFJNN_0147		hypothetical protein	RefSeq:WP_000205465.1, SO:0001217, UniParc:UPI0001B8FC27, UniRef:UniRef100_A0A8F8MM47, UniRef:UniRef50_A0A371YQK6, UniRef:UniRef90_A0A371YQK6
contig_1	cds	148909	149379	-	EMFJNN_0148		hypothetical protein	RefSeq:WP_001180368.1, SO:0001217, UniParc:UPI0001B8FC26, UniRef:UniRef100_A0A8F8MLR6, UniRef:UniRef50_A0A241Y9C5, UniRef:UniRef90_A0A241Y9C5
contig_1	cds	149445	149852	-	EMFJNN_0149		hypothetical protein	RefSeq:WP_000067575.1, SO:0001217, UniParc:UPI0002B7FEE0, UniRef:UniRef100_A0A8F8MLQ5, UniRef:UniRef50_D0CEX1, UniRef:UniRef90_D0CEX1
contig_1	cds	150305	150787	+	EMFJNN_0150		hypothetical protein	SO:0001217, UniParc:UPI0001B8FC24, UniRef:UniRef100_A0A6F8TKC4, UniRef:UniRef50_A0A6F8TKC4, UniRef:UniRef90_A0A6F8TKC4
contig_1	cds	150792	151295	+	EMFJNN_0151		hypothetical protein	RefSeq:WP_001211019.1, SO:0001217, UniParc:UPI0001B8FC23, UniRef:UniRef100_D0CEW9, UniRef:UniRef50_D0CEW9, UniRef:UniRef90_D0CEW9
contig_1	cds	151413	152216	-	EMFJNN_0152		DUF4942 domain-containing protein	RefSeq:WP_031946115.1, SO:0001217, UniParc:UPI0004AF0AB4, UniRef:UniRef100_A0A558EVY0, UniRef:UniRef50_A0A7S9H9C4, UniRef:UniRef90_A0A7S9H9C4
contig_1	cds	152363	152704	+	EMFJNN_0153		hypothetical protein	
contig_1	cds	152706	153608	-	EMFJNN_0154	tnp	IS3 family ISAlw23 transposase ORF B	GO:0004803, IS:ISAlw23, SO:0001217, UniRef:UniRef50_A0A0A3W6X8, UniRef:UniRef90_N8VZE6
contig_1	ncRNA-region	153534	153650	-			ALIL pseudoknot	RFAM:RF01497, SO:0005836
contig_1	cds	153608	153925	-	EMFJNN_0155	tnp	IS3 family ISAba19 transposase ORF A	IS:ISAba19, SO:0001217, UniParc:UPI0002FB6013, UniRef:UniRef100_N9R7Z5, UniRef:UniRef50_N8ZVA8, UniRef:UniRef90_N9R7Z5
contig_1	cds	154100	154630	+	EMFJNN_0156		hypothetical protein	RefSeq:WP_024160920.1, SO:0001217, UniParc:UPI0003B81A06, UniRef:UniRef100_A0A7H2ZVQ2, UniRef:UniRef50_A0A7H2ZVQ2, UniRef:UniRef90_A0A7H2ZVQ2
contig_1	cds	154755	155285	-	EMFJNN_0157		hypothetical protein	RefSeq:WP_024160921.1, SO:0001217, UniParc:UPI0003B91F79, UniRef:UniRef100_UPI0003B91F79, UniRef:UniRef50_A0A5P6FU05, UniRef:UniRef90_A0A333WFX0
contig_1	cds	155320	156069	-	EMFJNN_0158		hypothetical protein	SO:0001217, UniRef:UniRef50_N9FB92, UniRef:UniRef90_N9FB92
contig_1	cds	156082	156426	-	EMFJNN_0159		hypothetical protein	RefSeq:WP_024160923.1, SO:0001217, UniParc:UPI0003B7E27C, UniRef:UniRef100_A0A335GL86, UniRef:UniRef50_A0A335GL86, UniRef:UniRef90_A0A335GL86
contig_1	cds	156683	157048	+	EMFJNN_0160		J domain-containing protein	RefSeq:WP_024160924.1, SO:0001217, UniParc:UPI0003B835FD, UniRef:UniRef100_A0A7H2ZVQ7, UniRef:UniRef50_A0A558EUQ3, UniRef:UniRef90_A0A558EUQ3
contig_1	cds	157106	157204	+	EMFJNN_0161		hypothetical protein	
contig_1	cds	157343	158119	+	EMFJNN_0162		hypothetical protein	RefSeq:WP_024160925.1, SO:0001217, UniParc:UPI0003B82083, UniRef:UniRef100_A0A558EUU3, UniRef:UniRef50_N9DVA4, UniRef:UniRef90_A0A558EUU3
contig_1	cds	158128	158385	+	EMFJNN_0163		hypothetical protein	
contig_1	cds	158657	159715	+	EMFJNN_0164		DNA (cytosine-5-)-methyltransferase	RefSeq:WP_005006014.1, SO:0001217, UniParc:UPI0002887E8D, UniRef:UniRef100_A0A7S9H8Z3, UniRef:UniRef50_A0A7S9H8Z3, UniRef:UniRef90_A0A7S9H8Z3
contig_1	cds	159781	161106	+	EMFJNN_0165		DNA (cytosine-5-)-methyltransferase	EC:2.1.1.37, KEGG:K00558, RefSeq:WP_024160927.1, SO:0001217, UniParc:UPI0003B925A2, UniRef:UniRef100_UPI0003B925A2, UniRef:UniRef50_N9BWP9, UniRef:UniRef90_N9BWP9
contig_1	cds	161182	162099	-	EMFJNN_0166		Lipoprotein	RefSeq:WP_024160928.1, SO:0001217, UniParc:UPI0003B8A012, UniRef:UniRef100_A0A5P6FTV2, UniRef:UniRef50_N9F4F2, UniRef:UniRef90_N9F4F2
contig_1	cds	162363	162899	-	EMFJNN_0167	tnp	IS4 family ISAba33 transposase ORF B	GO:0004803, IS:ISAba33, SO:0001217, UniRef:UniRef50_N9KET0, UniRef:UniRef90_A0A3G9FYE6
contig_1	cds	162896	163456	-	EMFJNN_0168	tnp	IS4 family ISAba33 transposase ORF A	GO:0004803, IS:ISAba33, SO:0001217, UniParc:UPI0002D09ECB, UniRef:UniRef100_N9GM85, UniRef:UniRef50_N8UBQ0, UniRef:UniRef90_N8UBQ0
contig_1	cds	163557	164936	-	EMFJNN_0169		SIR2-like domain-containing protein	RefSeq:WP_005006018.1, SO:0001217, UniParc:UPI0001964AE7, UniRef:UniRef100_N9BVX3, UniRef:UniRef50_N9BVX3, UniRef:UniRef90_N9BVX3
contig_1	cds	165087	165647	+	EMFJNN_0170		Translesion error-prone DNA polymerase V autoproteolytic subunit	RefSeq:WP_024160930.1, SO:0001217, UniParc:UPI0003B8A873, UniRef:UniRef100_A0A5P6FU43, UniRef:UniRef50_A0A5P6FU43, UniRef:UniRef90_A0A5P6FU43
contig_1	cds	165644	166933	+	EMFJNN_0171	umuC	UmuC domain-containing protein	KEGG:K03502, RefSeq:WP_024432368.1, SO:0001217, UniParc:UPI00040F3247, UniRef:UniRef100_A0A4S5DQ39, UniRef:UniRef50_N9DAI1, UniRef:UniRef90_N9DAI1
contig_1	cds	167068	167355	-	EMFJNN_0172		Transposase	RefSeq:WP_207779029.1, SO:0001217, UniParc:UPI000B1318BD, UniRef:UniRef100_A0A4S5DP29, UniRef:UniRef50_A0A7S9H9G9, UniRef:UniRef90_A0A7S9H9G9
contig_1	cds	167368	167829	-	EMFJNN_0173		hypothetical protein	RefSeq:WP_024160933.1, SO:0001217, UniParc:UPI0003B7F06F, UniRef:UniRef100_A0A5P6FTT7, UniRef:UniRef50_N9BVX7, UniRef:UniRef90_N9BVX7
contig_1	cds	167852	168808	-	EMFJNN_0174		hypothetical protein	RefSeq:WP_024160934.1, SO:0001217, UniParc:UPI0003B8ACCA, UniRef:UniRef100_UPI0003B8ACCA, UniRef:UniRef50_A0A333WHC9, UniRef:UniRef90_A0A333WHC9
contig_1	cds	169139	169564	-	EMFJNN_0175		hypothetical protein	RefSeq:WP_024160768.1, SO:0001217, UniParc:UPI0003B8E15B, UniRef:UniRef100_A0A333WDY2, UniRef:UniRef50_N9D506, UniRef:UniRef90_N9D506
contig_1	cds	169603	169758	-	EMFJNN_0176		(pseudo) hypothetical protein	RefSeq:WP_005006030.1, SO:0001217, UniParc:UPI0002CE8F08, UniRef:UniRef100_N9FB81, UniRef:UniRef50_N9FB81, UniRef:UniRef90_N9FB81
contig_1	cds	169948	171096	-	EMFJNN_0177	yubB	YubB ferredoxin-like domain-containing protein	RefSeq:WP_024160769.1, SO:0001217, UniParc:UPI0003B8921A, UniRef:UniRef100_A0A333WEP3, UniRef:UniRef50_N9F4E2, UniRef:UniRef90_N9F4E2
contig_1	cds	171436	172461	+	EMFJNN_0178	tnp	IS30-like element ISAba125 family transposase	BlastRules:WP_001988464, GO:0004803, RefSeq:WP_001988464.1, SO:0001217, UniParc:UPI00020C2629, UniRef:UniRef100_A0A2R4KLT6, UniRef:UniRef50_N8Y7R0, UniRef:UniRef90_V2U9R3
contig_1	cds	172562	173203	+	EMFJNN_0179	aph(3')-VIa	aminoglycoside O-phosphotransferase APH(3')-VIa	NCBIProtein:WP_000422636.1, SO:0001217, UniRef:UniRef50_A0A380ZWX3, UniRef:UniRef90_A0A380ZWX3
contig_1	cds	173422	174447	+	EMFJNN_0180	tnp	IS30-like element ISAba125 family transposase	BlastRules:WP_001988464, GO:0004803, RefSeq:WP_001988464.1, SO:0001217, UniParc:UPI00020C2629, UniRef:UniRef100_A0A2R4KLT6, UniRef:UniRef50_N8Y7R0, UniRef:UniRef90_V2U9R3
contig_1	cds	174480	175088	-	EMFJNN_0181		hypothetical protein	RefSeq:WP_024160765.1, SO:0001217, UniParc:UPI0003B81007, UniRef:UniRef100_A0A346FUG6, UniRef:UniRef50_A0A346FUG6, UniRef:UniRef90_A0A346FUG6
contig_1	cds	175120	175953	-	EMFJNN_0182		hypothetical protein	RefSeq:WP_024160764.1, SO:0001217, UniParc:UPI0003B84824, UniRef:UniRef100_A0A3R9EXU1, UniRef:UniRef50_N9FBP3, UniRef:UniRef90_N9FBP3
contig_1	cds	175966	176607	-	EMFJNN_0183		hypothetical protein	RefSeq:WP_024160763.1, SO:0001217, UniParc:UPI0003B8C0E4, UniRef:UniRef100_A0A335GGD2, UniRef:UniRef50_A0A335GGD2, UniRef:UniRef90_A0A335GGD2
contig_1	cds	176827	177357	-	EMFJNN_0184		hypothetical protein	RefSeq:WP_024160762.1, SO:0001217, UniParc:UPI0003B80AD7, UniRef:UniRef100_A0A427UME1, UniRef:UniRef50_A0A5P6FU05, UniRef:UniRef90_A0A5P6FU05
contig_1	cds	177558	178040	-	EMFJNN_0185		hypothetical protein	RefSeq:WP_024160761.1, SO:0001217, UniParc:UPI0003B89C6E, UniRef:UniRef100_A0A8B5S9V4, UniRef:UniRef50_A0A8B5S9V4, UniRef:UniRef90_A0A8B5S9V4
contig_1	cds	178120	178554	-	EMFJNN_0186		DUF6573 domain-containing protein	RefSeq:WP_005006045.1, SO:0001217, UniParc:UPI000289B59B, UniRef:UniRef100_A0A7S9DPZ5, UniRef:UniRef50_A0A333WF92, UniRef:UniRef90_A0A333WF92
contig_1	cds	178707	179204	+	EMFJNN_0187		CSD domain-containing protein	RefSeq:WP_024160760.1, SO:0001217, UniParc:UPI0003B87FA1, UniRef:UniRef100_A0A8B5S2M4, UniRef:UniRef50_N9DB84, UniRef:UniRef90_N9DB84
contig_1	cds	179274	179612	-	EMFJNN_0188		hypothetical protein	RefSeq:WP_024160759.1, SO:0001217, UniParc:UPI0003B80B2B, UniRef:UniRef100_A0A8B5S3F8, UniRef:UniRef50_A0A373AXL6, UniRef:UniRef90_A0A373AXL6
contig_1	cds	179770	180867	-	EMFJNN_0189		Phosphoadenosine phosphosulphate reductase domain-containing protein	SO:0001217, UniRef:UniRef50_A0A095TGY6, UniRef:UniRef90_N9DAJ6
contig_1	cds	181044	181520	-	EMFJNN_0190		DUF4375 domain-containing protein	RefSeq:WP_005006052.1, SO:0001217, UniParc:UPI000289041C, UniRef:UniRef100_A0A7S9H975, UniRef:UniRef50_A0A2S2F8P8, UniRef:UniRef90_A0A2S2F8P8
contig_1	cds	181593	181907	-	EMFJNN_0191		hypothetical protein	RefSeq:WP_024160757.1, SO:0001217, UniParc:UPI0003B89FA2, UniRef:UniRef100_A0A8B5S434, UniRef:UniRef50_N9BVZ0, UniRef:UniRef90_N9BVZ0
contig_1	cds	181920	182414	-	EMFJNN_0192		hypothetical protein	RefSeq:WP_260744070.1, SO:0001217, UniParc:UPI0021B39042, UniRef:UniRef100_UPI0021B39042, UniRef:UniRef50_UPI0021B39042, UniRef:UniRef90_UPI0021B39042
contig_1	cds	182486	182692	+	EMFJNN_0193		hypothetical protein	RefSeq:WP_001027832.1, SO:0001217, UniParc:UPI0002831EA0, UniRef:UniRef100_A0A7S9DQU9, UniRef:UniRef50_A0A7S9DQU9, UniRef:UniRef90_A0A7S9DQU9
contig_1	cds	182970	183983	-	EMFJNN_0194	intI1	class 1 integron integrase IntI1	BlastRules:WP_000845054, COG:COG4974, COG:L, RefSeq:WP_000845054.1, SO:0001217, UniParc:UPI0000003DF9, UniRef:UniRef100_Q48337, UniRef:UniRef50_P62590, UniRef:UniRef90_Q48337
contig_1	ncRNA-region	184073	184155	+			putative aminoglycoside riboswitch / attI site	RFAM:RF02912, SO:0000035
contig_1	sorf	184085	184123	+	EMFJNN_0195	estX	Streptomycin 3''-O-adenylyltransferase	SO:0001217, UniParc:UPI00000B6A7E, UniRef:UniRef100_A9QNW9, UniRef:UniRef50_A0A2R4A7Q1, UniRef:UniRef90_A0A2R4A7Q1
contig_1	cds	184136	184876	+	EMFJNN_0196	blaIMP-18	subclass B1 metallo-beta-lactamase IMP-18	EC:3.5.2.6, NCBIProtein:WP_063848609.1, RefSeq:WP_063848609.1, SO:0001217, UniParc:UPI00005B5EC6, UniRef:UniRef100_Q5U807, UniRef:UniRef50_P52699, UniRef:UniRef90_Q5U807
contig_1	cds	185067	185585	+	EMFJNN_0197	aac(6')-Ib	AAC(6')-Ib family aminoglycoside 6'-N-acetyltransferase	EC:2.7.7.47, KEGG:K00984, NCBIProtein:WP_003159191.1, RefSeq:WP_011205806.1, SO:0001217, UniParc:UPI00000BF146, UniRef:UniRef100_Q4VDP2, UniRef:UniRef50_Q8VQN7, UniRef:UniRef90_Q8VQN7
contig_1	cds	185667	186446	+	EMFJNN_0198	aadA1	ANT(3'')-Ia family aminoglycoside nucleotidyltransferase AadA1	NCBIProtein:WP_001206317.1, RefSeq:WP_001535723.1, SO:0001217, UniParc:UPI00004CF3E7, UniRef:UniRef100_Q5DUC3, UniRef:UniRef50_P0AG05, UniRef:UniRef90_Q5DUC3
contig_1	cds	186523	187203	+	EMFJNN_0199	blaOXA	OXA-2 family class D beta-lactamase	NCBIProtein:WP_001007673.1, SO:0001217, UniRef:UniRef50_O84955
contig_1	cds	187188	187367	+	EMFJNN_0200		hypothetical protein	PFAM:PF00905.26
contig_1	cds	187823	188170	+	EMFJNN_0201	qacEdelta1	quaternary ammonium compound efflux SMR transporter QacE delta 1	GO:0005886, GO:0016020, GO:0022857, GO:0042221, NCBIProtein:WP_000679427.1, RefSeq:WP_000679427.1, SO:0001217, UniParc:UPI0000000BEC, UniRef:UniRef100_P0AA22, UniRef:UniRef50_P0AA22, UniRef:UniRef90_P0AA22
contig_1	cds	188164	189003	+	EMFJNN_0202	sul1	sulfonamide-resistant dihydropteroate synthase Sul1	COG:COG0294, COG:H, EC:2.5.1.15, GO:0004156, GO:0046654, GO:0046656, GO:0046872, NCBIProtein:WP_000259031.1, RefSeq:WP_000259031.1, SO:0001217, UniParc:UPI000000029B, UniRef:UniRef100_P0C002, UniRef:UniRef50_P0C002, UniRef:UniRef90_P0C002
contig_1	cds	188933	189112	-	EMFJNN_0203		hypothetical protein	RefSeq:WP_001993321.1, SO:0001217, UniParc:UPI0001D31941, UniRef:UniRef100_A0A168PRA3, UniRef:UniRef50_A0A168PRA3, UniRef:UniRef90_A0A168PRA3
contig_1	cds	189109	189603	-	EMFJNN_0204		hypothetical protein	SO:0001217, UniParc:UPI00025C56C9, UniRef:UniRef100_A0A220DI90, UniRef:UniRef50_A0A220DI90, UniRef:UniRef90_A0A220DI90
contig_1	cds	189600	190592	-	EMFJNN_0205		AAA family ATPase	RefSeq:WP_001381192.1, SO:0001217, UniParc:UPI000049F142, UniRef:UniRef100_A0A0B1M6S0, UniRef:UniRef50_A0A165NLA6, UniRef:UniRef90_Q7BT56
contig_1	cds	191088	191294	+	EMFJNN_0206		hypothetical protein	RefSeq:WP_001027832.1, SO:0001217, UniParc:UPI0002831EA0, UniRef:UniRef100_A0A7S9DQU9, UniRef:UniRef50_A0A7S9DQU9, UniRef:UniRef90_A0A7S9DQU9
contig_1	cds	191419	191811	-	EMFJNN_0207		hypothetical protein	SO:0001217, UniRef:UniRef50_UPI0021B3A6D3, UniRef:UniRef90_UPI0021B3A6D3
contig_1	cds	191902	192465	-	EMFJNN_0208		hypothetical protein	RefSeq:WP_024160754.1, SO:0001217, UniParc:UPI0003B8853F, UniRef:UniRef100_A0A3R9EXL9, UniRef:UniRef50_A0A0U3S072, UniRef:UniRef90_A0A0U3S072
contig_1	cds	192611	193369	-	EMFJNN_0209		Fido domain-containing protein	RefSeq:WP_024160753.1, SO:0001217, UniParc:UPI0003B88F3D, UniRef:UniRef100_A0A8B5S9W3, UniRef:UniRef50_N9FBJ7, UniRef:UniRef90_N9FBJ7
contig_1	cds	193439	193651	-	EMFJNN_0210		hypothetical protein	RefSeq:WP_005006071.1, SO:0001217, UniParc:UPI0002889AE6, UniRef:UniRef100_A0A7S9DPY6, UniRef:UniRef50_A0A7S9DPY6, UniRef:UniRef90_A0A7S9DPY6
contig_1	cds	193849	194304	+	EMFJNN_0211		hypothetical protein	RefSeq:WP_024160752.1, SO:0001217, UniParc:UPI0003B7EEC2, UniRef:UniRef100_A0A7S9DPU1, UniRef:UniRef50_A0A335GHX6, UniRef:UniRef90_A0A335GHX6
contig_1	cds	194407	194943	-	EMFJNN_0212		CYTH domain-containing protein	RefSeq:WP_024160751.1, SO:0001217, UniParc:UPI0003B81B95, UniRef:UniRef100_A0A7S9DPT5, UniRef:UniRef50_N9DVJ1, UniRef:UniRef90_N9DVJ1
contig_1	cds	195555	196049	-	EMFJNN_0213		Integral membrane protein	RefSeq:WP_024160749.1, SO:0001217, UniParc:UPI0003B91E16, UniRef:UniRef100_A0A7S9DPU5, UniRef:UniRef50_A0A0U3T7S4, UniRef:UniRef90_A0A0U3T7S4
contig_1	cds	196142	196567	-	EMFJNN_0214		hypothetical protein	RefSeq:WP_024160748.1, SO:0001217, UniParc:UPI0003B881DB, UniRef:UniRef100_A0A7S9DQT0, UniRef:UniRef50_A0A7S9DQT0, UniRef:UniRef90_A0A7S9DQT0
contig_1	cds	196609	197502	-	EMFJNN_0215		DUF4123 domain-containing protein	RefSeq:WP_024160747.1, SO:0001217, UniParc:UPI0003B883E6, UniRef:UniRef100_A0A8B5S4P9, UniRef:UniRef50_A0A8B5S4P9, UniRef:UniRef90_A0A8B5S4P9
contig_1	cds	197502	197930	-	EMFJNN_0216		T6SS immunity protein Tdi1 C-terminal domain-containing protein	RefSeq:WP_024160746.1, SO:0001217, UniParc:UPI0003B87D98, UniRef:UniRef100_A0A4Y3JCQ7, UniRef:UniRef50_A0A0U3SUA8, UniRef:UniRef90_A0A0U3SUA8
contig_1	cds	198158	198982	-	EMFJNN_0217		hypothetical protein	SO:0001217, UniRef:UniRef50_N9DVI6, UniRef:UniRef90_A0A335GA12
contig_1	cds	199169	199495	+	EMFJNN_0218		Histone-like protein H-NS C-terminal domain-containing protein	RefSeq:WP_024160744.1, SO:0001217, UniParc:UPI0003B81DD5, UniRef:UniRef100_A0A7S9H937, UniRef:UniRef50_N9DAK8, UniRef:UniRef90_N9DAK8
contig_1	cds	199575	199844	-	EMFJNN_0219		MYM-type domain-containing protein	RefSeq:WP_024160743.1, SO:0001217, UniParc:UPI0003B81F87, UniRef:UniRef100_A0A7S9H971, UniRef:UniRef50_N9FBI7, UniRef:UniRef90_N9FBI7
contig_1	cds	199844	200188	-	EMFJNN_0220		hypothetical protein	RefSeq:WP_024160742.1, SO:0001217, UniParc:UPI0003B7F73C, UniRef:UniRef100_A0A7S9H999, UniRef:UniRef50_N9F4N7, UniRef:UniRef90_N9BW02
contig_1	cds	200349	200537	+	EMFJNN_0221		Transposase	RefSeq:WP_024160741.1, SO:0001217, UniParc:UPI0003B88D3B, UniRef:UniRef100_A0A8B5S673, UniRef:UniRef50_A0A7H2ZVV1, UniRef:UniRef90_A0A7H2ZVV1
contig_1	cds	200711	201793	-	EMFJNN_0222		hypothetical protein	RefSeq:WP_024160740.1, SO:0001217, UniParc:UPI0003B84C24, UniRef:UniRef100_A0A7S9DPT4, UniRef:UniRef50_N9D532, UniRef:UniRef90_N9D532
contig_1	cds	201870	202514	-	EMFJNN_0223		Type I-E CRISPR-associated protein Cas6/Cse3/CasE	RefSeq:WP_227504916.1, SO:0001217, UniParc:UPI000B0F3074, UniRef:UniRef100_A0A6G5PN19, UniRef:UniRef50_A0A4Y3JFX2, UniRef:UniRef90_A0A4Y3JFX2
contig_1	cds	202651	203802	-	EMFJNN_0224	tnp	IS4 family ISAbe18 transposase	GO:0004803, IS:ISAbe18, RefSeq:WP_005176703.1, SO:0001217, UniParc:UPI0002D13CEC, UniRef:UniRef100_A0A2L2J0M3, UniRef:UniRef50_V2UDU2, UniRef:UniRef90_V2UDU2
contig_1	cds	204197	205381	+	EMFJNN_0225		Zinc metalloproteinase Mpr protein	RefSeq:WP_098733233.1, SO:0001217, UniParc:UPI000BF60679, UniRef:UniRef100_UPI0022B42D4A, UniRef:UniRef50_A0A7S9H989, UniRef:UniRef90_A0A7S9H989
contig_1	cds	205378	205746	+	EMFJNN_0226		DUF4143 domain-containing protein	RefSeq:WP_005006108.1, SO:0001217, UniParc:UPI000287F1D2, UniRef:UniRef100_A0A7S9DPX8, UniRef:UniRef50_A0A4Y3JCR3, UniRef:UniRef90_A0A4Y3JCR3
contig_1	cds	205746	207413	+	EMFJNN_0227		Helicase ATP-binding domain-containing protein	RefSeq:WP_024160737.1, SO:0001217, UniParc:UPI0003B8F0BF, UniRef:UniRef100_A0A8B5S6A9, UniRef:UniRef50_A0A7S9H905, UniRef:UniRef90_A0A7S9DPT3
contig_1	cds	207559	208443	-	EMFJNN_0228		hypothetical protein	RefSeq:WP_024160736.1, SO:0001217, UniParc:UPI0003B8CB87, UniRef:UniRef100_A0A335GDP4, UniRef:UniRef50_N9BWU3, UniRef:UniRef90_N9BWU3
contig_1	cds	208600	209250	+	EMFJNN_0229		Phage protein	RefSeq:WP_024160879.1, SO:0001217, UniParc:UPI0003B8E334, UniRef:UniRef100_A0A7S9DQA5, UniRef:UniRef50_A0A7S9DQA5, UniRef:UniRef90_A0A7S9DQA5
contig_1	cds	209226	210017	+	EMFJNN_0230	traX	Protein TraX	RefSeq:WP_043041422.1, SO:0001217, UniParc:UPI0005130206, UniRef:UniRef100_A0A6G5PMK2, UniRef:UniRef50_N9DWD3, UniRef:UniRef90_N9DWD3
contig_1	cds	210086	210832	-	EMFJNN_0231		hypothetical protein	RefSeq:WP_024160733.1, SO:0001217, UniParc:UPI0003B90537, UniRef:UniRef100_A0A4Y3JCY7, UniRef:UniRef50_N9FBH8, UniRef:UniRef90_N9FBH8
contig_1	cds	210950	211690	-	EMFJNN_0232		Solute-binding protein family 3/N-terminal domain-containing protein	RefSeq:WP_005006125.1, SO:0001217, UniParc:UPI00028A2E73, UniRef:UniRef100_A0A7S9H9E9, UniRef:UniRef50_A0A7S9H9E9, UniRef:UniRef90_A0A7S9H9E9
contig_1	cds	211725	212294	-	EMFJNN_0233		hypothetical protein	RefSeq:WP_031944358.1, SO:0001217, UniParc:UPI0004F51381, UniRef:UniRef100_A0A7S9DQB5, UniRef:UniRef50_N9FBK8, UniRef:UniRef90_N9FBK8
contig_1	cds	212345	212767	-	EMFJNN_0234		Lipoprotein	RefSeq:WP_134253126.1, SO:0001217, UniParc:UPI00106778E2, UniRef:UniRef100_A0A4P7B8F6, UniRef:UniRef50_A0A8B5S684, UniRef:UniRef90_A0A8B5S684
contig_1	cds	212827	213633	+	EMFJNN_0235		DUF983 domain-containing protein	RefSeq:WP_024160730.1, SO:0001217, UniParc:UPI0003B8B028, UniRef:UniRef100_A0A7S9H9I5, UniRef:UniRef50_A0A2S2FAM9, UniRef:UniRef90_A0A2S2FAM9
contig_1	cds	213635	214489	+	EMFJNN_0236		Transglycosylase SLT domain-containing protein	RefSeq:WP_024160883.1, SO:0001217, UniParc:UPI0003B8C32D, UniRef:UniRef100_A0A506F3G1, UniRef:UniRef50_N9D544, UniRef:UniRef90_N9D544
contig_1	cds	214575	215081	+	EMFJNN_0237		TNase-like domain-containing protein	RefSeq:WP_005006141.1, SO:0001217, UniParc:UPI000287B6B6, UniRef:UniRef100_A0A7S9DPS4, UniRef:UniRef50_A0A3A8EIB5, UniRef:UniRef90_A0A3A8EIB5
contig_1	cds	215087	215395	+	EMFJNN_0238		Transcriptional regulator	RefSeq:WP_057694169.1, SO:0001217, UniParc:UPI0007094C11, UniRef:UniRef100_A0A4V1AT67, UniRef:UniRef50_A0A7S9H9N3, UniRef:UniRef90_A0A7S9H9N3
contig_1	cds	215568	217103	+	EMFJNN_0239		DNA methylase N-4/N-6 domain-containing protein	RefSeq:WP_125272345.1, SO:0001217, UniParc:UPI000F6878ED, UniRef:UniRef100_UPI000F6878ED, UniRef:UniRef50_A0A2W4QWH5, UniRef:UniRef90_N9DVG6
contig_1	cds	217119	219806	+	EMFJNN_0240		Helicase ATP-binding domain-containing protein	EC:3.1.21.5, KEGG:K01156, RefSeq:WP_125272346.1, SO:0001217, UniParc:UPI000F66A410, UniRef:UniRef100_UPI000F66A410, UniRef:UniRef50_N8ZPC4, UniRef:UniRef90_N9DWC5
contig_1	cds	219859	222702	-	EMFJNN_0241		Toprim domain-containing protein	RefSeq:WP_125272347.1, SO:0001217, UniParc:UPI000F66A6B9, UniRef:UniRef100_UPI000F66A6B9, UniRef:UniRef50_A0A0U3T7X4, UniRef:UniRef90_A0A0U3T7X4
contig_1	cds	223000	223662	+	EMFJNN_0242		Putative auto-transporter adhesin head GIN domain-containing protein	SO:0001217, UniRef:UniRef50_N9F4L8, UniRef:UniRef90_N9F4L8
contig_1	cds	223807	225486	-	EMFJNN_0243		Virulence-associated e family protein	SO:0001217, UniParc:UPI0002CE8C17, UniRef:UniRef100_A0A7S9H9Y2, UniRef:UniRef50_A0A7S9H9Y2, UniRef:UniRef90_A0A7S9H9E6
contig_1	cds	225503	226267	-	EMFJNN_0244		DUF4868 domain-containing protein	SO:0001217, UniRef:UniRef50_A0A8B5S693
contig_1	cds	226230	226412	-	EMFJNN_0245		hypothetical protein	
contig_1	cds	226481	227680	-	EMFJNN_0246		FRG domain-containing protein	RefSeq:WP_005028487.1, SO:0001217, UniParc:UPI0002883041, UniRef:UniRef100_A0A7S9DQB4, UniRef:UniRef50_N9DBD0, UniRef:UniRef90_N9DBD0
contig_1	cds	228345	228575	+	EMFJNN_0247		hypothetical protein	RefSeq:WP_005028481.1, SO:0001217, UniParc:UPI0002CE6204, UniRef:UniRef100_A0A4Y3JDB2, UniRef:UniRef50_A0A498CYY4, UniRef:UniRef90_A0A498CYY4
contig_1	cds	228777	229298	-	EMFJNN_0248		Lipoprotein	SO:0001217, UniRef:UniRef50_A0A373AXX9, UniRef:UniRef90_A0A373AXX9
contig_1	cds	229654	232317	+	EMFJNN_0249		DNA topoisomerase	RefSeq:WP_024160892.1, SO:0001217, UniParc:UPI0003B8B064, UniRef:UniRef100_A0A506EV75, UniRef:UniRef50_A0A335GC69, UniRef:UniRef90_A0A335GC69
contig_1	cds	232334	233344	+	EMFJNN_0250		hypothetical protein	RefSeq:WP_024160720.1, SO:0001217, UniParc:UPI0003B89817, UniRef:UniRef100_A0A506ETI2, UniRef:UniRef50_N9F4K8, UniRef:UniRef90_N9F4K8
contig_1	cds	233540	233773	+	EMFJNN_0251		Phage protein	RefSeq:WP_024160719.1, SO:0001217, UniParc:UPI0003B82E06, UniRef:UniRef100_A0A506EYT1, UniRef:UniRef50_A0A506EYT1, UniRef:UniRef90_A0A506EYT1
contig_1	cds	233853	235661	-	EMFJNN_0252		Zinc-ribbon domain-containing protein	RefSeq:WP_024160893.1, SO:0001217, UniParc:UPI0003B8891C, UniRef:UniRef100_A0A8B5S928, UniRef:UniRef50_A0A335GNL7, UniRef:UniRef90_A0A335GNL7
contig_1	cds	235928	237079	+	EMFJNN_0253	tnp	IS4 family ISAbe18 transposase	GO:0004803, IS:ISAbe18, RefSeq:WP_005176703.1, SO:0001217, UniParc:UPI0002D13CEC, UniRef:UniRef100_A0A2L2J0M3, UniRef:UniRef50_V2UDU2, UniRef:UniRef90_V2UDU2
contig_1	cds	237291	238025	+	EMFJNN_0254		Bax inhibitor-1/YccA family protein	RefSeq:WP_016659546.1, SO:0001217, UniParc:UPI000353BF79, UniRef:UniRef100_A0A6C0Y4W1, UniRef:UniRef50_Q6F806, UniRef:UniRef90_N9KPK7
contig_1	cds	238174	238977	+	EMFJNN_0255	fabI	Enoyl-[acyl-carrier-protein] reductase FabI	COG:COG0623, COG:I, SO:0001217, UniRef:UniRef50_A0A2P5T2P5, UniRef:UniRef90_UPI00260528D2
contig_1	cds	239117	241759	+	EMFJNN_0256	vgrG	Type VI secretion system tip protein VgrG	KEGG:K11904, SO:0001217, UniRef:UniRef50_N9RRI7, UniRef:UniRef90_A0A7H8VBZ4
contig_1	cds	241763	242494	+	EMFJNN_0257		DUF4123 domain-containing protein	RefSeq:WP_168369724.1, SO:0001217, UniParc:UPI00143FDDCD, UniRef:UniRef100_UPI00143FDDCD, UniRef:UniRef50_N9LJ93, UniRef:UniRef90_UPI00143FDDCD
contig_1	cds	242495	245062	+	EMFJNN_0258		T6SS effector BTH_I2691 family protein	SO:0001217, UniRef:UniRef50_N9N2H8, UniRef:UniRef90_UPI00144476B0
contig_1	cds	245079	246170	+	EMFJNN_0259		DUF6708 domain-containing protein	RefSeq:WP_163146131.1, SO:0001217, UniParc:UPI0013B08491, UniRef:UniRef100_A0A6C0Y4M9, UniRef:UniRef50_N9MSJ4, UniRef:UniRef90_A0A6C0Y4M9
contig_1	cds	246404	247273	+	EMFJNN_0260	tnp	IS5 family ISAba12 transposase	GO:0004803, IS:ISAba12, SO:0001217, UniParc:UPI0013B09B56, UniRef:UniRef100_A0A6C0Y5I0, UniRef:UniRef50_N9NAD0, UniRef:UniRef90_N9NAD0
contig_1	cds	247378	247896	+	EMFJNN_0261		Sel1 repeat protein	RefSeq:WP_168381908.1, SO:0001217, UniParc:UPI0014444D8D, UniRef:UniRef100_UPI0014444D8D, UniRef:UniRef50_N8PSI5, UniRef:UniRef90_C0VG00
contig_1	cds	248173	248850	+	EMFJNN_0262		tetratricopeptide repeat protein	SO:0001217, UniRef:UniRef50_A0A380UKQ6, UniRef:UniRef90_UPI00144423CB
contig_1	cds	249111	249440	-	EMFJNN_0263		Internalin	RefSeq:WP_024160894.1, SO:0001217, UniParc:UPI0003B90042, UniRef:UniRef100_A0A8B5S2J4, UniRef:UniRef50_A0A373AXT9, UniRef:UniRef90_A0A373AXT9
contig_1	cds	249683	250144	-	EMFJNN_0264	traD	Conjugal transfer protein TraD	RefSeq:WP_038350047.1, SO:0001217, UniParc:UPI000570CB9C, UniRef:UniRef100_M4UTB3, UniRef:UniRef50_M4UTB3, UniRef:UniRef90_M4UTB3
contig_1	cds	250256	250774	-	EMFJNN_0265		DUF2726 domain-containing protein	RefSeq:WP_005006211.1, SO:0001217, UniParc:UPI00028894AF, UniRef:UniRef100_A0A7S9DPE7, UniRef:UniRef50_A0A7S9DQQ5, UniRef:UniRef90_A0A7S9DQQ5
contig_1	cds	250993	251682	+	EMFJNN_0266		hypothetical protein	RefSeq:WP_005006214.1, SO:0001217, UniParc:UPI000289B84A, UniRef:UniRef100_A0A7S9DPS7, UniRef:UniRef50_A0A5P6FTV0, UniRef:UniRef90_A0A335GFV7
contig_1	cds	252002	252385	+	EMFJNN_0267		hypothetical protein	SO:0001217, UniRef:UniRef50_A0A5P6FTX3, UniRef:UniRef90_A0A5P6FTX3
contig_1	cds	252388	253224	+	EMFJNN_0268		NERD domain-containing protein	RefSeq:WP_068523835.1, SO:0001217, UniParc:UPI0008397731, UniRef:UniRef100_A0A9X5R9J3, UniRef:UniRef50_A0A1T1J2Y9, UniRef:UniRef90_A0A1T1J2Y9
contig_1	cds	253387	253728	-	EMFJNN_0269		(pseudo) Lipoprotein	SO:0001217, UniRef:UniRef50_N8VJ00, UniRef:UniRef90_UPI00209F676B
contig_1	cds	253828	254502	-	EMFJNN_0270	tnp	IS3 family transposase ORF B	GO:0004803, SO:0001217, UniRef:UniRef50_N8TWW6, UniRef:UniRef90_N8TWW6
contig_1	cds	254637	254942	-	EMFJNN_0271	tnp	IS3 family ISAba14 transposase ORF A	IS:ISAba14, SO:0001217, UniParc:UPI000287E553, UniRef:UniRef100_C0VPY6, UniRef:UniRef50_N9RSP5, UniRef:UniRef90_N9Q6P3
contig_1	cds	254996	255193	-	EMFJNN_0272		hypothetical protein	
contig_1	cds	255387	255632	+	EMFJNN_0273	hicA	Toxin HicA	RefSeq:WP_063454489.1, SO:0001217, UniParc:UPI0007B40559, UniRef:UniRef100_A0A7Y2REY3, UniRef:UniRef50_N8RVS8, UniRef:UniRef90_N8RVS8
contig_1	cds	255641	255964	+	EMFJNN_0274	hicB	Antitoxin HicB	RefSeq:WP_063454488.1, SO:0001217, UniParc:UPI0007B4194E, UniRef:UniRef100_A0A7Y2REN5, UniRef:UniRef50_I3UGD7, UniRef:UniRef90_A0A143G953
contig_1	cds	256327	257364	-	EMFJNN_0275		hypothetical protein	RefSeq:WP_042893444.1, SO:0001217, UniParc:UPI000512E0F4, UniRef:UniRef100_A0A8B5S3L1, UniRef:UniRef50_A0A3A8ENE3, UniRef:UniRef90_A0A3A8ENE3
contig_1	cds	257476	259392	+	EMFJNN_0276		hypothetical protein	RefSeq:WP_227555096.1, SO:0001217, UniParc:UPI000AF77524, UniRef:UniRef100_A0A6G5PMS9, UniRef:UniRef50_A0A335GQW6, UniRef:UniRef90_A0A335GQW6
contig_1	cds	259511	260356	+	EMFJNN_0277		DUF4852 domain-containing protein	RefSeq:WP_043041552.1, SO:0001217, UniParc:UPI0005B790FF, UniRef:UniRef100_A0A7S9DQC8, UniRef:UniRef50_A0A2S2F8V4, UniRef:UniRef90_A0A2S2F8V4
contig_1	cds	260471	261043	+	EMFJNN_0278		Signal peptide-containing protein	RefSeq:WP_046127922.1, SO:0001217, UniParc:UPI0006170EBE, UniRef:UniRef100_A0A7S9H9J2, UniRef:UniRef50_A0A7S9H9J2, UniRef:UniRef90_A0A7S9H9J2
contig_1	cds	261052	262002	+	EMFJNN_0279	xerC	Tyrosine recombinase XerC	RefSeq:WP_227541429.1, SO:0001217, UniParc:UPI000B07CDC8, UniRef:UniRef100_A0A6G5PMN1, UniRef:UniRef50_A0A8B5S9V8, UniRef:UniRef90_A0A4Y3JE27
contig_1	cds	262363	262728	+	EMFJNN_0280		hypothetical protein	
contig_1	cds	262773	263315	-	EMFJNN_0281		Tunicamycin resistance protein	RefSeq:WP_000587837.1, SO:0001217, UniParc:UPI00000BFEB6, UniRef:UniRef100_F1CNI2, UniRef:UniRef50_M5JSY0, UniRef:UniRef90_M5JSY0
contig_1	cds	263328	264188	-	EMFJNN_0282	aac(3)-IId	aminoglycoside N-acetyltransferase AAC(3)-IId	BlastRules:WP_063840265, EC:2.3.1.81, GO:0046353, GO:0046677, KEGG:K19275, NCBIProtein:WP_000557454.1, RefSeq:WP_000557454.1, SO:0001217, UniParc:UPI00000BFEB7, UniRef:UniRef100_A7LI78, UniRef:UniRef50_P0A256, UniRef:UniRef90_P0A256
contig_1	cds	264315	265019	+	EMFJNN_0283	tnp	IS6 family IS15DII transposase	COG:COG3316, COG:X, GO:0004803, IS:IS15DII, RefSeq:WP_001067856.1, SO:0001217, UniParc:UPI0000EC9971, UniRef:UniRef100_A0A075MB60, UniRef:UniRef50_C7EZD9, UniRef:UniRef90_A0A6G6AIA9
contig_1	cds	265053	266129	-	EMFJNN_0284		DUF4158 domain-containing protein	RefSeq:WP_001138080.1, SO:0001217, UniParc:UPI00016BF052, UniRef:UniRef100_A0A9X5M4D6, UniRef:UniRef50_A4X0I8, UniRef:UniRef90_A0A2P9EG07
contig_1	cds	266255	266869	+	EMFJNN_0285	spoIVCA	Site-specific DNA recombinase SpoIVCA/DNA invertase PinE	COG:COG1961, COG:L, KEGG:K14060, RefSeq:WP_000904906.1, SO:0001217, UniParc:UPI000050D8FD, UniRef:UniRef100_A0A286K021, UniRef:UniRef50_Q2FCY4, UniRef:UniRef90_Q2FCY4
contig_1	cds	266988	267293	+	EMFJNN_0286	tnp	IS3 family ISAba14 transposase ORF A	IS:ISAba14, SO:0001217, UniParc:UPI000287E553, UniRef:UniRef100_C0VPY6, UniRef:UniRef50_N9RSP5, UniRef:UniRef90_N9Q6P3
contig_1	cds	267428	268102	+	EMFJNN_0287	tnp	IS3 family transposase ORF B	GO:0004803, SO:0001217, UniRef:UniRef50_N8TWW6, UniRef:UniRef90_N8TWW6
contig_1	cds	268220	269023	+	EMFJNN_0288	aph(3'')-Ib	aminoglycoside O-phosphotransferase APH(3'')-Ib	COG:COG3231, COG:J, NCBIProtein:WP_001082319.1, RefSeq:WP_001082319.1, SO:0001217, UniParc:UPI0000061CB6, UniRef:UniRef100_Q8GJ11, UniRef:UniRef50_Q8GJ11, UniRef:UniRef90_Q8GJ11
contig_1	cds	269023	269859	+	EMFJNN_0289	aph(6)-Id	aminoglycoside O-phosphotransferase APH(6)-Id	COG:COG3570, COG:V, NCBIProtein:WP_000480968.1, RefSeq:WP_000480968.1, SO:0001217, UniParc:UPI0000061CB7, UniRef:UniRef100_Q7ATJ6, UniRef:UniRef50_A0A250MFS9, UniRef:UniRef90_Q7ATJ6
contig_1	cds	270007	270285	+	EMFJNN_0290		HTH cro/C1-type domain-containing protein	RefSeq:WP_252727908.1, SO:0001217, UniParc:UPI00209124D6, UniRef:UniRef100_UPI00209124D6, UniRef:UniRef50_S7WW92, UniRef:UniRef90_A0A7H2Y5H0
contig_1	cds	270306	270968	+	EMFJNN_0291		hypothetical protein	RefSeq:WP_227553516.1, SO:0001217, UniParc:UPI000AE8C949, UniRef:UniRef100_A0A7S9H9Q4, UniRef:UniRef50_A0A7S9H9Q4, UniRef:UniRef90_A0A7S9H9Q4
contig_1	cds	271044	271472	-	EMFJNN_0292		hypothetical protein	RefSeq:WP_043041554.1, SO:0001217, UniParc:UPI0005BB0E77, UniRef:UniRef100_A0A7S9DQE6, UniRef:UniRef50_A0A8B5S938, UniRef:UniRef90_A0A8B5S938
contig_1	cds	271662	272195	+	EMFJNN_0293		hypothetical protein	RefSeq:WP_043041555.1, SO:0001217, UniParc:UPI0005B8D97D, UniRef:UniRef100_A0A7S9DQF1, UniRef:UniRef50_A0A7S9DQF1, UniRef:UniRef90_A0A7S9DQF1
contig_1	cds	272234	272908	-	EMFJNN_0294		N-acetylmuramoyl-L-alanine amidase	SO:0001217, UniParc:UPI0010C3C890, UniRef:UniRef100_A0A6G5PMQ6, UniRef:UniRef50_A0A6G5PMQ6, UniRef:UniRef90_A0A6G5PMQ6
contig_1	cds	273034	273465	+	EMFJNN_0295		hypothetical protein	
contig_1	cds	274061	274990	+	EMFJNN_0296		Site-specific integrase	SO:0001217, UniRef:UniRef50_A0A4Y3JEH8, UniRef:UniRef90_A0A7S9DQG7
contig_1	cds	275041	275610	+	EMFJNN_0297	tnp	IS4 family ISAba1 transposase	GO:0004803, IS:ISAba1, SO:0001217, UniRef:UniRef50_N8UBQ0, UniRef:UniRef90_N9KEX5
contig_1	cds	275697	276131	+	EMFJNN_0298	tnp	IS4 family transposase	SO:0001217, UniParc:UPI0002CE0261, UniRef:UniRef100_N9DBX8, UniRef:UniRef50_N9KET0, UniRef:UniRef90_N9NVS6
contig_1	cds	276276	277088	-	EMFJNN_0299	tnp	IS3 family transposase ORF B	GO:0004803, SO:0001217, UniRef:UniRef50_V2TZB8, UniRef:UniRef90_V2TZB8
contig_1	cds	277085	277351	-	EMFJNN_0300	tnp	IS3 family ISAca1 transposase ORF A	IS:ISAca1, SO:0001217, UniParc:UPI000289A4E7, UniRef:UniRef100_A0A7S9DQH8, UniRef:UniRef50_N8XAJ3, UniRef:UniRef90_N8XAJ3
contig_1	cds	277418	277585	-	EMFJNN_0301		Integrase catalytic domain-containing protein	SO:0001217, UniParc:UPI0002890124, UniRef:UniRef100_A0A7S9DQG8, UniRef:UniRef50_V2TXX5, UniRef:UniRef90_V2TXX5
contig_1	cds	277632	277811	-	EMFJNN_0302		HTH merR-type domain-containing protein	KEGG:K19057, SO:0001217, UniParc:UPI000287AA7E, UniRef:UniRef100_A0A7S9H9L1, UniRef:UniRef50_A0A7S9H9L1, UniRef:UniRef90_A0A7S9H9L1
contig_1	cds	277808	278446	-	EMFJNN_0303	merB	organomercurial lyase MerB	GO:0018942, NCBIProtein:CAC86907.1, RefSeq:WP_005028440.1, SO:0001217, UniParc:UPI000289BBA0, UniRef:UniRef100_A0A7S9H9K0, UniRef:UniRef50_Q8G9P0, UniRef:UniRef90_A0A7S9H9K0
contig_1	cds	278527	279180	-	EMFJNN_0304	merG	phenylmercury resistance protein MerG	GO:0005515, NCBIProtein:BAA23166.1, RefSeq:WP_005028438.1, SO:0001217, UniParc:UPI00028999CB, UniRef:UniRef100_A0A7S9H9F6, UniRef:UniRef50_A0A0T5XI91, UniRef:UniRef90_A0A0T5XI91
contig_1	cds	279216	280925	-	EMFJNN_0305	merA	mercury(II) reductase	EC:1.16.1.1, GO:0016152, KEGG:K00520, NCBIProtein:BAA20337.1, RefSeq:WP_005028435.1, SO:0001217, UniParc:UPI0002CE5C33, UniRef:UniRef100_A0A7S9H9S3, UniRef:UniRef50_P00392, UniRef:UniRef90_A0A2H4TKI7
contig_1	cds	281112	281390	-	EMFJNN_0306	merP	mercury resistance system periplasmic binding protein MerP	GO:0045340, NCBIFam:TIGR02052.1, RefSeq:WP_005028432.1, SO:0001217, UniParc:UPI0002899310, UniRef:UniRef100_A0A7S9DQN5, UniRef:UniRef50_Q51770, UniRef:UniRef90_A0A948MZQ6
contig_1	cds	281404	281754	-	EMFJNN_0307	merT	mercuric ion transporter MerT	RefSeq:WP_005028429.1, SO:0001217, UniParc:UPI0002896C33, UniRef:UniRef100_A0A7S9DQI6, UniRef:UniRef50_P13112, UniRef:UniRef90_A0A739TIF8
contig_1	cds	282561	283142	+	EMFJNN_0308		Glutathione amide reductase	SO:0001217, UniParc:UPI000289C13E, UniRef:UniRef100_A0A7S9DQI7, UniRef:UniRef50_A0A7S9DQI7, UniRef:UniRef90_A0A7S9DQI7
contig_1	cds	283351	283806	-	EMFJNN_0309	merR	mercury resistance transcriptional regulator MerR	COG:COG0789, COG:K, GO:0001228, NCBIProtein:CAA77320.1, RefSeq:WP_001166626.1, SO:0001217, UniParc:UPI00000B3EE5, UniRef:UniRef100_Q99093, UniRef:UniRef50_P0A183, UniRef:UniRef90_A0A3G8EVB7
contig_1	cds	283907	284545	+	EMFJNN_0310	merB	organomercurial lyase MerB	EC:4.99.1.2, GO:0018836, GO:0018942, GO:0046413, GO:0046689, NCBIProtein:AAA88369.1, RefSeq:WP_000761850.1, SO:0001217, UniParc:UPI00000AEC0C, UniRef:UniRef100_P62225, UniRef:UniRef50_Q8G9P0, UniRef:UniRef90_P77072
contig_1	cds	284657	285022	+	EMFJNN_0311	merD	mercury resistance co-regulator MerD	GO:0003677, GO:0003700, GO:0006355, GO:0045892, GO:0046689, NCBIProtein:AAA88370.1, RefSeq:WP_010591789.1, SO:0001217, UniParc:UPI000288A0DA, UniRef:UniRef100_N9FBP7, UniRef:UniRef50_P08654, UniRef:UniRef90_Q52110
contig_1	cds	285019	285255	+	EMFJNN_0312	merE	broad-spectrum mercury transporter MerE	NCBIProtein:AAC38236.1, RefSeq:WP_001087807.1, SO:0001217, UniParc:UPI00000BF102, UniRef:UniRef100_Q799T8, UniRef:UniRef50_Q935L2, UniRef:UniRef90_Q935L2
contig_1	sorf	285239	285322	-	EMFJNN_0313		Mercury resistance protein	SO:0001217, UniParc:UPI0006ACD414, UniRef:UniRef100_A0A777BNN3, UniRef:UniRef50_I9DNQ4, UniRef:UniRef90_I9DNQ4
contig_1	cds	285321	285533	+	EMFJNN_0314		DUF3330 domain-containing protein	RefSeq:WP_000993245.1, SO:0001217, UniParc:UPI00000BF625, UniRef:UniRef100_Q799T6, UniRef:UniRef50_Q799T6, UniRef:UniRef90_Q799T6
contig_1	cds	285950	286654	+	EMFJNN_0315	tnp	IS6 family ISAba52 transposase	GO:0004803, IS:ISAba52, RefSeq:WP_005028420.1, SO:0001217, UniParc:UPI0002D0CC92, UniRef:UniRef100_A0A7S9DQI8, UniRef:UniRef50_C7EZD9, UniRef:UniRef90_V2VH75
contig_1	cds	286690	287013	-	EMFJNN_0316		Toxin-antitoxin system, antitoxin component	SO:0001217, UniRef:UniRef50_V2U998, UniRef:UniRef90_N8XCZ8
contig_1	cds	287000	287287	-	EMFJNN_0317	brnT	BrnT family toxin	RefSeq:WP_005006312.1, SO:0001217, UniParc:UPI0002CFA1E5, UniRef:UniRef100_N9BX77, UniRef:UniRef50_V2TTD7, UniRef:UniRef90_V2TTD7
contig_1	cds	287549	288427	-	EMFJNN_0318		HTH lysR-type domain-containing protein	SO:0001217, UniRef:UniRef50_S3P3E2, UniRef:UniRef90_N9TT12
contig_1	cds	288541	288972	+	EMFJNN_0319	fosB	Fosfomycin resistance protein FosB	SO:0001217, UniRef:UniRef50_N2J627, UniRef:UniRef90_A0A380U883
contig_1	cds	289010	289603	+	EMFJNN_0320		Glutathione S-transferase	SO:0001217, UniRef:UniRef50_A0A380U9I1, UniRef:UniRef90_A0A380U9I1
contig_1	cds	289821	290399	-	EMFJNN_0321		Resolvase/invertase-type recombinase catalytic domain-containing protein	SO:0001217, UniRef:UniRef50_P06691, UniRef:UniRef90_N8TRF9
contig_1	cds	290457	291161	+	EMFJNN_0322	tnp	IS6 family IS1006 transposase	GO:0004803, IS:IS1006, RefSeq:WP_001067784.1, SO:0001217, UniParc:UPI00000BF61C, UniRef:UniRef100_A0A154CA22, UniRef:UniRef50_C7EZD9, UniRef:UniRef90_V2VH75
contig_1	cds	291253	291708	+	EMFJNN_0323		IS6 family transposase	GO:0004803, SO:0001217, UniRef:UniRef50_A0A0E2G7D5, UniRef:UniRef90_A0A558ERP6
contig_1	cds	291748	292059	+	EMFJNN_0324		ATP-binding protein	RefSeq:WP_228719672.1, SO:0001217, UniParc:UPI000B10273F, UniRef:UniRef100_UPI000B10273F, UniRef:UniRef50_A0A1Y3D5E4, UniRef:UniRef90_UPI0021E2A294
contig_1	cds	292162	293676	-	EMFJNN_0325		MFS transporter	SO:0001217, UniRef:UniRef50_A0A0S2EVE6, UniRef:UniRef90_A0A7L9E3X8
contig_1	cds	293905	295302	-	EMFJNN_0326		AdeC/AdeK/OprM family multidrug efflux complex outer membrane factor	RefSeq:WP_033917515.1, SO:0001217, UniParc:UPI00053BE8BF, UniRef:UniRef100_A0A8B5S4P3, UniRef:UniRef50_N8P240, UniRef:UniRef90_A0A8B5S4P3
contig_1	cds	295382	298495	-	EMFJNN_0327		Efflux pump membrane transporter	SO:0001217, UniRef:UniRef50_W9BHF5, UniRef:UniRef90_A0A8B5RXT7
contig_1	cds	298492	299679	-	EMFJNN_0328		Membrane protein	SO:0001217, UniRef:UniRef50_N8YBW6, UniRef:UniRef90_A0A4Y3JCS8
contig_1	cds	299818	300549	+	EMFJNN_0329	adeR	efflux system response regulator transcription factor AdeR	SO:0001217, UniRef:UniRef50_A0A068JDD5, UniRef:UniRef90_A0A8B5S4I2
contig_1	cds	300539	301276	+	EMFJNN_0330		HAMP domain-containing protein	SO:0001217, UniRef:UniRef50_UPI0001E2B023, UniRef:UniRef90_UPI0005B50F3F
contig_1	cds	301302	301619	+	EMFJNN_0331		hypothetical protein	PFAM:PF02518.30
contig_1	cds	301632	302069	-	EMFJNN_0332		IS30 family transposase	GO:0004803, SO:0001217, UniRef:UniRef50_N9MBZ3, UniRef:UniRef90_N9MBZ3
contig_1	cds	302245	303849	-	EMFJNN_0333	tnp	IS66 family transposase	GO:0004803, SO:0001217, UniRef:UniRef50_V2VJ18, UniRef:UniRef90_V2UJW6
contig_1	cds	303924	304259	-	EMFJNN_0334	tnpB	IS66 family insertion sequence element accessory protein TnpB	RefSeq:WP_159373125.1, SO:0001217, UniParc:UPI000EB72115, UniRef:UniRef100_A0A8F8MSW4, UniRef:UniRef50_V2VJ27, UniRef:UniRef90_V2U306
contig_1	cds	304256	304639	-	EMFJNN_0335		Transposase	RefSeq:WP_004762545.1, SO:0001217, UniParc:UPI0002D110D8, UniRef:UniRef100_N9N480, UniRef:UniRef50_N8ZHR9, UniRef:UniRef90_N8RSN2
contig_1	cds	305105	305809	-	EMFJNN_0336	tnp	IS6 family IS1006 transposase	GO:0004803, IS:IS1006, RefSeq:WP_001067784.1, SO:0001217, UniParc:UPI00000BF61C, UniRef:UniRef100_A0A154CA22, UniRef:UniRef50_C7EZD9, UniRef:UniRef90_V2VH75
contig_1	cds	306048	307061	+	EMFJNN_0337		Nucleotidyltransferase	RefSeq:WP_005006358.1, SO:0001217, UniParc:UPI000287F5DC, UniRef:UniRef100_A0A7S9DRG1, UniRef:UniRef50_S3N1I1, UniRef:UniRef90_A0A031LHL7
contig_1	cds	307071	308729	+	EMFJNN_0338		THIF-type NAD/FAD binding fold domain-containing protein	RefSeq:WP_005006360.1, SO:0001217, UniParc:UPI0002CF0933, UniRef:UniRef100_A0A7S9DQJ6, UniRef:UniRef50_S3NI00, UniRef:UniRef90_A0A5P6FUH1
contig_1	cds	308714	309214	+	EMFJNN_0339		Prokaryotic JAB domain-like protein	RefSeq:WP_005006362.1, SO:0001217, UniParc:UPI000288B590, UniRef:UniRef100_A0A2W5BS26, UniRef:UniRef50_A0A333WDC8, UniRef:UniRef90_A0A031LJG6
contig_1	cds	309217	310842	+	EMFJNN_0340		SMODS-associated and fused to various effectors domain-containing protein	SO:0001217, UniRef:UniRef50_S3N2L8, UniRef:UniRef90_A0A031LII4
contig_1	cds	311342	311641	+	EMFJNN_0341	tnp	IS3 family ISAba22 transposase ORF A	IS:ISAba22, RefSeq:WP_000037487.1, SO:0001217, UniParc:UPI0001B8F53B, UniRef:UniRef100_A0A7S9DPZ3, UniRef:UniRef90_R9AQE3
contig_1	cds	311653	312507	+	EMFJNN_0342	tnp	IS3 family ISAba22 transposase ORF B	GO:0004803, IS:ISAba22, SO:0001217, UniParc:UPI0002CF58EB, UniRef:UniRef100_A0A8I1DKZ2, UniRef:UniRef50_A0A4S1DDB8, UniRef:UniRef90_A0A3S9AGS1
contig_1	cds	312774	313256	+	EMFJNN_0343		IS5 family transposase	GO:0004803, SO:0001217, UniRef:UniRef50_N8WBJ3, UniRef:UniRef90_A0A150HNG4
contig_1	cds	313334	313762	+	EMFJNN_0344		Transposase	RefSeq:WP_004783683.1, SO:0001217, UniParc:UPI0002CD6EE0, UniRef:UniRef100_A0A3S9AYW3, UniRef:UniRef50_N8XV23, UniRef:UniRef90_A0A3S9AYW3
contig_1	cds	313759	314094	+	EMFJNN_0345	tnpB	IS66 family insertion sequence element accessory protein TnpB	RefSeq:WP_000618091.1, SO:0001217, UniParc:UPI0001BB9496, UniRef:UniRef100_G9HZ25, UniRef:UniRef50_V2VJ27, UniRef:UniRef90_V2U306
contig_1	cds	314169	315815	+	EMFJNN_0346	tnp	IS66 family ISAba16 transposase	GO:0004803, IS:ISAba16, SO:0001217, UniRef:UniRef50_V2VJ18, UniRef:UniRef90_V2UJW6
contig_1	cds	316262	316339	-	EMFJNN_0347		(5' truncated) hypothetical protein	
