# Annotated with Bakta
# Software: v1.10.3
# Database: v5.1, full
# DOI: 10.1099/mgen.0.000685
# URL: github.com/oschwengers/bakta
#Sequence Id	Type	Start	Stop	Strand	Locus Tag	Gene	Product	DbXrefs
contig_1	cds	3	623	-	ONFCNM_001		(3' truncated) hypothetical protein	PFAM:PF01051.25, PFAM:PF21205.1
contig_1	oriV	624	1593	?			origin of replication	
contig_1	cds	1594	2040	+	ONFCNM_002		Acetyltransferase	RefSeq:WP_004781211.1, SO:0001217, UniParc:UPI0002CF1783, UniRef:UniRef100_A0A7D5BHL6, UniRef:UniRef50_V2TP06, UniRef:UniRef90_A0A1E3GME3
contig_1	cds	2178	2471	+	ONFCNM_003		RelB/DinJ family addiction module antitoxin	RefSeq:WP_004781213.1, SO:0001217, UniParc:UPI0002CF9E86, UniRef:UniRef100_A0A9Q1WBZ7, UniRef:UniRef50_N9CN58, UniRef:UniRef90_N9CN58
contig_1	cds	2464	2745	+	ONFCNM_004		RelE/StbE family addiction module toxin	RefSeq:WP_001129137.1, SO:0001217, UniParc:UPI000165F72D, UniRef:UniRef100_A0A6H3SKW1, UniRef:UniRef50_A0A381EEI6, UniRef:UniRef90_N9QF31
contig_1	cds	2857	3354	-	ONFCNM_005		Mobilization protein	RefSeq:WP_024437508.1, SO:0001217, UniParc:UPI0003DF1168, UniRef:UniRef100_A0A9Q1WBM0, UniRef:UniRef50_N9TKX5, UniRef:UniRef90_N8ZPR6
contig_1	cds	3351	4322	-	ONFCNM_006	mobQ	MobQ family relaxase	RefSeq:WP_031974862.1, SO:0001217, UniParc:UPI0003DF33BC, UniRef:UniRef100_A0A9Q1WBX3, UniRef:UniRef50_N8ZVK1, UniRef:UniRef90_N8ZVK1
contig_1	cds	4326	4502	-	ONFCNM_007		hypothetical protein	SO:0001217, UniRef:UniRef50_UPI0026F23C02, UniRef:UniRef90_UPI0026F23C02
contig_1	cds	4704	4973	+	ONFCNM_008		Mobilization protein	RefSeq:WP_004282235.1, SO:0001217, UniParc:UPI0001BBABB8, UniRef:UniRef100_A0A0A8TUL3, UniRef:UniRef50_V2TFZ2, UniRef:UniRef90_N9TLQ1
contig_1	cds	4963	5280	-	ONFCNM_009		(5' truncated) hypothetical protein	
