# Annotated with Bakta
# Software: v1.11.0
# Database: v6.0, full
# DOI: 10.1099/mgen.0.000685
# URL: github.com/oschwengers/bakta
#Sequence Id	Type	Start	Stop	Strand	Locus Tag	Gene	Product	DbXrefs
contig_1	cds	2	625	+	ECKHAI_0001		(5' truncated) hypothetical protein	
contig_1	cds	647	1504	+	ECKHAI_0002		hypothetical protein	RefSeq:WP_000765384.1, SO:0001217, UniParc:UPI0001785CE9, UniRef:UniRef100_A0AAD1VF48, UniRef:UniRef50_A0A090B7Z2, UniRef:UniRef90_A0A090B7Z2
contig_1	cds	1514	2482	+	ECKHAI_0003		hypothetical protein	RefSeq:WP_000444265.1, SO:0001217, UniParc:UPI0001785CE8, UniRef:UniRef100_A0AAD1VGA2, UniRef:UniRef50_A0A090BAM4, UniRef:UniRef90_A0A090BAM4
contig_1	cds	2475	3083	+	ECKHAI_0004		hypothetical protein	RefSeq:WP_001085265.1, SO:0001217, UniParc:UPI0002B99711, UniRef:UniRef100_A0AAD1VF98, UniRef:UniRef50_A0A090BG97, UniRef:UniRef90_A0A090BG97
contig_1	cds	3100	3747	+	ECKHAI_0005		hypothetical protein	RefSeq:WP_001177225.1, SO:0001217, UniParc:UPI0002895242, UniRef:UniRef100_A0AAD1VG07, UniRef:UniRef50_A0A090C2M1, UniRef:UniRef90_A0A090C2M1
contig_1	cds	3882	4766	+	ECKHAI_0006	parA	ParA partition protein	COG:COG1192, COG:DN, RefSeq:WP_000998563.1, SO:0001217, UniParc:UPI0001785CE5, UniRef:UniRef100_A0AAD1QLQ0, UniRef:UniRef50_A0A090BEI1, UniRef:UniRef90_A0AAD1QLQ0
contig_1	cds	4770	5651	+	ECKHAI_0007	parB	Chromosome partitioning protein ParB	COG:COG1475, COG:D, KEGG:K03497, RefSeq:WP_000096589.1, SO:0001217, UniParc:UPI0001785CE4, UniRef:UniRef100_A0AAD1QM43, UniRef:UniRef50_A0A090B7Z7, UniRef:UniRef90_A0A090B7Z7
contig_1	cds	5628	5726	-	ECKHAI_0008		hypothetical protein	
contig_1	cds	5707	6702	-	ECKHAI_0009		Abi-like protein	RefSeq:WP_001279078.1, SO:0001217, UniParc:UPI0001785CE3, UniRef:UniRef100_A0AAD1QMJ1, UniRef:UniRef50_A0AAD1QMJ1, UniRef:UniRef90_A0AAD1QMJ1
contig_1	cds	6927	8204	-	ECKHAI_0010	umuC	DNA polymerase V subunit UmuC	COG:COG0389, COG:L, KEGG:K03502, SO:0001217, UniRef:UniRef50_A0A4Y3J8X8, UniRef:UniRef90_A0A090BAM9
contig_1	cds	8201	8704	-	ECKHAI_0011	umuD	DNA polymerase V subunit UmuD	COG:COG1974, COG:KT, EC:3.4.21.-, KEGG:K03503, RefSeq:WP_001082459.1, SO:0001217, UniParc:UPI0000F2F526, UniRef:UniRef100_A0AAD1QMR3, UniRef:UniRef50_A0AAD1QMR3, UniRef:UniRef90_A0AAD1QMR3
contig_1	cds	8986	10644	-	ECKHAI_0012		Large polyvalent protein-associated domain-containing protein	RefSeq:WP_031967041.1, SO:0001217, UniParc:UPI0004616094, UniRef:UniRef100_A0A1E3M5H5, UniRef:UniRef50_A0A1E3M5H5, UniRef:UniRef90_A0A1E3M5H5
contig_1	cds	10668	10928	-	ECKHAI_0013		hypothetical protein	RefSeq:WP_046882707.1, SO:0001217, UniParc:UPI00015A2577, UniRef:UniRef100_A0A1E3M5K8, UniRef:UniRef50_A0A1E3M5K8, UniRef:UniRef90_A0A1E3M5K8
contig_1	cds	10939	11334	-	ECKHAI_0014		hypothetical protein	RefSeq:WP_000734955.1, SO:0001217, UniParc:UPI000289BE76, UniRef:UniRef100_A0AAD1QML6, UniRef:UniRef50_A0A090BGA7, UniRef:UniRef90_A0A090BGA7
contig_1	cds	11348	11689	-	ECKHAI_0015		hypothetical protein	RefSeq:WP_000956387.1, SO:0001217, UniParc:UPI00026E1E29, UniRef:UniRef100_A0AAD1QNF9, UniRef:UniRef50_A0AAD1QNF9, UniRef:UniRef90_A0AAD1QNF9
contig_1	cds	11704	13581	-	ECKHAI_0016	nlpD	Metalloprotease	COG:COG0739, COG:M, RefSeq:WP_011858401.1, SO:0001217, UniParc:UPI0000F2F524, UniRef:UniRef100_A0A7H2T5Z6, UniRef:UniRef50_A0AAD1QMG6, UniRef:UniRef90_A0AAD1QMG6
contig_1	cds	13812	14171	+	ECKHAI_0017		hypothetical protein	RefSeq:WP_000069169.1, SO:0001217, UniParc:UPI0002894BF3, UniRef:UniRef100_A0AAD1QLC9, UniRef:UniRef50_A0A090B806, UniRef:UniRef90_A0AAD1QLC9
contig_1	cds	14223	16877	-	ECKHAI_0018		DotA/TraY family protein	RefSeq:WP_000021505.1, SO:0001217, UniParc:UPI0001785CBC, UniRef:UniRef100_A0AAD1VCP0, UniRef:UniRef50_A0AAN9PGQ7, UniRef:UniRef90_A0A0J8TMW8
contig_1	cds	17211	17780	+	ECKHAI_0019		hypothetical protein	RefSeq:WP_000287492.1, SO:0001217, UniParc:UPI0001785CBB, UniRef:UniRef100_A0AAD1VF44, UniRef:UniRef50_A0A090BGB1, UniRef:UniRef90_A0A090BGB1
contig_1	cds	17822	18319	+	ECKHAI_0020		hypothetical protein	RefSeq:WP_000834372.1, SO:0001217, UniParc:UPI00015A2575, UniRef:UniRef100_A0A090C2M4, UniRef:UniRef50_A0A090C2M4, UniRef:UniRef90_A0A090C2M4
contig_1	cds	18323	19816	-	ECKHAI_0021		hypothetical protein	RefSeq:WP_001217962.1, SO:0001217, UniParc:UPI0001785CBA, UniRef:UniRef100_A0A1E3M5I7, UniRef:UniRef50_A0A0M3FWQ2, UniRef:UniRef90_A0A0M3FWQ2
contig_1	cds	19847	20338	-	ECKHAI_0022		hypothetical protein	RefSeq:WP_000749453.1, SO:0001217, UniParc:UPI000287ECAC, UniRef:UniRef100_A0A1E3M7B0, UniRef:UniRef50_A0A0J8THG1, UniRef:UniRef90_A0A0J8THG1
contig_1	cds	20445	20987	-	ECKHAI_0023		hypothetical protein	RefSeq:WP_000236940.1, SO:0001217, UniParc:UPI0002BA0F9F, UniRef:UniRef100_A0AAD1QM31, UniRef:UniRef50_A0A090BAP7, UniRef:UniRef90_A0A090BAP7
contig_1	cds	20981	21634	-	ECKHAI_0024		Neck protein	RefSeq:WP_000994247.1, SO:0001217, UniParc:UPI0001785CB9, UniRef:UniRef100_A0AAD1QNC8, UniRef:UniRef50_A0AAD1QNC8, UniRef:UniRef90_A0AAD1QNC8
contig_1	cds	21688	22089	-	ECKHAI_0025		hypothetical protein	RefSeq:WP_000773909.1, SO:0001217, UniParc:UPI00026E1EA8, UniRef:UniRef100_A0AAD1QN37, UniRef:UniRef50_A0AAD1QN37, UniRef:UniRef90_A0AAD1QN37
contig_1	cds	22089	25823	-	ECKHAI_0026		Large polyvalent protein-associated domain-containing protein	RefSeq:WP_000871696.1, SO:0001217, UniParc:UPI0001785CB8, UniRef:UniRef100_A0A1E3M5I4, UniRef:UniRef50_A0AAD1QMT4, UniRef:UniRef90_A0AAD1QMT4
contig_1	cds	25947	27080	-	ECKHAI_0027	traW	TraW	RefSeq:WP_000730797.1, SO:0001217, UniParc:UPI0001785CB7, UniRef:UniRef100_A0AAD1QLS6, UniRef:UniRef50_A0AA46SAR3, UniRef:UniRef90_A0AAQ1AB60
contig_1	cds	27083	28210	-	ECKHAI_0028		hypothetical protein	RefSeq:WP_000875973.1, SO:0001217, UniParc:UPI0001785CB6, UniRef:UniRef100_A0AAD1QNA5, UniRef:UniRef50_A0AA46S8Q8, UniRef:UniRef90_A0AAD1QNA5
contig_1	cds	28211	28972	-	ECKHAI_0029		hypothetical protein	RefSeq:WP_002011515.1, SO:0001217, UniParc:UPI00026E1D16, UniRef:UniRef100_A0A1E3M5Q4, UniRef:UniRef50_A0A0N9NAP9, UniRef:UniRef90_A0A0N9NAP9
contig_1	cds	28980	30026	-	ECKHAI_0030		hypothetical protein	RefSeq:WP_002011578.1, SO:0001217, UniParc:UPI0001785CB4, UniRef:UniRef100_A0AAD1QM73, UniRef:UniRef50_A0AA46S8H7, UniRef:UniRef90_A0AAD1QM73
contig_1	cds	30044	30694	-	ECKHAI_0031		CID domain-containing protein	RefSeq:WP_001028139.1, SO:0001217, UniParc:UPI0001785CB3, UniRef:UniRef100_A0AAD1QMY6, UniRef:UniRef50_A0AAJ0QWD5, UniRef:UniRef90_A0AAJ0QWD5
contig_1	cds	30691	31086	-	ECKHAI_0032		hypothetical protein	RefSeq:WP_001057369.1, SO:0001217, UniParc:UPI0002BAC284, UniRef:UniRef100_A0AAD1VCP6, UniRef:UniRef50_A0A0J8THF0, UniRef:UniRef90_A0A0J8THF0
contig_1	cds	31111	33162	-	ECKHAI_0033		DNA repair protein	RefSeq:WP_002025326.1, SO:0001217, UniParc:UPI0001785CB2, UniRef:UniRef100_A0AAD1VGG2, UniRef:UniRef50_A0AAD1VGG2, UniRef:UniRef90_A0AAD1VGG2
contig_1	cds	33176	39136	-	ECKHAI_0034	hsdM	Helicase	COG:COG0286, COG:V, KEGG:K26273, RefSeq:WP_002025325.1, SO:0001217, UniParc:UPI0002BA8AA4, UniRef:UniRef100_A0AAD1VF38, UniRef:UniRef50_A0A090BAR0, UniRef:UniRef90_A0A090BAR0
contig_1	cds	39151	40527	-	ECKHAI_0035		hypothetical protein	RefSeq:WP_000594605.1, SO:0001217, UniParc:UPI0001785C8E, UniRef:UniRef100_A0AAD1QND6, UniRef:UniRef50_A0A090BGC4, UniRef:UniRef90_A0A090BGC4
contig_1	cds	40624	40743	+	ECKHAI_0036		hypothetical protein	SO:0001217, UniParc:UPI000819A03A, UniRef:UniRef100_A0AAD1QN23, UniRef:UniRef50_A0AAJ0VNC1, UniRef:UniRef90_A0AAD1QN23
contig_1	cds	41306	41971	+	ECKHAI_0037		hypothetical protein	RefSeq:WP_000182800.1, SO:0001217, UniParc:UPI000288288C, UniRef:UniRef100_A0AAD1QNB8, UniRef:UniRef50_A0A0J8THE2, UniRef:UniRef90_A0A0J8THE2
contig_1	cds	42127	43851	+	ECKHAI_0038		hypothetical protein	RefSeq:WP_001102765.1, SO:0001217, UniParc:UPI0001785C8C, UniRef:UniRef100_A0AAD1QM22, UniRef:UniRef50_A0AAD1QM22, UniRef:UniRef90_A0AAD1QM22
contig_1	cds	43893	44231	+	ECKHAI_0039	tetR1	TetR1	COG:B, COG:COG2916, RefSeq:WP_000975113.1, SO:0001217, UniParc:UPI0002B93F71, UniRef:UniRef100_A0AAD1QMH1, UniRef:UniRef50_A0A090BAR7, UniRef:UniRef90_A0A090BAR7
contig_1	cds	44325	44624	-	ECKHAI_0040		hypothetical protein	RefSeq:WP_000993275.1, SO:0001217, UniParc:UPI00015A2704, UniRef:UniRef100_A0AAD1QN30, UniRef:UniRef50_A0AAD1QN30, UniRef:UniRef90_A0AAD1QN30
contig_1	cds	44755	45546	-	ECKHAI_0041		IS5 family transposase	GO:0004803, SO:0001217, UniRef:UniRef50_N9NAD0, UniRef:UniRef90_UPI00280CD40D
contig_1	cds	45606	45797	-	ECKHAI_0042		Lipoprotein	RefSeq:WP_000712916.1, SO:0001217, UniParc:UPI0002BB5399, UniRef:UniRef100_A0AAD1QLT2, UniRef:UniRef50_A0AAD1QLT2, UniRef:UniRef90_A0AAD1QLT2
contig_1	cds	46712	47125	+	ECKHAI_0043		hypothetical protein	RefSeq:WP_000700024.1, SO:0001217, UniParc:UPI0002887161, UniRef:UniRef100_A0AAD1QLD1, UniRef:UniRef50_N9AHX6, UniRef:UniRef90_A0A090BAS9
contig_1	cds	47377	48246	+	ECKHAI_0044	tnp	IS5 family ISAba12 transposase	GO:0004803, SO:0001217, UniParc:UPI0002CFE0BB, UniRef:UniRef100_A0A2S2F8Q3, UniRef:UniRef50_N9NAD0, UniRef:UniRef90_N9NAD0
contig_1	cds	48249	49628	+	ECKHAI_0045		HNH endonuclease 5 domain-containing protein	RefSeq:WP_117345911.1, SO:0001217, UniParc:UPI000B7BC04E, UniRef:UniRef100_UPI000B7BC04E, UniRef:UniRef50_A0AAD1QMK1, UniRef:UniRef90_A0AAD1QMK1
contig_1	cds	49693	50484	-	ECKHAI_0046		hypothetical protein	RefSeq:WP_000064102.1, SO:0001217, UniParc:UPI0001785C88, UniRef:UniRef100_A0AAD1QN82, UniRef:UniRef50_A0A090BEN7, UniRef:UniRef90_A0AAD1QN82
contig_1	cds	50720	51217	-	ECKHAI_0047		hypothetical protein	RefSeq:WP_000742271.1, SO:0001217, UniParc:UPI0002BC1636, UniRef:UniRef100_A0AAD1QMX9, UniRef:UniRef50_A0AAJ0VNN3, UniRef:UniRef90_A0AAJ0VNN3
contig_1	cds	51214	51783	-	ECKHAI_0048	acrR	HTH-type transcriptional repressor NemR	COG:COG1309, COG:K, RefSeq:WP_000182208.1, SO:0001217, UniParc:UPI0001785C87, UniRef:UniRef100_A0AAD1VCQ7, UniRef:UniRef50_A0A090BGE8, UniRef:UniRef90_A0A090BGE8
contig_1	cds	51836	52177	-	ECKHAI_0049		hypothetical protein	RefSeq:WP_000627641.1, SO:0001217, UniParc:UPI000287E5CD, UniRef:UniRef100_A0AAD1VFV6, UniRef:UniRef50_A0AAD1VFV6, UniRef:UniRef90_A0AAD1VFV6
contig_1	cds	52295	52780	-	ECKHAI_0050		DUF6283 domain-containing protein	RefSeq:WP_000235140.1, SO:0001217, UniParc:UPI0001785C86, UniRef:UniRef100_A0AAD1VF33, UniRef:UniRef50_A0A0N9NJ40, UniRef:UniRef90_A0A0N9NJ40
contig_1	cds	52782	53678	-	ECKHAI_0051		DUF6685 domain-containing protein	RefSeq:WP_000567442.1, SO:0001217, UniParc:UPI000288EE90, UniRef:UniRef100_A0AAD1VG89, UniRef:UniRef50_A0A090BAU1, UniRef:UniRef90_A0A090BAU1
contig_1	cds	53827	54153	-	ECKHAI_0052		Holin	RefSeq:WP_001061020.1, SO:0001217, UniParc:UPI000288E205, UniRef:UniRef100_A0AAD1QN41, UniRef:UniRef50_A0AAD1QN41, UniRef:UniRef90_A0AAD1QN41
contig_1	cds	54177	54734	-	ECKHAI_0053	acrR	TetR family transcriptional regulator	COG:COG1309, COG:K, RefSeq:WP_000169855.1, SO:0001217, UniParc:UPI000288002C, UniRef:UniRef100_A0A7H2V275, UniRef:UniRef50_A0A2S9I3G2, UniRef:UniRef90_A0A2S9I3G2
contig_1	cds	54752	55036	-	ECKHAI_0054		hypothetical protein	RefSeq:WP_001257461.1, SO:0001217, UniParc:UPI00026E1CF8, UniRef:UniRef100_A0AAD1QM12, UniRef:UniRef50_A0AAD1QM12, UniRef:UniRef90_A0AAD1QM12
contig_1	cds	55193	55987	+	ECKHAI_0055	bepA	Peptidase	COG:COG4783, COG:MO, RefSeq:WP_000608397.1, SO:0001217, UniParc:UPI0001785C83, UniRef:UniRef100_A0AAD1QM16, UniRef:UniRef50_A0AAD1QM16, UniRef:UniRef90_A0AAD1QM16
contig_1	cds	56149	58263	+	ECKHAI_0056		ATP-binding protein	RefSeq:WP_000204892.1, SO:0001217, UniParc:UPI0001785C82, UniRef:UniRef100_A0AAD1QN21, UniRef:UniRef50_A0A090BGG1, UniRef:UniRef90_A0A090BGG1
contig_1	cds	58267	58605	+	ECKHAI_0057		hypothetical protein	RefSeq:WP_000745050.1, SO:0001217, UniParc:UPI00028A079C, UniRef:UniRef100_A0AAD1QMR0, UniRef:UniRef50_A0A090C2N3, UniRef:UniRef90_A0AAD1QMR0
contig_1	cds	58795	59247	+	ECKHAI_0058		Endonuclease	SO:0001217, UniParc:UPI0000F2F4BA, UniRef:UniRef100_A0A1V3DDX6, UniRef:UniRef50_A0A1V3DDX6, UniRef:UniRef90_A0A1V3DDX6
contig_1	cds	59238	60212	-	ECKHAI_0059	tnp	IS701 family ISAba11 transposase	IS:ISAba11, SO:0001217, UniParc:UPI000287FC3A, UniRef:UniRef100_A0A7U4YTU8, UniRef:UniRef50_N8VCX2, UniRef:UniRef90_N8VCX2
contig_1	cds	60612	62522	+	ECKHAI_0060		Integrase catalytic domain-containing protein	RefSeq:WP_000573060.1, SO:0001217, UniParc:UPI0001859CDC, UniRef:UniRef100_A0AAD1QR52, UniRef:UniRef50_N9QZU6, UniRef:UniRef90_N9QZU6
contig_1	cds	62527	63165	+	ECKHAI_0061		AAA family ATPase	RefSeq:WP_002020149.1, SO:0001217, UniParc:UPI0001F8AE45, UniRef:UniRef100_A0A336BPN6, UniRef:UniRef50_A0A336BPN6, UniRef:UniRef90_A0A336BPN6
contig_1	cds	63540	63911	-	ECKHAI_0062		hypothetical protein	RefSeq:WP_000529372.1, SO:0001217, UniParc:UPI00015A26B6, UniRef:UniRef100_A0AAD1VES8, UniRef:UniRef50_N8RL29, UniRef:UniRef90_N8RL29
contig_1	cds	63984	64283	-	ECKHAI_0063		hypothetical protein	RefSeq:WP_001095005.1, SO:0001217, UniParc:UPI0002BC304C, UniRef:UniRef100_A0A432AHX9, UniRef:UniRef50_N9PE77, UniRef:UniRef90_N9PE77
contig_1	cds	64351	65202	-	ECKHAI_0064	uspA	Universal stress protein A	COG:COG0589, COG:T, RefSeq:WP_000034564.1, SO:0001217, UniParc:UPI0001785BDD, UniRef:UniRef100_A0A649Z4Z5, UniRef:UniRef50_N8ZVD3, UniRef:UniRef90_X2FAJ3
contig_1	cds	65215	66702	-	ECKHAI_0065	sUL1	STAS domain-containing protein	COG:COG0659, COG:P, KEGG:K03321, RefSeq:WP_000953322.1, SO:0001217, UniParc:UPI0001785BDE, UniRef:UniRef100_G5CPI2, UniRef:UniRef50_U2FZX5, UniRef:UniRef90_N8ZPM9
contig_1	cds	66997	68793	-	ECKHAI_0066	tnsE	TnsE C-terminal domain-containing protein	RefSeq:WP_001144964.1, SO:0001217, UniParc:UPI0001785BDF, UniRef:UniRef100_A0AAD1QR42, UniRef:UniRef50_R9AQA7, UniRef:UniRef90_N9QYA9
contig_1	cds	69080	69661	-	ECKHAI_0067		Holin	RefSeq:WP_000370460.1, SO:0001217, UniParc:UPI0001F8AE46, UniRef:UniRef100_A0AAD1QS15, UniRef:UniRef50_A0AAD1QS15, UniRef:UniRef90_A0AAD1QS15
contig_1	cds	69682	70845	-	ECKHAI_0068	finQ	FinQ	RefSeq:WP_000157684.1, SO:0001217, UniParc:UPI0001785B5A, UniRef:UniRef100_A0AAD1QRI2, UniRef:UniRef50_A0A090B850, UniRef:UniRef90_A0A090B850
contig_1	cds	70930	72432	-	ECKHAI_0069		Uncharacterized protein conserved in bacteria	COG:COG4185, COG:R, RefSeq:WP_000192314.1, SO:0001217, UniParc:UPI0001785B5B, UniRef:UniRef100_A0AAD1QRU4, UniRef:UniRef50_A0AAD1QRU4, UniRef:UniRef90_A0AAD1QRU4
contig_1	cds	72433	72660	-	ECKHAI_0070		hypothetical protein	RefSeq:WP_001085038.1, SO:0001217, UniParc:UPI00015A25CB, UniRef:UniRef100_H6VX69, UniRef:UniRef50_A0A142G495, UniRef:UniRef90_A0A142G495
contig_1	cds	72761	73693	+	ECKHAI_0071	xerD	Integrase	COG:COG4974, COG:L, RefSeq:WP_000886984.1, SO:0001217, UniParc:UPI0000F2F605, UniRef:UniRef100_A0AAD1QS25, UniRef:UniRef50_A0AAD1QS25, UniRef:UniRef90_A0AAD1QS25
contig_1	cds	73900	74217	+	ECKHAI_0072		Phage protein	RefSeq:WP_001006517.1, SO:0001217, UniParc:UPI00021B77E0, UniRef:UniRef100_H6VX71, UniRef:UniRef50_H6VX71, UniRef:UniRef90_H6VX71
contig_1	cds	74263	74619	+	ECKHAI_0073		hypothetical protein	RefSeq:WP_000798673.1, SO:0001217, UniParc:UPI0001F8AE49, UniRef:UniRef100_A0AAD1QRK4, UniRef:UniRef50_A0AAD1QRK4, UniRef:UniRef90_A0AAD1QRK4
contig_1	cds	74673	74942	+	ECKHAI_0074		hypothetical protein	RefSeq:WP_000168733.1, SO:0001217, UniParc:UPI0001F8AE4A, UniRef:UniRef100_A0AAD1QS24, UniRef:UniRef50_A0AAD1QS24, UniRef:UniRef90_A0AAD1QS24
contig_1	cds	75254	75964	+	ECKHAI_0075	tnsA	Heteromeric transposase endonuclease subunit TnsA	RefSeq:WP_000736393.1, SO:0001217, UniParc:UPI0001F8AE4B, UniRef:UniRef100_A0AAD1QR14, UniRef:UniRef50_N9PE72, UniRef:UniRef90_N9PE72
contig_1	cds	75965	76399	+	ECKHAI_0076		helix-turn-helix domain-containing protein	SO:0001217, UniRef:UniRef50_A0A429MI81, UniRef:UniRef90_UPI0037BA5122
contig_1	cds	76410	77804	+	ECKHAI_0077		Mu transposase C-terminal domain-containing protein	SO:0001217, UniRef:UniRef50_UPI00374E3968, UniRef:UniRef90_UPI00374E3968
contig_1	cds	77880	78050	+	ECKHAI_0078		Transposase	RefSeq:WP_002011513.1, SO:0001217, UniParc:UPI0001F8AE4D, UniRef:UniRef100_A0AAD1VFY0, UniRef:UniRef50_A0AAD1VFY0, UniRef:UniRef90_A0AAD1VFY0
contig_1	cds	78297	78743	-	ECKHAI_0079	tnp	IS4 family transposase	SO:0001217, UniParc:UPI000165E160, UniRef:UniRef100_E2QBT2, UniRef:UniRef50_N8VRC9, UniRef:UniRef90_N9DBX8
contig_1	cds	78818	79387	-	ECKHAI_0080	tnp	IS4 family ISAba1 transposase	GO:0004803, IS:ISAba1, SO:0001217, UniParc:UPI00004520ED, UniRef:UniRef100_A0A2H4TKL0, UniRef:UniRef50_A0A385ENU1, UniRef:UniRef90_A0A385ENU1
contig_1	cds	79429	80292	+	ECKHAI_0081	sul2	sulfonamide-resistant dihydropteroate synthase Sul2	EC:2.5.1.15, GO:0004156, GO:0009396, KEGG:K18824, NCBIProtein:WP_001043260.1, SO:0001217, UniRef:UniRef50_B3H353, UniRef:UniRef90_A0A6F8QMT4
contig_1	cds	80327	80866	-	ECKHAI_0082		hypothetical protein	
contig_1	cds	81598	82098	-	ECKHAI_0083		Major facilitator superfamily (MFS) profile domain-containing protein	SO:0001217, UniRef:UniRef50_A0A811AS64, UniRef:UniRef90_A0A811AS64
contig_1	cds	82178	82318	+	ECKHAI_0084		hypothetical protein	
contig_1	cds	82459	82857	+	ECKHAI_0085		TetR/AcrR family transcriptional regulator C-terminal domain-containing protein	SO:0001217, UniRef:UniRef50_A0A809T2L6, UniRef:UniRef90_UPI00321AE176
contig_1	cds	82765	83382	-	ECKHAI_0086		hypothetical protein	SO:0001217, UniRef:UniRef50_A0A270LPK6
contig_1	cds	84721	84894	-	ECKHAI_0087		IS91 family transposase	SO:0001217, UniRef:UniRef50_A0A0U2VNF9, UniRef:UniRef90_A0A0U2VNF9
contig_1	cds	85105	85329	-	ECKHAI_0088		Transposase	RefSeq:WP_000743213.1, SO:0001217, UniParc:UPI000018F997, UniRef:UniRef100_A0A6G6AKD7, UniRef:UniRef50_A0A6G6AKD7, UniRef:UniRef90_A0A6G6AKD7
contig_1	cds	85449	86285	-	ECKHAI_0089	aph(6)-Id	aminoglycoside O-phosphotransferase APH(6)-Id	COG:COG3570, COG:V, EC:2.7.1.72, KEGG:K04343, NCBIProtein:WP_000480968.1, RefSeq:WP_000480968.1, SO:0001217, UniParc:UPI0000061CB7, UniRef:UniRef100_Q7ATJ6, UniRef:UniRef50_C5IWK8, UniRef:UniRef90_C5IWK8
contig_1	cds	86285	87088	-	ECKHAI_0090	aph(3'')-Ib	aminoglycoside O-phosphotransferase APH(3'')-Ib	COG:COG3231, COG:J, EC:2.7.1.87, KEGG:K10673, NCBIProtein:WP_001082319.1, RefSeq:WP_001082319.1, SO:0001217, UniParc:UPI0000061CB6, UniRef:UniRef100_Q8GJ11, UniRef:UniRef50_Q8GJ11, UniRef:UniRef90_Q8GJ11
contig_1	cds	87746	89533	-	ECKHAI_0091	tnsE	TnsE C-terminal domain-containing protein	RefSeq:WP_001144971.1, SO:0001217, UniParc:UPI0001785D32, UniRef:UniRef100_A0AAD1QQH1, UniRef:UniRef50_R9AQA7, UniRef:UniRef90_A0AAQ0VKB8
contig_1	cds	89743	90147	+	ECKHAI_0092		hypothetical protein	RefSeq:WP_000386247.1, SO:0001217, UniParc:UPI00026E1F51, UniRef:UniRef100_A0AAD1VFT9, UniRef:UniRef50_A0AAD1VFT9, UniRef:UniRef90_A0AAD1VFT9
contig_1	cds	90196	90579	-	ECKHAI_0093		hypothetical protein	RefSeq:WP_000355854.1, SO:0001217, UniParc:UPI00026E1F50, UniRef:UniRef100_A0AAD1VGM6, UniRef:UniRef50_A0AAD1VGM6, UniRef:UniRef90_A0AAD1VGM6
contig_1	cds	90600	92861	-	ECKHAI_0094	rPB9	DNA topoisomerase	COG:COG1594, COG:K, EC:5.6.2.1, KEGG:K03168, RefSeq:WP_000131185.1, SO:0001217, UniParc:UPI0001785D31, UniRef:UniRef100_A0A6B7HD47, UniRef:UniRef50_A0A6B7HD47, UniRef:UniRef90_A0A6B7HD47
contig_1	cds	93035	94138	+	ECKHAI_0095		hypothetical protein	RefSeq:WP_001101323.1, SO:0001217, UniParc:UPI0001785D30, UniRef:UniRef100_A0AAD1QQ60, UniRef:UniRef50_A0AAD1QQ60, UniRef:UniRef90_A0AAD1QQ60
contig_1	cds	94454	95365	+	ECKHAI_0096		hypothetical protein	RefSeq:WP_002015149.1, SO:0001217, UniParc:UPI00026E1F4D, UniRef:UniRef100_A0AAD1QQ07, UniRef:UniRef50_A0A8B5UGX1, UniRef:UniRef90_A0A8B5UGX1
contig_1	cds	95397	95732	-	ECKHAI_0097		hypothetical protein	RefSeq:WP_000038505.1, SO:0001217, UniParc:UPI00026E1F4C, UniRef:UniRef100_A0AAD1QQF3, UniRef:UniRef50_A0A833PIR9, UniRef:UniRef90_A0AAD1QQF3
contig_1	cds	95773	95976	-	ECKHAI_0098		hypothetical protein	RefSeq:WP_000473709.1, SO:0001217, UniParc:UPI00027893DD, UniRef:UniRef100_A0AAD1QRG5, UniRef:UniRef50_A0AAD1QRG5, UniRef:UniRef90_A0AAD1QRG5
contig_1	cds	96032	96361	-	ECKHAI_0099		DUF1456 domain-containing protein	RefSeq:WP_000420425.1, SO:0001217, UniParc:UPI00026E1F4A, UniRef:UniRef100_A0AAD1QQE3, UniRef:UniRef50_A0AAD1QQE3, UniRef:UniRef90_A0AAD1QQE3
contig_1	cds	96342	97169	-	ECKHAI_0100	trbN	Conjugal transfer protein TrbN	RefSeq:WP_000941930.1, SO:0001217, UniParc:UPI0001785D17, UniRef:UniRef100_A0AAD1VHH2, UniRef:UniRef50_A0AAN9JEW6, UniRef:UniRef90_A0AAD1VHH2
contig_1	cds	97156	97887	-	ECKHAI_0101		hypothetical protein	RefSeq:WP_000913724.1, SO:0001217, UniParc:UPI0001785D16, UniRef:UniRef100_A0AAD1VGP9, UniRef:UniRef50_A0AAD1VGP9, UniRef:UniRef90_A0AAD1VGP9
contig_1	cds	97999	98220	+	ECKHAI_0102		hypothetical protein	SO:0001217, UniParc:UPI0002B99DE4, UniRef:UniRef100_A0AAD1QRD4, UniRef:UniRef50_A0AAD1QRD4, UniRef:UniRef90_A0AAD1QRD4
contig_1	cds	98231	98725	+	ECKHAI_0103		hypothetical protein	RefSeq:WP_001090439.1, SO:0001217, UniParc:UPI00026E1F49, UniRef:UniRef100_A0AAD1QR53, UniRef:UniRef50_A0AAD1QR53, UniRef:UniRef90_A0AAD1QR53
contig_1	cds	98805	99230	+	ECKHAI_0104		hypothetical protein	RefSeq:WP_000504197.1, SO:0001217, UniParc:UPI00026E1F48, UniRef:UniRef100_A0AAD1VFW7, UniRef:UniRef50_A0AAD1VFW7, UniRef:UniRef90_A0AAD1VFW7
contig_1	cds	99351	101201	+	ECKHAI_0105		DNA primase	COG:COG4643, COG:X, RefSeq:WP_002025304.1, SO:0001217, UniParc:UPI00029E4F37, UniRef:UniRef100_A0A1E3M5P0, UniRef:UniRef50_A0A1E3M5P0, UniRef:UniRef90_A0A1E3M5P0
contig_1	cds	101216	101563	-	ECKHAI_0106		Holin	RefSeq:WP_001024496.1, SO:0001217, UniParc:UPI0002BBBB32, UniRef:UniRef100_A0A1E3M5J6, UniRef:UniRef50_A0AAD1QQI6, UniRef:UniRef90_A0A1E3M5J6
contig_1	cds	101591	101842	-	ECKHAI_0107		hypothetical protein	RefSeq:WP_001046277.1, SO:0001217, UniParc:UPI00026E1F45, UniRef:UniRef100_A0AAD1VFU8, UniRef:UniRef50_A0A7U4X852, UniRef:UniRef90_A0AAD1VFU8
contig_1	cds	102068	102487	+	ECKHAI_0108		hypothetical protein	RefSeq:WP_117345912.1, SO:0001217, UniParc:UPI000B7BB777, UniRef:UniRef100_UPI000B7BB777, UniRef:UniRef50_A0A7Z7AKF7, UniRef:UniRef90_A0A7Z7AKF7
contig_1	cds	102529	103233	+	ECKHAI_0109	tnp	IS6 family IS1008 transposase	GO:0004803, IS:IS1008, RefSeq:WP_001067790.1, SO:0001217, UniParc:UPI00000BF221, UniRef:UniRef100_A0A2S2F8Y4, UniRef:UniRef50_Q6SJ60, UniRef:UniRef90_V2VH75
contig_1	cds	103418	104530	-	ECKHAI_0110		S-(hydroxymethyl)glutathione dehydrogenase/class III alcohol dehydrogenase	GO:0004022, GO:0008270, GO:0051903, RefSeq:WP_000842132.1, SO:0001217, UniParc:UPI00026E1F44, UniRef:UniRef100_A0AAD1QQW5, UniRef:UniRef50_P25437, UniRef:UniRef90_N8ZMK7
contig_1	cds	104552	104827	-	ECKHAI_0111	frmR	Transcriptional repressor frmR	KEGG:K23239, RefSeq:WP_001133625.1, SO:0001217, UniParc:UPI0001BBADAC, UniRef:UniRef100_A0AAD1VI17, UniRef:UniRef50_Q6FB54, UniRef:UniRef90_V2UED0
contig_1	cds	105032	105964	-	ECKHAI_0112	tnp	IS5 family ISAha2 transposase	GO:0004803, IS:ISAha2, RefSeq:WP_001040037.1, SO:0001217, UniParc:UPI00029B3170, UniRef:UniRef100_N9DKB7, UniRef:UniRef50_N9NAD0, UniRef:UniRef90_V2UDQ7
contig_1	cds	106006	106242	+	ECKHAI_0113		hypothetical protein	
contig_1	cds	106239	106385	+	ECKHAI_0114		ABC transporter substrate-binding protein PnrA-like domain-containing protein	RefSeq:WP_005071498.1, SO:0001217, UniParc:UPI0002CDA053, UniRef:UniRef100_A0A1S2FMM9, UniRef:UniRef50_D4XKB9, UniRef:UniRef90_D4XKB9
contig_1	cds	106389	106919	-	ECKHAI_0115	tnp	IS5 family ISAba37 transposase ORF B	GO:0004803, IS:ISAba37, SO:0001217, UniParc:UPI00029E90E7, UniRef:UniRef100_A0A009SFC7, UniRef:UniRef50_W1MXH8, UniRef:UniRef90_A0A009SFC7
contig_1	cds	106858	107190	-	ECKHAI_0116	tnp	IS5 family ISAba37 transposase ORF A	IS:ISAba37, SO:0001217, UniParc:UPI0002D1121D, UniRef:UniRef100_A0A142G4G0, UniRef:UniRef50_C8N7V2, UniRef:UniRef90_A0A1H3MSV3
contig_1	cds	107420	107593	+	ECKHAI_0117		ABC transporter substrate-binding protein PnrA-like domain-containing protein	SO:0001217, UniParc:UPI00029E622B, UniRef:UniRef100_A0A1S2FMM9, UniRef:UniRef50_D4XKB9, UniRef:UniRef90_D4XKB9
contig_1	cds	107581	108081	+	ECKHAI_0118		ABC transporter substrate-binding protein PnrA-like domain-containing protein	KEGG:K07335, SO:0001217, UniParc:UPI00029E9397, UniRef:UniRef100_A0A009STC8, UniRef:UniRef50_D4XKB8, UniRef:UniRef90_D4XKB8
contig_1	cds	108131	108436	+	ECKHAI_0119	tnp	IS3 family ISAba14 transposase ORF A	IS:ISAba14, SO:0001217, UniParc:UPI0002CF14BD, UniRef:UniRef100_A0A142G4G1, UniRef:UniRef50_A0A1V0BF59, UniRef:UniRef90_V2VPB3
contig_1	cds	108571	109050	+	ECKHAI_0120		Integrase catalytic domain-containing protein	SO:0001217, UniRef:UniRef50_N8VT81, UniRef:UniRef90_N8VT81
contig_1	cds	109069	109773	-	ECKHAI_0121	tnp	IS6 family IS1007 transposase	GO:0004803, IS:IS1007, RefSeq:WP_001067793.1, SO:0001217, UniParc:UPI00000B68BD, UniRef:UniRef100_A0A1R7QAD9, UniRef:UniRef50_A0A3G8EV07, UniRef:UniRef90_N9FXY6
contig_1	cds	109852	110229	+	ECKHAI_0122		Resolvase/invertase-type recombinase catalytic domain-containing protein	KEGG:K14060, SO:0001217, UniParc:UPI0002D00548, UniRef:UniRef100_N8RL83, UniRef:UniRef50_V2VH63, UniRef:UniRef90_N9MF32
contig_1	cds	110606	111994	-	ECKHAI_0123		hypothetical protein	RefSeq:WP_000073963.1, SO:0001217, UniParc:UPI00029E5F6E, UniRef:UniRef100_A0AAD1QQL0, UniRef:UniRef50_N9LUC2, UniRef:UniRef90_R9B9S7
contig_1	cds	111987	113663	-	ECKHAI_0124		DEAD/DEAH box helicase	SO:0001217, UniRef:UniRef50_UPI001250017C
contig_1	cds	113663	114688	-	ECKHAI_0125		hypothetical protein	
contig_1	cds	114715	117033	-	ECKHAI_0126		nuclease-related domain-containing protein	SO:0001217, UniRef:UniRef50_UPI0020777053
contig_1	cds	117704	119158	-	ECKHAI_0127		STAS domain-containing protein	KEGG:K03321, RefSeq:WP_000950632.1, SO:0001217, UniParc:UPI0002BB1DE1, UniRef:UniRef100_A0A6B7HEQ9, UniRef:UniRef50_N8YCY0, UniRef:UniRef90_N8YCY0
contig_1	cds	119269	119973	+	ECKHAI_0128	tnp	IS6 family IS1007 transposase	GO:0004803, IS:IS1007, RefSeq:WP_001067794.1, SO:0001217, UniParc:UPI00018181D4, UniRef:UniRef100_A0A4S2I3B9, UniRef:UniRef50_A0A3G8EV07, UniRef:UniRef90_N9FXY6
contig_1	cds	120161	120496	+	ECKHAI_0129		PPM-type phosphatase domain-containing protein	SO:0001217, UniRef:UniRef50_A0A142G4I7, UniRef:UniRef90_A0A142G4I7
contig_1	cds	120589	122628	-	ECKHAI_0130	brxL	BREX system Lon protease-like protein BrxL	GO:0004176, GO:0030163, RefSeq:WP_000443162.1, SO:0001217, UniParc:UPI00029E7ED8, UniRef:UniRef100_A0AAD1QR46, UniRef:UniRef50_P0DUG1, UniRef:UniRef90_A0A7H8SL14
contig_1	cds	122658	125282	-	ECKHAI_0131	pglZ	BREX-1 system phosphatase PglZ type A	GO:0003824, RefSeq:WP_001052669.1, SO:0001217, UniParc:UPI00029DE737, UniRef:UniRef100_A0AAD1QQ55, UniRef:UniRef50_A0A7X5ANV9, UniRef:UniRef90_V2U9M3
contig_1	cds	125326	128793	-	ECKHAI_0132	pglX	BREX-1 system adenine-specific DNA-methyltransferase PglX	EC:2.1.1.72, GO:0003677, GO:0008170, RefSeq:WP_001097757.1, SO:0001217, UniParc:UPI00029E757B, UniRef:UniRef100_A0AAD1VGK3, UniRef:UniRef50_Q5P0S4, UniRef:UniRef90_V2UDA3
contig_1	cds	128840	132520	-	ECKHAI_0133		ATPase	RefSeq:WP_001021842.1, SO:0001217, UniParc:UPI00029E94B0, UniRef:UniRef100_A0AAD1VHR1, UniRef:UniRef50_V2UEB8, UniRef:UniRef90_V2UEB8
contig_1	cds	132561	133166	-	ECKHAI_0134		DUF1788 domain-containing protein	SO:0001217, UniParc:UPI00029E8252, UniRef:UniRef100_V2VH55, UniRef:UniRef50_N9M8Y5, UniRef:UniRef90_N9M8Y5
contig_1	cds	133154	133765	-	ECKHAI_0135		Inner membrane protein	RefSeq:WP_000892996.1, SO:0001217, UniParc:UPI00029E8977, UniRef:UniRef100_A0AAD1QQZ6, UniRef:UniRef50_I3I9N4, UniRef:UniRef90_V2TXT5
contig_1	cds	133776	134642	-	ECKHAI_0136		WYL domain-containing protein	RefSeq:WP_000205587.1, SO:0001217, UniParc:UPI0002BBE374, UniRef:UniRef100_A0AAD1QR80, UniRef:UniRef50_V2U9M1, UniRef:UniRef90_V2U9M1
contig_1	cds	134851	135180	+	ECKHAI_0137		DUF4236 domain-containing protein	RefSeq:WP_000506885.1, SO:0001217, UniParc:UPI0001BBAE74, UniRef:UniRef100_A0AAD1QQA5, UniRef:UniRef50_V2UD99, UniRef:UniRef90_V2UD99
contig_1	cds	135452	136684	-	ECKHAI_0138		AAA domain-containing protein	KEGG:K07133, RefSeq:WP_001255535.1, SO:0001217, UniParc:UPI00029E139E, UniRef:UniRef100_A0AAD1QQD4, UniRef:UniRef50_V2UEB5, UniRef:UniRef90_V2UEB5
contig_1	cds	136942	137391	-	ECKHAI_0139		IS3 family transposase	GO:0004803, SO:0001217, UniParc:UPI00029E3BEC, UniRef:UniRef100_A0AAD1VE86, UniRef:UniRef50_A0A2H5FM26, UniRef:UniRef90_A0A009S251
contig_1	cds	137496	138365	+	ECKHAI_0140	tnp	IS5 family ISAba12 transposase	GO:0004803, SO:0001217, UniParc:UPI0002CFE0BB, UniRef:UniRef100_A0A2S2F8Q3, UniRef:UniRef50_N9NAD0, UniRef:UniRef90_N9NAD0
contig_1	cds	139044	139364	+	ECKHAI_0141		Toxin HigB-2	RefSeq:WP_000897311.1, SO:0001217, UniParc:UPI00029E7074, UniRef:UniRef100_A0AAD1QPT3, UniRef:UniRef50_V2VNE3, UniRef:UniRef90_V2VNE3
contig_1	cds	139357	139629	+	ECKHAI_0142	nadS	NadS family protein	RefSeq:WP_000369784.1, SO:0001217, UniParc:UPI00029EAE1C, UniRef:UniRef100_A0AAD1VGK7, UniRef:UniRef50_N8ZVX3, UniRef:UniRef90_N8ZVX3
contig_1	cds	139662	140462	+	ECKHAI_0143		DUF2971 domain-containing protein	RefSeq:WP_000604996.1, SO:0001217, UniParc:UPI00029E59A3, UniRef:UniRef100_A0AAD1VHD1, UniRef:UniRef50_A0A241V786, UniRef:UniRef90_A0AAD1VHD1
contig_1	cds	140565	140888	+	ECKHAI_0144	tnp	IS3 family ISAba14 transposase ORF A	IS:ISAba14, SO:0001217, UniParc:UPI00029E7D00, UniRef:UniRef100_A0AAD1QR38, UniRef:UniRef50_A0A1V0BF59, UniRef:UniRef90_V2VPB3
contig_1	cds	140970	141182	+	ECKHAI_0145		hypothetical protein	RefSeq:WP_001123161.1, SO:0001217, UniParc:UPI00029E659A, UniRef:UniRef100_A0A5P1I6W7, UniRef:UniRef50_A0A5P1I6W7, UniRef:UniRef90_A0A5P1I6W7
contig_1	cds	141663	142364	-	ECKHAI_0146		(pseudo) HTH lysR-type domain-containing protein	SO:0001217, UniRef:UniRef50_T2N235, UniRef:UniRef90_N8WE06
contig_1	cds	142361	143368	-	ECKHAI_0147		Phosphonate dehydrogenase	RefSeq:WP_005071472.1, SO:0001217, UniParc:UPI0001B1202E, UniRef:UniRef100_A0AAW6TK47, UniRef:UniRef50_I1XM72, UniRef:UniRef90_N8WIV6
contig_1	cds	143410	144207	-	ECKHAI_0148	phnE	phosphonate ABC transporter, permease protein PhnE	EC:7.3.2.2, GO:0005886, GO:0015416, GO:0015716, GO:0055052, KEGG:K02042, RefSeq:WP_004757464.1, SO:0001217, UniParc:UPI0001B1202F, UniRef:UniRef100_A0A2S2F8Y1, UniRef:UniRef50_O69053, UniRef:UniRef90_A0A2S2F8Y1
contig_1	cds	144226	145098	-	ECKHAI_0149		Phosphate/phosphite/phosphonate ABC transporter, periplasmic binding protein	KEGG:K02044, RefSeq:WP_005071474.1, SO:0001217, UniParc:UPI00029DE4BD, UniRef:UniRef100_A0AAX0TLW7, UniRef:UniRef50_A3PDP9, UniRef:UniRef90_N8VK39
contig_1	cds	145166	145897	-	ECKHAI_0150	phnC	phosphonate ABC transporter ATP-binding protein	EC:7.3.2.2, GO:0005524, GO:0015416, GO:0015716, GO:0016020, RefSeq:WP_004757460.1, SO:0001217, UniParc:UPI0001B12031, UniRef:UniRef100_N8VEM7, UniRef:UniRef50_Q3AKM8, UniRef:UniRef90_A0A022IXN6
contig_1	cds	146490	146705	+	ECKHAI_0151		hypothetical protein	
contig_1	cds	146918	147787	+	ECKHAI_0152	tnp	IS5 family ISAba12 transposase	GO:0004803, IS:ISAba12, SO:0001217, UniParc:UPI0002CE1BA7, UniRef:UniRef100_A0A0M3RKZ0, UniRef:UniRef50_N9NAD0, UniRef:UniRef90_N9NAD0
contig_1	cds	148068	148280	+	ECKHAI_0153	orfB	IS3 family element, transposase OrfB family protein	SO:0001217, UniParc:UPI0002EEF10C, UniRef:UniRef100_A0A1E8E353, UniRef:UniRef50_N8UJV2, UniRef:UniRef90_D0SB89
contig_1	cds	148820	149467	-	ECKHAI_0154		protein adenylyltransferase	RefSeq:WP_000464611.1, SO:0001217, UniParc:UPI00029E3134, UniRef:UniRef100_A0A1W5VPS5, UniRef:UniRef50_A0A1Y3C7X8, UniRef:UniRef90_A0A009Z1M6
contig_1	cds	149470	149655	-	ECKHAI_0155	vbhA	Antitoxin VbhA domain-containing protein	RefSeq:WP_000755725.1, SO:0001217, UniParc:UPI00029E6EA4, UniRef:UniRef100_A0A1W5VPT8, UniRef:UniRef50_A0A1Y3C5Z2, UniRef:UniRef90_A0A075M9A5
contig_1	cds	150181	150897	-	ECKHAI_0156		HNH domain-containing protein	SO:0001217, UniRef:UniRef50_A0A0A3W3Q9, UniRef:UniRef90_A0A0A3W3Q9
contig_1	cds	150840	151160	-	ECKHAI_0157		hypothetical protein	SO:0001217, UniParc:UPI00029E2971, UniRef:UniRef100_A0AAX0TPW2, UniRef:UniRef50_A0AAX0TPW2, UniRef:UniRef90_A0AAX0TPW2
contig_1	cds	151266	151928	-	ECKHAI_0158	tnp	IS3 family transposase	GO:0004803, SO:0001217, UniParc:UPI0018DA6D22, UniRef:UniRef100_N9D581, UniRef:UniRef50_A0A5P1I6U9, UniRef:UniRef90_A0A5P1I6U9
contig_1	cds	152093	152308	-	ECKHAI_0159	tnpC	Transposase TnpC homeodomain domain-containing protein	SO:0001217, UniParc:UPI00039B80C0, UniRef:UniRef100_A0A5P1I6Y9, UniRef:UniRef50_A0A1G5ZYV9, UniRef:UniRef90_N8YWZ8
contig_1	cds	152392	153000	-	ECKHAI_0160		Resolvase/invertase-type recombinase catalytic domain-containing protein	KEGG:K14060, RefSeq:WP_004726718.1, SO:0001217, UniParc:UPI0002AE8F25, UniRef:UniRef100_V2UD68, UniRef:UniRef50_A0A0A8VCS4, UniRef:UniRef90_V2UD68
contig_1	cds	153095	156061	+	ECKHAI_0161		Tn3-like element ISAcsp1 family transposase	BlastRules:WP_004726714, GO:0004803, RefSeq:WP_004726714.1, SO:0001217, UniParc:UPI00029CAC35, UniRef:UniRef100_N8VQZ7, UniRef:UniRef50_P06694, UniRef:UniRef90_N8VQZ7
contig_1	cds	156327	156746	-	ECKHAI_0162		Thioesterase domain-containing protein	RefSeq:WP_000029507.1, SO:0001217, UniParc:UPI000235E25E, UniRef:UniRef100_V2VH24, UniRef:UniRef50_V2VH24, UniRef:UniRef90_V2VH24
contig_1	cds	156748	157212	-	ECKHAI_0163		Thioesterase domain-containing protein	RefSeq:WP_000378064.1, SO:0001217, UniParc:UPI000235E25F, UniRef:UniRef100_V2UE89, UniRef:UniRef50_V2UE89, UniRef:UniRef90_V2UE89
contig_1	cds	157269	158240	-	ECKHAI_0164		Butirosin biosynthesis protein H N-terminal domain-containing protein	RefSeq:WP_000186299.1, SO:0001217, UniParc:UPI000235E260, UniRef:UniRef100_V2UD72, UniRef:UniRef50_E1VKH8, UniRef:UniRef90_V2UD72
contig_1	cds	158237	158863	-	ECKHAI_0165		HTH tetR-type domain-containing protein	RefSeq:WP_000952904.1, SO:0001217, UniParc:UPI000235E261, UniRef:UniRef100_V2U9K3, UniRef:UniRef50_V2U9K3, UniRef:UniRef90_V2U9K3
contig_1	cds	158947	159816	-	ECKHAI_0166		Metal-dependent hydrolase	KEGG:K07044, RefSeq:WP_000149466.1, SO:0001217, UniParc:UPI000235E262, UniRef:UniRef100_V2TXQ4, UniRef:UniRef50_A0A2T5ISA1, UniRef:UniRef90_V2TXQ4
contig_1	cds	160473	160703	+	ECKHAI_0167		Transposase IS4-like domain-containing protein	RefSeq:WP_004656998.1, SO:0001217, UniParc:UPI000235E264, UniRef:UniRef100_V2VH27, UniRef:UniRef50_V2VH27, UniRef:UniRef90_V2VH27
contig_1	cds	160742	161956	-	ECKHAI_0168		Ferredoxin reductase	RefSeq:WP_001193555.1, SO:0001217, UniParc:UPI000235E265, UniRef:UniRef100_V2UE91, UniRef:UniRef50_V2UE91, UniRef:UniRef90_V2UE91
contig_1	cds	162043	163434	-	ECKHAI_0169		Unspecific monooxygenase domain protein	RefSeq:WP_117345914.1, SO:0001217, UniParc:UPI000B7BE6EC, UniRef:UniRef100_UPI000B7BE6EC, UniRef:UniRef50_B8KH72, UniRef:UniRef90_K8ZRU7
contig_1	cds	163484	163804	-	ECKHAI_0170		2Fe-2S iron-sulfur cluster-binding domain protein	RefSeq:WP_004658513.1, SO:0001217, UniParc:UPI0000E46743, UniRef:UniRef100_A0A022IXT3, UniRef:UniRef50_K9A548, UniRef:UniRef90_K9A548
contig_1	cds	164021	165100	+	ECKHAI_0171		HTH araC/xylS-type domain-containing protein	RefSeq:WP_005071493.1, SO:0001217, UniParc:UPI00029E61C0, UniRef:UniRef100_A0AAX0TR97, UniRef:UniRef50_V2TXQ8, UniRef:UniRef90_V2TXQ8
contig_1	cds	165341	165604	-	ECKHAI_0172		Resolvase/invertase-type recombinase catalytic domain-containing protein	KEGG:K14060, SO:0001217, UniParc:UPI0002CEAC98, UniRef:UniRef100_L9M5J9, UniRef:UniRef50_A0A0A8VCS4, UniRef:UniRef90_V2UD68
contig_1	cds	166248	166952	+	ECKHAI_0173	tnp	IS6 family IS1008 transposase	GO:0004803, IS:IS1008, RefSeq:WP_001067790.1, SO:0001217, UniParc:UPI00000BF221, UniRef:UniRef100_A0A2S2F8Y4, UniRef:UniRef50_Q6SJ60, UniRef:UniRef90_V2VH75
contig_1	cds	166992	167867	+	ECKHAI_0174	stbB	Plasmid partitioning and stability protein StbB	KEGG:K18640, RefSeq:WP_228199926.1, SO:0001217, UniParc:UPI001D17F66C, UniRef:UniRef100_UPI001D17F66C, UniRef:UniRef50_A0AAD1QM93, UniRef:UniRef90_A0AAD1QM93
contig_1	cds	167881	168630	+	ECKHAI_0175		hypothetical protein	RefSeq:WP_001135704.1, SO:0001217, UniParc:UPI0001785CEC, UniRef:UniRef100_A0AAD1QMF5, UniRef:UniRef50_A0A1Y1P8P2, UniRef:UniRef90_A0A1Y1P8P2
contig_1	cds	168649	170019	+	ECKHAI_0176		hypothetical protein	KEGG:K12218, PFAM:PF23127.1, RefSeq:WP_000069415.1, SO:0001217, UniParc:UPI0001785CEB, UniRef:UniRef100_A0AAD1QME8, UniRef:UniRef50_A0A090C2M0, UniRef:UniRef90_A0A090C2M0
contig_1	cds	170101	170418	+	ECKHAI_0177		(3' truncated) hypothetical protein	
