# Annotated with Bakta
# Software: v1.10.3
# Database: v5.1, full
# DOI: 10.1099/mgen.0.000685
# URL: github.com/oschwengers/bakta
#Sequence Id	Type	Start	Stop	Strand	Locus Tag	Gene	Product	DbXrefs
contig_1	cds	3	284	+	OHJGIL_001		(5' truncated) transposase	SO:0001217, UniRef:UniRef50_N9KET8, UniRef:UniRef90_UPI0004F5256E
contig_1	cds	364	573	-	OHJGIL_002		hypothetical protein	RefSeq:WP_000069475.1, SO:0001217, UniParc:UPI00028CDB97, UniRef:UniRef100_A0A1S2G5J0, UniRef:UniRef50_V2UXF2, UniRef:UniRef90_A0A1S2G5J0
contig_1	cds	566	868	-	OHJGIL_003		HTH cro/C1-type domain-containing protein	RefSeq:WP_001129974.1, SO:0001217, UniParc:UPI00004E1A17, UniRef:UniRef100_Q5DQT4, UniRef:UniRef50_N8R4X2, UniRef:UniRef90_N9NT13
contig_1	cds	861	1217	-	OHJGIL_004		Diaminopimelate decarboxylase	RefSeq:WP_000269904.1, SO:0001217, UniParc:UPI00004E1A16, UniRef:UniRef100_Q5DQT5, UniRef:UniRef50_C6DDP0, UniRef:UniRef90_N9MX24
contig_1	cds	1745	2062	-	OHJGIL_005		DNA-binding protein	RefSeq:WP_000900860.1, SO:0001217, UniParc:UPI0001CF7CAF, UniRef:UniRef100_K9CCB1, UniRef:UniRef50_N8X147, UniRef:UniRef90_A0A5P3MM15
contig_1	cds	2399	2944	-	OHJGIL_006		DNA-binding protein	RefSeq:WP_000736775.1, SO:0001217, UniParc:UPI00026E1DAF, UniRef:UniRef100_A0A1L5MYG6, UniRef:UniRef50_N8VCJ0, UniRef:UniRef90_N8SET7
contig_1	cds	3012	3935	-	OHJGIL_007	repM	replication initiation protein RepM	GO:0003887, GO:0006270, RefSeq:WP_000845851.1, SO:0001217, UniParc:UPI0001E3F4FD, UniRef:UniRef100_E0YCL0, UniRef:UniRef50_N9S1Y6, UniRef:UniRef90_N9QY70
contig_1	oriV	3990	4617	?			origin of replication	
contig_1	cds	5280	5495	+	OHJGIL_008	dksA	DksA C4-type domain-containing protein	SO:0001217, UniParc:UPI000165F732, UniRef:UniRef100_A0A125S0T5, UniRef:UniRef50_A0A241WCY8, UniRef:UniRef90_N8SD62
contig_1	cds	5550	6923	-	OHJGIL_009	tnp	ISNCY family ISAjo2 transposase	GO:0004803, IS:ISAjo2, SO:0001217, UniParc:UPI000A094C4C, UniRef:UniRef100_A0A1W5XGB5, UniRef:UniRef50_A9MMW6, UniRef:UniRef90_N8XZ74
contig_1	cds	7056	9701	-	OHJGIL_010		ATP-binding protein	RefSeq:WP_044099306.1, SO:0001217, UniParc:UPI0005C53A4C, UniRef:UniRef100_UPI0004507F6F, UniRef:UniRef50_A0A1Y3C9B7, UniRef:UniRef90_UPI001CD2AC3D
contig_1	cds	9912	11285	+	OHJGIL_011	tnp	ISNCY family ISAjo2 transposase	GO:0004803, IS:ISAjo2, SO:0001217, UniParc:UPI000A094C4C, UniRef:UniRef100_A0A1W5XGB5, UniRef:UniRef50_A9MMW6, UniRef:UniRef90_N8XZ74
contig_1	cds	11355	11822	+	OHJGIL_012		DUF1643 domain-containing protein	RefSeq:WP_079393076.1, SO:0001217, UniParc:UPI0009A41E6A, UniRef:UniRef100_A0A2I8CY56, UniRef:UniRef50_A0A1B7K0E4, UniRef:UniRef90_N9QMK5
contig_1	cds	11920	13293	+	OHJGIL_013	tnp	ISNCY family ISAjo2 transposase	GO:0004803, IS:ISAjo2, SO:0001217, UniParc:UPI000A094C4C, UniRef:UniRef100_A0A1W5XGB5, UniRef:UniRef50_A9MMW6, UniRef:UniRef90_N8XZ74
contig_1	cds	13427	13939	-	OHJGIL_014		Knr4/Smi1-like domain-containing protein	RefSeq:WP_001089574.1, SO:0001217, UniParc:UPI0002B9798D, UniRef:UniRef100_A0A241Y365, UniRef:UniRef50_A0A062HH10, UniRef:UniRef90_A0A062HH10
contig_1	cds	13978	14520	-	OHJGIL_015		Sel1 repeat family protein	SO:0001217, UniRef:UniRef50_A0A0E1FP32, UniRef:UniRef90_N8WR53
contig_1	cds	14637	15083	-	OHJGIL_016	tnp	IS4 family transposase	GO:0004803, SO:0001217, UniParc:UPI000165E160, UniRef:UniRef100_B0V4A7, UniRef:UniRef50_N9KET0, UniRef:UniRef90_A3R4L4
contig_1	cds	15158	15727	-	OHJGIL_017	tnp	IS4 family ISAba1 transposase	GO:0004803, IS:ISAba1, SO:0001217, UniParc:UPI00004520ED, UniRef:UniRef100_A0A2H4TKL0, UniRef:UniRef50_A0A385ENU1, UniRef:UniRef90_A0A385ENU1
contig_1	cds	15861	16715	-	OHJGIL_018	blaOXA	OXA-134 family carbapenem-hydrolyzing class D beta-lactamase	EC:3.5.2.6, GO:0008658, NCBIProtein:WP_000854009.1, SO:0001217, UniRef:UniRef50_G9JKW0, UniRef:UniRef90_H9ZJK0
contig_1	cds	16777	17346	+	OHJGIL_019	tnp	IS4 family ISAba1 transposase	GO:0004803, IS:ISAba1, SO:0001217, UniParc:UPI00004520ED, UniRef:UniRef100_A0A2H4TKL0, UniRef:UniRef50_A0A385ENU1, UniRef:UniRef90_A0A385ENU1
contig_1	cds	17421	17582	+	OHJGIL_020		(3' truncated) hypothetical protein	
